# Blender 4.3.2
# www.blender.org
mtllib player.mtl
o Cube
v 0.798791 -1.374031 0.367066
v 0.732883 1.096427 0.302014
v -0.725223 -1.372251 0.353259
v -0.634358 1.113394 0.297429
v 0.803535 -1.371915 -0.834601
v 0.739875 1.083815 -0.684237
v -0.795735 -1.345889 -0.855098
v -0.625139 1.107340 -0.701378
v 0.065518 -1.531477 0.506783
v 0.063646 1.390454 0.438906
v 0.075583 -1.527608 -0.962990
v 0.071284 1.374517 -0.836543
v 0.303689 -1.520456 0.503024
v 0.516827 -1.490075 0.480309
v 0.690761 -1.436552 0.430395
v 0.837113 -1.206656 0.447315
v 0.916815 -0.651926 0.494196
v 0.868646 -0.098440 0.437328
v -0.145698 1.363708 0.434988
v -0.346771 1.304563 0.411070
v -0.523893 1.216441 0.354908
v -0.781850 -0.084958 0.419174
v -0.850769 -0.622186 0.467837
v -0.799472 -1.187769 0.428190
v -0.803177 -1.413101 -0.625005
v -0.796278 -1.448933 -0.255396
v -0.758549 -1.429513 0.120688
v -0.659570 1.209525 0.101587
v -0.674440 1.257143 -0.197592
v -0.656263 1.207954 -0.493992
v -0.770232 -0.086167 -0.811162
v -0.835936 -0.618907 -0.923305
v -0.839737 -1.167994 -0.924911
v -0.184291 -1.519784 -0.966681
v -0.454749 -1.482808 -0.962800
v -0.674880 -1.417215 -0.922377
v 0.288984 1.340329 -0.829001
v 0.483739 1.278905 -0.802232
v 0.643942 1.186599 -0.748631
v 0.838868 -0.090900 -0.796043
v 0.835369 -0.643510 -0.902631
v 0.821921 -1.202240 -0.902430
v 0.847606 -1.427139 0.135213
v 0.878402 -1.451790 -0.238494
v 0.848498 -1.426617 -0.606704
v 0.763951 1.181435 -0.481456
v 0.775015 1.230480 -0.186285
v 0.759376 1.184479 0.112519
v -0.602357 -1.442502 0.419278
v -0.409621 -1.500004 0.472446
v -0.179702 -1.526884 0.499111
v 0.631412 1.195102 0.356997
v 0.472329 1.287240 0.410004
v 0.281770 1.357390 0.430308
v 0.700037 -1.435442 -0.904295
v 0.527767 -1.488796 -0.951550
v 0.315073 -1.517263 -0.962567
v -0.514592 1.211189 -0.759523
v -0.337300 1.299264 -0.808736
v -0.136939 1.352041 -0.832309
v 0.063032 1.562137 0.153579
v 0.066622 1.621885 -0.197206
v 0.068502 1.562006 -0.547922
v 0.074061 -1.701238 -0.619634
v 0.074461 -1.757619 -0.251475
v 0.068799 -1.702833 0.160614
v 0.077100 0.059979 -1.098145
v 0.078197 -0.573592 -1.227118
v 0.077221 -1.264045 -1.189877
v 0.062737 0.062693 0.723489
v 0.062034 -0.577908 0.810143
v 0.063622 -1.269571 0.726397
v -0.183235 -1.265930 0.716478
v -0.193875 -0.579356 0.798533
v -0.185757 0.054687 0.713378
v -0.423717 -1.248093 0.678318
v -0.459469 -0.587137 0.753929
v -0.425328 0.019814 0.675053
v -0.642076 -1.212983 0.590872
v -0.688612 -0.608386 0.653336
v -0.627889 -0.045692 0.586730
v -0.889381 -1.194985 0.139784
v -0.950014 -0.603383 0.164235
v -0.885278 -0.046103 0.145139
v -0.935624 -1.196473 -0.258457
v -0.980267 -0.585788 -0.233101
v -0.916903 -0.012265 -0.195663
v -0.916623 -1.181536 -0.647287
v -0.943904 -0.600067 -0.626398
v -0.879951 -0.045123 -0.536674
v 0.316632 -1.260311 -1.181272
v 0.317062 -0.577915 -1.217284
v 0.315317 0.050870 -1.089466
v 0.528017 -1.245468 -1.148547
v 0.530056 -0.595840 -1.179337
v 0.527129 0.012384 -1.056626
v 0.698538 -1.219192 -1.065248
v 0.704830 -0.626138 -1.086047
v 0.702771 -0.053188 -0.971880
v 0.918100 -1.215671 -0.623592
v 0.938945 -0.625356 -0.603072
v 0.924778 -0.055953 -0.519322
v 0.993402 -1.226051 -0.232933
v 1.041406 -0.603909 -0.206293
v 0.981269 -0.026033 -0.175823
v 0.944534 -1.216103 0.161896
v 1.026907 -0.621939 0.191787
v 0.961086 -0.060000 0.165160
v 0.308982 -1.682248 0.154866
v 0.312339 -1.772967 -0.328280
v 0.313667 -1.680820 -0.631890
v 0.527019 -1.638561 0.150126
v 0.530939 -1.692182 -0.281179
v 0.531778 -1.639725 -0.638093
v 0.710651 -1.562397 0.139151
v 0.723429 -1.604706 -0.244608
v 0.716156 -1.564045 -0.621755
v 0.268817 1.531353 -0.542962
v 0.263219 1.596888 -0.195672
v 0.263391 1.531483 0.151713
v 0.465110 1.473951 -0.527127
v 0.461409 1.537985 -0.194131
v 0.459867 1.474080 0.138681
v 0.638554 1.368850 -0.499897
v 0.641286 1.426396 -0.192833
v 0.633699 1.369033 0.113190
v -0.513197 1.397219 -0.508914
v -0.522422 1.453869 -0.201902
v -0.517965 1.397368 0.104305
v -0.327818 1.492743 -0.533304
v -0.331853 1.553692 -0.200316
v -0.332708 1.494804 0.131964
v -0.128525 1.543046 -0.546059
v -0.129392 1.605392 -0.198734
v -0.133941 1.543177 0.148638
v -0.601145 -1.584769 0.128072
v -0.615397 -1.629144 -0.259381
v -0.636943 -1.574204 -0.635414
v -0.408192 -1.666648 0.144503
v -0.407940 -1.753939 -0.290132
v -0.423435 -1.662587 -0.645249
v -0.177605 -1.699747 0.151124
v -0.174503 -1.786942 -0.279639
v -0.176662 -1.698935 -0.632195
v -0.694385 -1.189176 -1.085179
v -0.658571 -0.608716 -1.102026
v -0.607696 -0.050067 -0.983356
v -0.464126 -1.227359 -1.161818
v -0.428207 -0.587475 -1.189174
v -0.404062 0.015031 -1.063943
v -0.184845 -1.256133 -1.186619
v -0.173570 -0.576301 -1.221583
v -0.169438 0.051388 -1.093190
v 0.697104 -1.225165 0.605547
v 0.747356 -0.639416 0.675022
v 0.722405 -0.058420 0.601572
v 0.515968 -1.250615 0.686916
v 0.527803 -0.602762 0.766454
v 0.521912 0.013123 0.684214
v 0.301867 -1.265535 0.720392
v 0.301662 -0.582383 0.803337
v 0.301406 0.053469 0.717476
v 0.894688 -0.985872 0.506036
v -0.855088 -0.953160 0.480053
v -0.857396 -0.943928 -0.954779
v 0.828694 -0.977409 -0.931908
v 0.078053 -0.980363 -1.269789
v 0.062505 -0.985936 0.822685
v -0.189153 -0.984205 0.811610
v -0.445445 -0.976071 0.768492
v -0.679436 -0.963127 0.668981
v -0.958913 -0.947866 0.159581
v -0.993887 -0.942451 -0.254460
v -0.959873 -0.941793 -0.656391
v 0.317446 -0.980361 -1.259603
v 0.529768 -0.979556 -1.220489
v 0.702064 -0.978245 -1.123033
v 0.936277 -0.975484 -0.631035
v 1.044524 -0.970988 -0.225351
v 1.013704 -0.973875 0.187888
v -0.692825 -0.949608 -1.142457
v -0.457012 -0.962659 -1.233273
v -0.181625 -0.976289 -1.264766
v 0.731755 -0.990435 0.689017
v 0.523809 -0.986782 0.779480
v 0.301487 -0.985752 0.815973
v 0.821601 0.439193 0.418689
v -0.754645 0.440574 0.406772
v -0.743997 0.428605 -0.775903
v 0.826053 0.429031 -0.758826
v 0.076632 0.599444 -1.075396
v 0.062936 0.617467 0.679037
v -0.181975 0.608201 0.669903
v -0.410184 0.567619 0.635579
v -0.604204 0.490181 0.557547
v -0.837844 0.483133 0.142154
v -0.863810 0.520841 -0.185979
v -0.834140 0.480378 -0.505396
v 0.314413 0.590049 -1.067093
v 0.524783 0.548975 -1.036167
v 0.696662 0.473665 -0.949383
v 0.895817 0.478073 -0.490063
v 0.920440 0.516594 -0.171168
v 0.897285 0.480526 0.156576
v -0.590443 0.472964 -0.961244
v -0.396613 0.549680 -1.043171
v -0.168409 0.590230 -1.070747
v 0.687215 0.489415 0.564203
v 0.511055 0.566669 0.638571
v 0.300396 0.608065 0.672462
v 0.774446 0.839789 0.395989
v -0.699904 0.844176 0.388106
v -0.687580 0.828562 -0.773414
v 0.787359 0.821858 -0.747622
v 0.075200 1.016473 -1.014397
v 0.062367 1.037035 0.628165
v -0.173168 1.024339 0.619633
v -0.391933 0.981058 0.587328
v -0.574134 0.900575 0.515899
v -0.763729 0.893282 0.154787
v -0.789296 0.933622 -0.182760
v -0.762781 0.888171 -0.505558
v 0.308989 1.001095 -1.006145
v 0.514663 0.956186 -0.975791
v 0.677884 0.876519 -0.901947
v 0.847975 0.879232 -0.488565
v 0.865678 0.924058 -0.169779
v 0.843075 0.888832 0.167046
v -0.560723 0.880750 -0.917336
v -0.379695 0.960792 -0.983088
v -0.160648 1.003911 -1.009755
v 0.652464 0.899408 0.510924
v 0.494353 0.978534 0.579012
v 0.294803 1.021728 0.619436
v 0.186767 -1.527983 0.506512
v 0.414236 -1.508099 0.494831
v 0.609787 -1.465995 0.458555
v 0.756511 -1.403510 0.397678
v 0.814244 -1.305377 0.405029
v 0.914883 -0.845610 0.509731
v 0.897408 -0.391968 0.465333
v 0.750585 0.993129 0.349955
v -0.043261 1.380366 0.440887
v -0.247536 1.335999 0.427552
v -0.440536 1.265584 0.386151
v -0.591260 1.160497 0.321835
v -0.765087 0.191791 0.407574
v -0.816379 -0.369787 0.442695
v -0.832893 -1.073399 0.460502
v -0.758464 -1.296156 0.389229
v -0.801387 -1.378312 -0.766951
v -0.802792 -1.437727 -0.449605
v -0.779997 -1.446102 -0.058906
v -0.738781 -1.401441 0.265011
v -0.645610 1.159186 0.220135
v -0.670501 1.244726 -0.042242
v -0.669276 1.244156 -0.350857
v -0.639132 1.155720 -0.618512
v -0.754905 0.185592 -0.780558
v -0.802004 -0.368202 -0.867912
v -0.852265 -1.059249 -0.945905
v -0.819008 -1.271498 -0.890597
v -0.051507 -1.526658 -0.964455
v -0.321432 -1.505293 -0.967616
v -0.574607 -1.452925 -0.948055
v -0.751140 -1.378545 -0.887972
v 0.180821 1.363196 -0.834429
v 0.390216 1.312325 -0.818779
v 0.569464 1.237321 -0.778553
v 0.702825 1.130124 -0.714725
v 0.835363 0.185482 -0.766273
v 0.838282 -0.382596 -0.850040
v 0.826176 -1.094002 -0.923002
v 0.813728 -1.302470 -0.869029
v 0.820963 -1.400566 0.278870
v 0.869554 -1.445278 -0.043161
v 0.869491 -1.445200 -0.432025
v 0.824035 -1.399170 -0.747443
v 0.751180 1.130027 -0.603739
v 0.772671 1.217336 -0.339330
v 0.770290 1.218873 -0.031043
v 0.744411 1.134956 0.230306
v -0.676245 -1.405446 0.385119
v -0.512241 -1.474853 0.448973
v -0.297882 -1.517008 0.488898
v -0.057604 -1.531303 0.504580
v 0.692959 1.140186 0.325541
v 0.556730 1.245473 0.386640
v 0.382869 1.330527 0.418268
v 0.173414 1.379287 0.437595
v 0.764007 -1.401759 -0.868150
v 0.620101 -1.465140 -0.932988
v 0.425506 -1.505849 -0.960232
v 0.197965 -1.524341 -0.962696
v -0.581816 1.155071 -0.728947
v -0.431243 1.260314 -0.786921
v -0.238155 1.328890 -0.823668
v -0.034451 1.369260 -0.836105
v 0.062160 1.492604 0.308877
v 0.064905 1.606129 -0.017956
v 0.067701 1.606110 -0.376460
v 0.069615 1.489403 -0.703799
v 0.074847 -1.629091 -0.801494
v 0.073667 -1.743221 -0.430997
v 0.072447 -1.747548 -0.053117
v 0.066825 -1.631148 0.347925
v 0.076790 0.352346 -1.077240
v 0.077688 -0.267663 -1.158447
v 0.077731 -1.125756 -1.246038
v 0.076434 -1.401476 -1.094815
v 0.062936 0.362676 0.694310
v 0.062333 -0.269754 0.768062
v 0.063002 -1.131414 0.788614
v 0.064448 -1.406508 0.633279
v -0.192828 -0.811989 0.818508
v -0.190530 -0.274633 0.757076
v -0.304802 -1.259451 0.702315
v -0.327782 -0.581757 0.781774
v -0.308433 0.041758 0.699042
v -0.457625 -0.809862 0.773808
v -0.444817 -0.296781 0.715148
v -0.537978 -1.231676 0.641810
v -0.581541 -0.596598 0.712112
v -0.532551 -0.011215 0.638598
v -0.692737 -0.811442 0.672248
v -0.660468 -0.342034 0.619737
v -0.059851 -1.268897 0.723722
v -0.063680 -0.578209 0.807083
v -0.061219 0.060960 0.720761
v -0.183010 0.353402 0.684813
v -0.414232 0.313090 0.649048
v -0.610911 0.237924 0.566761
v -0.710663 -0.074196 0.515509
v -0.777970 -0.618696 0.573753
v -0.730174 -1.196534 0.522154
v -0.619667 -1.333768 0.518277
v -0.415464 -1.379523 0.590994
v -0.181280 -1.402036 0.624318
v -0.964716 -0.801359 0.164978
v -0.918696 -0.340011 0.156153
v -0.919058 -1.198066 -0.051758
v -0.973710 -0.591415 -0.027813
v -0.910091 -0.022262 -0.020908
v -0.995648 -0.791139 -0.247081
v -0.950248 -0.313459 -0.213003
v -0.934343 -1.190600 -0.462277
v -0.970591 -0.589547 -0.437224
v -0.907386 -0.021484 -0.370620
v -0.959869 -0.797155 -0.650180
v -0.912871 -0.337665 -0.581829
v -0.850716 -1.189234 0.301409
v -0.908527 -0.615820 0.331197
v -0.841357 -0.072191 0.294348
v -0.860771 0.233958 0.138275
v -0.889515 0.270982 -0.188256
v -0.855980 0.233213 -0.511736
v -0.833299 -0.071930 -0.685464
v -0.899065 -0.611907 -0.789877
v -0.885275 -1.171999 -0.802290
v -0.867970 -1.301489 -0.634375
v -0.874177 -1.326174 -0.256937
v -0.828941 -1.317595 0.128137
v 0.317465 -0.809348 -1.255514
v 0.316205 -0.274709 -1.149194
v 0.426682 -1.254585 -1.169443
v 0.427720 -0.584808 -1.203286
v 0.425490 0.036109 -1.077363
v 0.530304 -0.816954 -1.216370
v 0.528779 -0.304213 -1.113760
v 0.619026 -1.233032 -1.114916
v 0.622655 -0.610519 -1.141734
v 0.619321 -0.019306 -1.023356
v 0.703838 -0.829910 -1.119285
v 0.704390 -0.353944 -1.025920
v 0.199628 -1.263293 -1.187381
v 0.199902 -0.574536 -1.224442
v 0.198448 0.058066 -1.095729
v 0.314791 0.342648 -1.068860
v 0.525844 0.300913 -1.037461
v 0.700337 0.227676 -0.951477
v 0.777201 -0.080496 -0.896924
v 0.775961 -0.638680 -1.007704
v 0.765949 -1.207324 -0.995994
v 0.697615 -1.333931 -0.999393
v 0.527314 -1.373559 -1.066158
v 0.315853 -1.395112 -1.089186
v 0.939019 -0.827348 -0.625266
v 0.934123 -0.355971 -0.561393
v 0.965969 -1.223278 -0.437271
v 0.997326 -0.611448 -0.412075
v 0.959095 -0.034354 -0.351936
v 1.050562 -0.813796 -0.218386
v 1.015542 -0.329577 -0.189473
v 0.983092 -1.223048 -0.027543
v 1.050707 -0.607960 -0.000261
v 0.982071 -0.036288 -0.000615
v 1.030872 -0.823691 0.193997
v 0.999472 -0.356537 0.180260
v 0.870075 -1.206585 -0.779382
v 0.886132 -0.638076 -0.767881
v 0.886068 -0.079586 -0.669198
v 0.911923 0.228138 -0.496286
v 0.948487 0.262180 -0.171439
v 0.925984 0.225485 0.154951
v 0.922024 -0.085782 0.313588
v 0.980134 -0.639706 0.358389
v 0.894217 -1.208881 0.321908
v 0.899804 -1.328051 0.146153
v 0.942756 -1.344677 -0.235637
v 0.891261 -1.327336 -0.613216
v 0.313206 -1.761495 -0.036688
v 0.312638 -1.721889 -0.454833
v 0.421853 -1.663454 0.152489
v 0.422790 -1.744830 -0.307939
v 0.425936 -1.663389 -0.638159
v 0.532822 -1.681686 -0.064986
v 0.531626 -1.677215 -0.457543
v 0.623839 -1.605437 0.146111
v 0.631846 -1.653848 -0.252560
v 0.629358 -1.607591 -0.632060
v 0.719360 -1.593608 -0.046518
v 0.722193 -1.594733 -0.440562
v 0.190867 -1.696030 0.155919
v 0.197912 -1.775576 -0.273379
v 0.195988 -1.693408 -0.623640
v 0.314456 -1.613409 -0.807723
v 0.529779 -1.578030 -0.807435
v 0.707334 -1.512131 -0.778005
v 0.789788 -1.505208 -0.610927
v 0.805213 -1.538750 -0.241701
v 0.785174 -1.504788 0.133766
v 0.699543 -1.511411 0.299890
v 0.521196 -1.576700 0.330514
v 0.305559 -1.614123 0.345503
v 0.264820 1.579567 -0.373179
v 0.262052 1.579585 -0.018162
v 0.368291 1.506276 -0.536757
v 0.362809 1.572239 -0.194895
v 0.362935 1.506406 0.146986
v 0.462591 1.521903 -0.364351
v 0.459937 1.521921 -0.023949
v 0.556699 1.429359 -0.514204
v 0.555864 1.490520 -0.193439
v 0.551622 1.429488 0.126763
v 0.640904 1.412204 -0.350300
v 0.638454 1.412249 -0.035579
v 0.168357 1.551568 -0.546410
v 0.164382 1.613995 -0.196444
v 0.162897 1.551699 0.153618
v 0.269560 1.456018 0.306412
v 0.463542 1.394894 0.286510
v 0.629739 1.295749 0.246383
v 0.702646 1.289147 0.104165
v 0.714046 1.341551 -0.191372
v 0.707276 1.288390 -0.487474
v 0.637675 1.294495 -0.634432
v 0.471657 1.393708 -0.675247
v 0.277387 1.454430 -0.697344
v -0.519180 1.439860 -0.359343
v -0.521613 1.439886 -0.044615
v -0.424461 1.453086 -0.521850
v -0.430755 1.512251 -0.201130
v -0.429462 1.453212 0.119214
v -0.330025 1.538354 -0.370530
v -0.332679 1.538372 -0.030128
v -0.228162 1.521493 -0.541405
v -0.230291 1.583869 -0.199520
v -0.233492 1.521622 0.142391
v -0.128480 1.589122 -0.376246
v -0.131249 1.589141 -0.021228
v -0.590259 1.318363 -0.497933
v -0.603488 1.371300 -0.201638
v -0.594605 1.318793 0.094139
v -0.515804 1.324305 0.238360
v -0.334562 1.422907 0.279157
v -0.136957 1.475980 0.299433
v -0.035492 1.558208 0.152077
v -0.030749 1.618635 -0.197965
v -0.030034 1.558077 -0.547957
v -0.130412 1.467445 -0.700519
v -0.328079 1.415234 -0.681491
v -0.508804 1.323125 -0.643781
v -0.608431 -1.619126 -0.058636
v -0.623872 -1.614426 -0.453550
v -0.509901 -1.633167 0.136613
v -0.515525 -1.686430 -0.274291
v -0.535774 -1.626052 -0.642904
v -0.411282 -1.740624 -0.060913
v -0.413029 -1.708197 -0.463473
v -0.296355 -1.687847 0.148704
v -0.293068 -1.787133 -0.321986
v -0.302312 -1.686075 -0.640854
v -0.177384 -1.773030 -0.075382
v -0.174988 -1.743317 -0.448134
v -0.683089 -1.518512 0.121453
v -0.709046 -1.550953 -0.255440
v -0.725996 -1.504329 -0.626853
v -0.655928 -1.507890 -0.793915
v -0.439566 -1.586560 -0.816644
v -0.180583 -1.623897 -0.810204
v -0.050553 -1.703505 -0.623354
v -0.051840 -1.761221 -0.254707
v -0.055063 -1.704146 0.158851
v -0.178404 -1.627425 0.341227
v -0.407270 -1.596765 0.322221
v -0.597171 -1.526666 0.289050
v -0.680365 -0.805712 -1.137359
v -0.630894 -0.344448 -1.039429
v -0.589146 -1.208028 -1.131964
v -0.548421 -0.597627 -1.154672
v -0.510584 -0.016199 -1.032699
v -0.444247 -0.804008 -1.227857
v -0.413914 -0.299399 -1.122094
v -0.325772 -1.244168 -1.178576
v -0.301886 -0.580414 -1.210196
v -0.289566 0.037696 -1.082846
v -0.177735 -0.806477 -1.260278
v -0.170802 -0.273857 -1.153129
v -0.777283 -1.174399 -1.017662
v -0.755221 -0.617201 -1.026370
v -0.694484 -0.077155 -0.910420
v -0.596315 0.227842 -0.962236
v -0.399090 0.302392 -1.044385
v -0.168824 0.342976 -1.072511
v -0.046356 0.058096 -1.097625
v -0.046501 -0.574201 -1.226485
v -0.050286 -1.262271 -1.189767
v -0.185447 -1.392820 -1.094244
v -0.462392 -1.358852 -1.078785
v -0.687685 -1.307266 -1.018788
v 0.744767 -0.843425 0.694172
v 0.738302 -0.365108 0.638499
v 0.611369 -1.238616 0.653425
v 0.640901 -0.620975 0.729456
v 0.626887 -0.021412 0.650740
v 0.526997 -0.824493 0.786086
v 0.525822 -0.308809 0.726313
v 0.412509 -1.259674 0.708370
v 0.415115 -0.589786 0.790005
v 0.413417 0.038311 0.705489
v 0.301576 -0.814584 0.823201
v 0.301602 -0.276974 0.761605
v 0.772052 -1.213028 0.539402
v 0.839559 -0.651481 0.598429
v 0.802760 -0.087742 0.532299
v 0.705042 0.232792 0.578044
v 0.517015 0.310118 0.656076
v 0.301077 0.352922 0.688426
v 0.184248 0.060733 0.722751
v 0.184032 -0.578928 0.809259
v 0.184954 -1.268589 0.725655
v 0.302498 -1.399810 0.628168
v 0.514901 -1.377084 0.598933
v 0.689227 -1.337195 0.530720
v 0.865813 -1.100785 0.483353
v -0.863601 -0.812041 0.482266
v -0.854178 -0.806439 -0.951124
v 0.831766 -0.837196 -0.928826
v 0.078277 -0.807415 -1.265659
v 0.062123 -0.812648 0.830060
v -0.185743 -1.128766 0.778060
v -0.433411 -1.115726 0.736950
v -0.661946 -1.091127 0.641349
v -0.933517 -1.073164 0.150813
v -0.974968 -1.070808 -0.257894
v -0.946349 -1.063627 -0.654925
v 0.317170 -1.123982 -1.236170
v 0.528945 -1.115907 -1.198509
v 0.700253 -1.102063 -1.105106
v 0.931080 -1.099609 -0.629880
v 1.026422 -1.103073 -0.229738
v 0.983216 -1.099463 0.176617
v -0.696636 -1.071558 -1.125083
v -0.462991 -1.097239 -1.211868
v -0.183787 -1.119393 -1.241525
v 0.713360 -1.111374 0.658713
v 0.519499 -1.122280 0.746595
v 0.301561 -1.129350 0.782141
v 0.184149 -0.985894 0.821803
v 0.819220 -0.989681 0.612733
v 0.413999 -0.985806 0.802811
v 0.631518 -0.988846 0.742816
v -0.048723 -0.979396 -1.269304
v -0.783590 -0.945984 -1.061881
v -0.320161 -0.970283 -1.253963
v -0.583169 -0.955338 -1.198012
v 0.960184 -0.979712 0.363423
v 0.880004 -0.976868 -0.796403
v 1.047206 -0.970889 -0.012371
v 0.999538 -0.973091 -0.436799
v 0.770923 -0.977763 -1.040361
v 0.200284 -0.980503 -1.266997
v 0.621508 -0.978896 -1.181555
v 0.427880 -0.980051 -1.245157
v -0.916496 -0.942646 -0.820303
v -0.915897 -0.950352 0.336088
v -0.985727 -0.941502 -0.464282
v -0.984860 -0.944928 -0.041552
v -0.776008 -0.957393 0.589116
v -0.062084 -0.985610 0.819758
v -0.567700 -0.969735 0.727291
v -0.317876 -0.981050 0.795562
v 0.843378 0.185586 0.422245
v -0.733157 0.656200 0.406471
v -0.721230 0.640265 -0.781110
v 0.809868 0.638973 -0.758316
v 0.076245 0.814942 -1.058690
v 0.062790 0.837154 0.664046
v -0.179974 0.827419 0.655214
v -0.405209 0.786856 0.621892
v -0.594017 0.708447 0.546980
v -0.805643 0.700620 0.154491
v -0.831558 0.739131 -0.182968
v -0.803673 0.696012 -0.506485
v 0.313179 0.804773 -1.050401
v 0.522323 0.764062 -1.019677
v 0.690173 0.687459 -0.937432
v 0.875470 0.692651 -0.489958
v 0.895125 0.734939 -0.169276
v 0.871718 0.700302 0.167561
v -0.580026 0.687102 -0.951654
v -0.392160 0.764868 -1.026927
v -0.166780 0.805317 -1.054063
v 0.668750 0.709071 0.547465
v 0.503471 0.786359 0.618594
v 0.298734 0.827028 0.656043
v 0.184026 0.615493 0.678160
v 0.409807 0.592587 0.659783
v 0.603584 0.530361 0.607411
v 0.760928 0.454198 0.504346
v -0.046439 0.597436 -1.074942
v -0.286136 0.575247 -1.060969
v -0.497938 0.513402 -1.012798
v -0.673779 0.439734 -0.881744
v 0.866726 0.452019 0.301013
v 0.915097 0.506295 -0.004296
v 0.913509 0.505686 -0.335073
v 0.867770 0.446004 -0.632156
v 0.768088 0.440681 -0.866657
v 0.615458 0.513312 -1.003726
v 0.424077 0.574638 -1.055666
v 0.197802 0.597465 -1.073062
v -0.797334 0.446769 -0.648846
v -0.856106 0.509378 -0.349813
v -0.857503 0.509953 -0.019097
v -0.804507 0.453876 0.287462
v -0.686652 0.455163 0.494907
v -0.511738 0.531252 0.603094
v -0.299629 0.593187 0.657063
v -0.060085 0.615440 0.676558
v 0.798942 0.656169 0.415831
v -0.662843 1.005643 0.343128
v -0.651883 0.994878 -0.740279
v 0.761269 0.978769 -0.718046
v 0.073361 1.210036 -0.940522
v 0.062237 1.225715 0.553390
v -0.160297 1.205087 0.546912
v -0.368945 1.156291 0.516158
v -0.546700 1.072361 0.450442
v -0.715146 1.065336 0.130018
v -0.736581 1.108678 -0.189274
v -0.713424 1.061697 -0.499067
v 0.300459 1.184409 -0.932438
v 0.500095 1.130168 -0.903109
v 0.659806 1.044934 -0.838692
v 0.810805 1.043569 -0.483812
v 0.825830 1.090108 -0.177053
v 0.806029 1.050647 0.141645
v -0.535050 1.059453 -0.852361
v -0.357897 1.143161 -0.910070
v -0.148878 1.191829 -0.935913
v 0.643028 1.070804 0.438937
v 0.486253 1.155201 0.502086
v 0.292120 1.213222 0.534200
v 0.180911 1.032784 0.626798
v 0.399923 1.004238 0.603297
v 0.577653 0.942176 0.548624
v 0.718492 0.857250 0.464207
v -0.043785 1.013593 -1.013928
v -0.273498 0.987119 -1.000131
v -0.476321 0.923798 -0.956450
v -0.631131 0.842653 -0.860010
v 0.815578 0.855833 0.298790
v 0.859429 0.915520 0.004270
v 0.861970 0.910757 -0.335399
v 0.823259 0.841548 -0.628728
v 0.739336 0.837417 -0.837813
v 0.602486 0.919485 -0.946211
v 0.416422 0.983060 -0.994801
v 0.194048 1.012190 -1.012087
v -0.731063 0.849416 -0.651429
v -0.782779 0.920728 -0.349160
v -0.781765 0.922510 -0.008489
v -0.737737 0.859814 0.287826
v -0.645313 0.861317 0.461528
v -0.488853 0.943968 0.557125
v -0.285813 1.007458 0.607526
v -0.056481 1.034100 0.625905
v -0.325876 -0.810802 0.801771
v -0.319678 -0.282574 0.741342
v -0.581730 -0.810121 0.731633
v -0.559792 -0.317891 0.675625
v -0.058777 -1.405831 0.630806
v -0.063303 -0.812520 0.827021
v -0.062675 -0.270797 0.765138
v -0.050831 1.219278 0.552767
v -0.266844 1.184624 0.535355
v -0.463615 1.118147 0.487845
v -0.614088 1.027615 0.403880
v -0.745300 -0.362298 0.543749
v -0.786938 -0.812753 0.591406
v -0.699290 -1.309596 0.464009
v -0.523351 -1.358712 0.560004
v -0.300689 -1.393797 0.611826
v -0.988681 -0.794756 -0.034775
v -0.943453 -0.321514 -0.022553
v -0.986259 -0.792394 -0.457065
v -0.940485 -0.320147 -0.403303
v -0.797896 -1.303560 0.278819
v -0.922964 -0.807913 0.339611
v -0.875219 -0.359929 0.313042
v -0.693698 1.026232 0.253633
v -0.730392 1.097021 -0.023534
v -0.730636 1.095689 -0.349383
v -0.687238 1.018991 -0.634341
v -0.866144 -0.357390 -0.738695
v -0.915732 -0.802689 -0.815667
v -0.850015 -1.282096 -0.781400
v -0.877178 -1.317551 -0.455292
v -0.856240 -1.326196 -0.056004
v 0.428084 -0.812265 -1.241067
v 0.426679 -0.286066 -1.136131
v 0.622560 -0.823218 -1.177461
v 0.621352 -0.328311 -1.078496
v 0.198883 -1.399831 -1.093011
v 0.200266 -0.807911 -1.262897
v 0.199175 -0.269151 -1.155906
v 0.188294 1.201988 -0.938267
v 0.404757 1.160724 -0.921364
v 0.586069 1.091093 -0.875959
v 0.718356 0.999913 -0.788744
v 0.777427 -0.374554 -0.951279
v 0.773501 -0.835279 -1.037242
v 0.762944 -1.313241 -0.944465
v 0.618487 -1.355384 -1.039403
v 0.425874 -1.386694 -1.081500
v 1.002795 -0.819027 -0.430123
v 0.981385 -0.337770 -0.381242
v 1.058710 -0.815364 -0.005503
v 1.021478 -0.337009 0.001641
v 0.853863 -1.311220 -0.760077
v 0.883004 -0.834280 -0.792165
v 0.887703 -0.374354 -0.719517
v 0.790543 1.001791 -0.614644
v 0.822687 1.076793 -0.336576
v 0.820188 1.080400 -0.011496
v 0.783281 1.012045 0.264223
v 0.956295 -0.379051 0.336602
v 0.980432 -0.835759 0.368109
v 0.859735 -1.313063 0.295567
v 0.931611 -1.340109 -0.036129
v 0.925560 -1.339974 -0.433829
v 0.427435 -1.735597 -0.076601
v 0.424179 -1.703116 -0.464099
v 0.629785 -1.642083 -0.048900
v 0.631936 -1.642066 -0.447168
v 0.188209 -1.625070 0.347585
v 0.195663 -1.769992 -0.071514
v 0.196008 -1.734777 -0.440061
v 0.196986 -1.623450 -0.803427
v 0.425854 -1.598732 -0.810402
v 0.624489 -1.549620 -0.796278
v 0.775026 -1.463644 -0.757561
v 0.801388 -1.530333 -0.434895
v 0.799076 -1.529842 -0.046480
v 0.768361 -1.464098 0.284142
v 0.616234 -1.548179 0.316601
v 0.417104 -1.598329 0.340034
v 0.364360 1.555181 -0.369626
v 0.361636 1.555198 -0.020170
v 0.556375 1.475445 -0.357528
v 0.553818 1.475462 -0.029465
v 0.173593 1.477499 -0.701945
v 0.165770 1.597441 -0.375319
v 0.162981 1.597460 -0.017567
v 0.165832 1.479293 0.309573
v 0.369139 1.428153 0.299281
v 0.551641 1.351712 0.268172
v 0.694160 1.225085 0.228130
v 0.710297 1.328436 -0.038618
v 0.712667 1.328093 -0.343987
v 0.701419 1.223120 -0.613514
v 0.559835 1.350528 -0.656475
v 0.377122 1.426917 -0.688807
v -0.428289 1.497597 -0.365202
v -0.430847 1.497614 -0.037140
v -0.229019 1.567840 -0.374252
v -0.231744 1.567858 -0.024796
v -0.581024 1.252454 -0.624893
v -0.599291 1.357933 -0.354266
v -0.601419 1.358068 -0.048827
v -0.587776 1.254062 0.218779
v -0.430184 1.377156 0.261582
v -0.236563 1.449771 0.293472
v -0.037697 1.493523 0.303985
v -0.032672 1.602761 -0.019093
v -0.029882 1.602742 -0.376845
v -0.031341 1.484508 -0.703542
v -0.229564 1.444512 -0.693530
v -0.422936 1.376007 -0.664235
v -0.514134 -1.674179 -0.059703
v -0.522404 -1.670187 -0.460048
v -0.297545 -1.768617 -0.031970
v -0.296515 -1.731554 -0.458394
v -0.673301 -1.473254 0.272112
v -0.696896 -1.544391 -0.059441
v -0.717482 -1.537713 -0.449463
v -0.737821 -1.451231 -0.775477
v -0.555656 -1.552679 -0.809202
v -0.312172 -1.609973 -0.815849
v -0.051025 -1.629718 -0.804238
v -0.050929 -1.746810 -0.435007
v -0.053846 -1.747496 -0.054970
v -0.056331 -1.632086 0.345984
v -0.296383 -1.616215 0.333738
v -0.508222 -1.567253 0.306840
v -0.568805 -0.804301 -1.192431
v -0.527066 -0.321126 -1.089373
v -0.311707 -0.805077 -1.249017
v -0.294216 -0.283529 -1.142163
v -0.765896 -1.283219 -0.965527
v -0.775730 -0.807063 -1.057797
v -0.723044 -0.362724 -0.967235
v -0.601815 1.015207 -0.807909
v -0.452511 1.105083 -0.885451
v -0.255628 1.171433 -0.926499
v -0.039304 1.205745 -0.940034
v -0.046212 -0.269038 -1.157852
v -0.047520 -0.807185 -1.265078
v -0.051129 -1.399753 -1.095279
v -0.325531 -1.379041 -1.090124
v -0.585306 -1.333992 -1.055843
v 0.639173 -0.834101 0.748872
v 0.636084 -0.336336 0.690814
v 0.414841 -0.817971 0.809788
v 0.414552 -0.288822 0.748866
v 0.758325 -1.316559 0.478379
v 0.836764 -0.848191 0.616788
v 0.825333 -0.386384 0.564936
v 0.707186 1.027241 0.396601
v 0.568942 1.115890 0.473848
v 0.395316 1.190791 0.516481
v 0.177272 1.218878 0.550591
v 0.184147 -0.271333 0.767243
v 0.184016 -0.813103 0.829159
v 0.185697 -1.404696 0.632727
v 0.412745 -1.390845 0.617651
v 0.607582 -1.358615 0.570217
v 0.184453 -1.130928 0.787775
v 0.794671 -1.105401 0.585441
v 0.413074 -1.126421 0.769358
v 0.620682 -1.117196 0.710824
v -0.049562 -1.124271 -1.245670
v -0.783390 -1.063043 -1.048473
v -0.324432 -1.109953 -1.231489
v -0.589132 -1.083636 -1.178090
v 0.928888 -1.098843 0.346583
v 0.877073 -1.095836 -0.791763
v 1.021631 -1.101524 -0.019617
v 0.988955 -1.102462 -0.438557
v 0.768643 -1.096326 -1.026644
v 0.200082 -1.125525 -1.243295
v 0.620224 -1.109212 -1.160987
v 0.427395 -1.120881 -1.222295
v -0.906637 -1.060112 -0.815493
v -0.891100 -1.072155 0.322229
v -0.969652 -1.067529 -0.465534
v -0.962102 -1.072909 -0.047081
v -0.756390 -1.080000 0.564856
v -0.060893 -1.130911 0.785804
v -0.552427 -1.104045 0.697357
v -0.310332 -1.123994 0.762823
v 0.184232 0.360631 0.693590
v 0.411955 0.336837 0.676695
v 0.615821 0.273248 0.624134
v 0.781191 0.199277 0.513274
v -0.046455 0.350303 -1.076769
v -0.287329 0.327838 -1.062565
v -0.502122 0.266850 -1.013564
v -0.681399 0.196259 -0.884198
v 0.891728 0.198021 0.300668
v 0.945340 0.251066 -0.004942
v 0.935839 0.252905 -0.337774
v 0.879806 0.199888 -0.640276
v 0.774496 0.196718 -0.871422
v 0.617387 0.265773 -1.004821
v 0.424693 0.326796 -1.057282
v 0.198055 0.350315 -1.074888
v -0.813778 0.202138 -0.655281
v -0.880820 0.260332 -0.353914
v -0.883154 0.260165 -0.021967
v -0.821210 0.205316 0.284807
v -0.694157 0.204887 0.500121
v -0.517419 0.277506 0.615006
v -0.301979 0.338399 0.671447
v -0.060393 0.360658 0.691725
v 0.183257 0.834834 0.662850
v 0.406144 0.811684 0.641373
v 0.590317 0.750553 0.587802
v 0.739645 0.672135 0.493172
v -0.045972 0.812816 -1.058237
v -0.283189 0.790295 -1.044369
v -0.491349 0.728486 -0.998148
v -0.657425 0.652163 -0.880729
v 0.842617 0.670207 0.307419
v 0.888877 0.725960 0.003300
v 0.890649 0.722487 -0.335107
v 0.849077 0.657580 -0.632689
v 0.756638 0.651976 -0.860963
v 0.611834 0.728383 -0.988253
v 0.422307 0.789398 -1.039001
v 0.196938 0.812599 -1.056362
v -0.769655 0.659898 -0.653375
v -0.824548 0.726845 -0.349311
v -0.824408 0.728251 -0.010228
v -0.776601 0.670054 0.295488
v -0.671499 0.671830 0.488067
v -0.504754 0.750378 0.590512
v -0.296222 0.812325 0.642739
v -0.059318 0.834984 0.661683
v 0.303587 -2.106775 -0.289877
v 0.403997 -2.061215 -0.275932
v 0.200282 -2.091879 -0.248065
v -0.382516 -2.072834 -0.082243
v -0.379133 -2.068639 -0.268872
v -0.285841 -2.105209 -0.288905
v -0.191248 -2.090210 -0.257914
v -0.196409 -2.092088 -0.072231
v 0.300695 -2.086851 -0.009552
v 0.406096 -2.056005 -0.040424
v 0.205153 -2.082945 -0.045520
v -0.291446 -2.109200 -0.043382
v 0.194058 -1.937425 -0.091150
v 0.309382 -1.929430 -0.034734
v 0.400511 -1.922501 -0.094831
v 0.411243 -1.935711 -0.272058
v 0.309706 -1.953832 -0.299033
v 0.203081 -1.962352 -0.241660
v 0.416788 -1.924328 -0.258561
v 0.315284 -1.941605 -0.285444
v 0.208761 -1.949478 -0.227730
v -0.295946 -1.926904 -0.038546
v -0.187585 -1.965379 -0.075430
v -0.182812 -1.970264 -0.263955
v -0.289695 -1.934586 -0.299406
v -0.397066 -1.941351 -0.073916
v -0.392677 -1.944342 -0.274273
v 0.208823 -2.083102 -0.422928
v 0.299181 -2.083382 -0.446468
v 0.387614 -2.051991 -0.450626
v -0.369077 -2.058215 -0.424265
v -0.292433 -2.082457 -0.429979
v -0.213095 -2.077249 -0.417175
v -0.215099 -2.016438 -0.410799
v -0.370083 -1.996801 -0.417683
v 0.387834 -1.978562 -0.448284
v 0.212269 -2.008669 -0.419027
v 0.301586 -1.982644 -0.441657
v -0.294524 -1.997587 -0.420293
v 0.313572 -2.083539 0.268933
v 0.399613 -2.048668 0.282538
v 0.206484 -2.059660 0.272025
v -0.398623 -2.058100 0.219090
v -0.305755 -2.097318 0.211736
v -0.226203 -2.076985 0.228381
v -0.314189 -1.946733 0.213076
v 0.192392 -1.949505 0.249492
v -0.404577 -1.961140 0.223767
v 0.300984 -1.916510 0.238983
v 0.411680 -1.946490 0.263205
v -0.233758 -1.982090 0.225565
v 0.303334 -2.058338 0.303666
v 0.379097 -2.037806 0.310416
v 0.214661 -2.047491 0.302527
v -0.392351 -2.048375 0.249996
v -0.316599 -2.072578 0.248849
v -0.246939 -2.064574 0.258203
v -0.320615 -1.978578 0.250231
v 0.210505 -1.973125 0.289675
v -0.395991 -1.980241 0.253867
v 0.308045 -1.960151 0.289480
v 0.382863 -1.967993 0.301786
v -0.250394 -1.998681 0.256233
v 0.295662 -1.926602 0.137146
v 0.416252 -1.935664 0.141666
v 0.209112 -2.073964 0.147095
v 0.181614 -1.956813 0.136842
v 0.320440 -2.092144 0.158063
v 0.436187 -2.054935 0.160186
v -0.399963 -2.068547 0.106940
v -0.298999 -2.107711 0.111158
v -0.305097 -1.947613 0.112511
v -0.199332 -1.983358 0.112252
v -0.195662 -2.089413 0.117638
v -0.404832 -1.960401 0.112259
v 0.188018 -2.100214 -0.354509
v 0.302032 -2.114153 -0.374760
v 0.305995 -1.948727 -0.374478
v 0.193389 -1.992148 -0.353077
v 0.413224 -2.063292 -0.390435
v 0.413243 -1.957140 -0.391552
v -0.389149 -1.978382 -0.362605
v -0.292121 -1.968998 -0.357106
v -0.387789 -2.068199 -0.368472
v -0.288669 -2.109092 -0.366622
v -0.187402 -2.092040 -0.357865
v -0.190442 -2.003252 -0.352309
v 0.126539 -1.530195 0.506976
v 0.245907 -1.524769 0.505255
v 0.359864 -1.514936 0.499620
v 0.466620 -1.499838 0.488448
v 0.564644 -1.478768 0.470312
v 0.651942 -1.451873 0.445190
v 0.725830 -1.420261 0.414410
v 0.781888 -1.387079 0.380870
v 0.805258 -1.346417 0.383930
v 0.824849 -1.257736 0.426513
v 0.906503 -0.920597 0.510391
v 0.918597 -0.757030 0.504168
v 0.909257 -0.528930 0.480649
v 0.883206 -0.246451 0.450265
v 0.761909 0.920141 0.375889
v 0.741873 1.057844 0.320637
v 0.009734 1.387987 0.440133
v -0.094829 1.372323 0.439030
v -0.197471 1.346464 0.434299
v -0.297712 1.320389 0.420629
v -0.394598 1.286348 0.399536
v -0.483872 1.242223 0.371137
v -0.559904 1.188714 0.338073
v -0.617118 1.133725 0.307537
v -0.760370 0.320263 0.406265
v -0.771476 0.056098 0.411726
v -0.797545 -0.228662 0.429916
v -0.835233 -0.502642 0.455910
v -0.845457 -1.014637 0.472236
v -0.817509 -1.130921 0.445564
v -0.779251 -1.243700 0.409156
v -0.739161 -1.341564 0.369368
v -0.798971 -1.360140 -0.820477
v -0.802620 -1.396485 -0.701053
v -0.803399 -1.426995 -0.540591
v -0.800652 -1.445070 -0.353877
v -0.789213 -1.449273 -0.156267
v -0.769456 -1.439469 0.034209
v -0.748163 -1.416541 0.198253
v -0.730799 -1.385463 0.318771
v -0.639117 1.133381 0.266329
v -0.652659 1.185379 0.164702
v -0.665692 1.229649 0.032036
v -0.673535 1.254038 -0.119410
v -0.672980 1.253779 -0.275078
v -0.663573 1.228662 -0.424098
v -0.647848 1.182995 -0.559482
v -0.631029 1.128572 -0.668269
v -0.750146 0.311125 -0.775775
v -0.760836 0.052625 -0.792075
v -0.784532 -0.228227 -0.837593
v -0.820072 -0.500193 -0.897871
v -0.855701 -1.003084 -0.951678
v -0.847017 -1.113983 -0.937137
v -0.830289 -1.221236 -0.909044
v -0.806545 -1.315562 -0.871161
v 0.012679 -1.527749 -0.963573
v -0.117153 -1.524086 -0.965553
v -0.252718 -1.513541 -0.967556
v -0.389214 -1.495032 -0.966234
v -0.516812 -1.468711 -0.956796
v -0.627476 -1.435669 -0.936539
v -0.716292 -1.397933 -0.905885
v -0.778595 -1.360071 -0.869847
v 0.125812 1.370770 -0.835825
v 0.235492 1.352713 -0.832216
v 0.340594 1.326864 -0.824590
v 0.437900 1.296469 -0.811376
v 0.527735 1.259249 -0.791259
v 0.608391 1.213050 -0.764272
v 0.675566 1.158451 -0.731928
v 0.725119 1.103619 -0.697815
v 0.831526 0.311630 -0.760599
v 0.837739 0.050864 -0.777738
v 0.838975 -0.237358 -0.821215
v 0.837009 -0.519988 -0.878503
v 0.827474 -1.037360 -0.928737
v 0.824446 -1.148780 -0.914382
v 0.818324 -1.254197 -0.886966
v 0.808381 -1.343976 -0.850169
v 0.808305 -1.386004 0.332542
v 0.834390 -1.414595 0.212361
v 0.859697 -1.437506 0.049307
v 0.876083 -1.450124 -0.139893
v 0.875982 -1.450110 -0.336595
v 0.859939 -1.437268 -0.522702
v 0.836285 -1.413665 -0.682186
v 0.812458 -1.384176 -0.800370
v 0.744763 1.103854 -0.652153
v 0.757809 1.156758 -0.545955
v 0.769010 1.201953 -0.412212
v 0.774715 1.226956 -0.263712
v 0.773509 1.227730 -0.108147
v 0.765508 1.204240 0.043132
v 0.752170 1.160614 0.175377
v 0.737637 1.112185 0.274121
v -0.705371 -1.386935 0.367623
v -0.641606 -1.424282 0.402564
v -0.559081 -1.459468 0.434822
v -0.462273 -1.488422 0.461563
v -0.354711 -1.509493 0.481529
v -0.239444 -1.522730 0.494696
v -0.118968 -1.529688 0.502340
v 0.004016 -1.531867 0.506014
v 0.716702 1.114488 0.312173
v 0.664128 1.167536 0.341056
v 0.595447 1.221222 0.372363
v 0.515606 1.267535 0.399274
v 0.429503 1.312556 0.411768
v 0.334040 1.346780 0.424177
v 0.227762 1.367744 0.434747
v 0.118420 1.387203 0.438346
v 0.788036 -1.385078 -0.849572
v 0.734346 -1.418839 -0.886778
v 0.661802 -1.450967 -0.919822
v 0.575314 -1.477788 -0.943584
v 0.477757 -1.498112 -0.956955
v 0.371216 -1.512171 -0.961913
v 0.257260 -1.521293 -0.962722
v 0.137364 -1.526450 -0.962732
v -0.607726 1.128021 -0.713728
v -0.550519 1.183422 -0.744420
v -0.474604 1.236969 -0.773794
v -0.385230 1.281063 -0.798640
v -0.288133 1.315076 -0.817059
v -0.187696 1.341122 -0.828692
v -0.085947 1.361679 -0.834714
v 0.017879 1.373829 -0.836666
v 0.063435 1.450121 0.374806
v 0.062271 1.530370 0.234172
v 0.063941 1.587405 0.069243
v 0.065828 1.617835 -0.107094
v 0.067233 1.617826 -0.287320
v 0.068095 1.587365 -0.463652
v 0.068996 1.529960 -0.628296
v 0.070379 1.438174 -0.773489
v 0.075208 -1.581880 -0.885391
v 0.074467 -1.668930 -0.712514
v 0.073689 -1.725951 -0.524543
v 0.074158 -1.753423 -0.341501
v 0.073861 -1.756371 -0.155655
v 0.070567 -1.729206 0.054619
v 0.067613 -1.670247 0.258287
v 0.066144 -1.584879 0.430991
v 0.076713 0.480923 -1.076286
v 0.076909 0.212082 -1.083171
v 0.077374 -0.102345 -1.124491
v 0.077982 -0.427450 -1.194613
v 0.077905 -1.054898 -1.261476
v 0.077510 -1.195060 -1.222529
v 0.076853 -1.333270 -1.147243
v 0.075999 -1.466902 -1.033120
v 0.062955 0.495323 0.685588
v 0.062867 0.218375 0.706698
v 0.062546 -0.102421 0.744680
v 0.062147 -0.430895 0.790849
v 0.062742 -1.060539 0.809026
v 0.063291 -1.200684 0.761185
v 0.064006 -1.338614 0.683883
v 0.064952 -1.471451 0.574274
v -0.191112 -0.903557 0.818414
v -0.193870 -0.704987 0.811796
v -0.192641 -0.433966 0.779482
v -0.188055 -0.109030 0.734139
v -0.244304 -1.263221 0.710439
v -0.364655 -1.254444 0.691729
v -0.260649 -0.580307 0.791360
v -0.394383 -0.583962 0.769418
v -0.247551 0.049215 0.707243
v -0.367870 0.032013 0.688429
v -0.452074 -0.898127 0.774399
v -0.460524 -0.707174 0.766836
v -0.453755 -0.448657 0.735955
v -0.434644 -0.138217 0.694046
v -0.481719 -1.240397 0.661751
v -0.591701 -1.222360 0.618283
v -0.522093 -0.591412 0.734947
v -0.637196 -0.602398 0.685051
v -0.480321 0.005190 0.658561
v -0.581785 -0.028541 0.614798
v -0.687302 -0.891934 0.673614
v -0.693712 -0.717861 0.665255
v -0.676717 -0.481771 0.637512
v -0.643103 -0.194652 0.602154
v 0.002010 -1.269462 0.725518
v -0.121681 -1.267768 0.720802
v -0.000326 -0.577937 0.809157
v -0.128179 -0.578678 0.803655
v 0.000949 0.062297 0.722593
v -0.123541 0.058508 0.717783
v -0.182408 0.485989 0.676291
v -0.184076 0.209499 0.696936
v -0.411785 0.445207 0.641345
v -0.418545 0.170991 0.660060
v -0.607185 0.368398 0.561388
v -0.617336 0.099360 0.574976
v -0.747644 -0.082431 0.470816
v -0.670802 -0.061432 0.553886
v -0.816307 -0.621598 0.524689
v -0.735490 -0.614053 0.616473
v -0.767225 -1.190887 0.478869
v -0.688369 -1.204136 0.559137
v -0.609780 -1.390581 0.472446
v -0.630834 -1.273962 0.557525
v -0.412144 -1.442048 0.535749
v -0.419386 -1.314304 0.638400
v -0.180448 -1.466798 0.565927
v -0.182205 -1.334504 0.674397
v -0.964345 -0.879082 0.162856
v -0.959886 -0.710515 0.165541
v -0.935661 -0.478478 0.160936
v -0.901261 -0.193760 0.150595
v -0.905481 -1.197076 0.046988
v -0.929366 -1.197850 -0.154344
v -0.964081 -0.596941 0.070715
v -0.979050 -0.587519 -0.129691
v -0.900079 -0.033068 0.063716
v -0.915595 -0.015015 -0.107716
v -0.996872 -0.871571 -0.251424
v -0.990100 -0.696914 -0.241039
v -0.966501 -0.456426 -0.223377
v -0.933195 -0.163139 -0.203345
v -0.937232 -1.194019 -0.361789
v -0.927322 -1.186359 -0.557989
v -0.977478 -0.586559 -0.336202
v -0.959457 -0.594270 -0.534461
v -0.914235 -0.014588 -0.283681
v -0.896054 -0.032086 -0.455321
v -0.961654 -0.874133 -0.654773
v -0.954042 -0.706802 -0.641090
v -0.929619 -0.475604 -0.605806
v -0.895688 -0.192048 -0.557696
v -0.827061 -1.187464 0.369158
v -0.871263 -1.192080 0.224834
v -0.881560 -0.620117 0.403431
v -0.931431 -0.609963 0.251306
v -0.813252 -0.081147 0.360198
v -0.865559 -0.059820 0.222348
v -0.849924 0.362676 0.138663
v -0.872068 0.097265 0.140711
v -0.877012 0.400172 -0.186983
v -0.902500 0.133175 -0.190828
v -0.845576 0.360950 -0.506899
v -0.866979 0.097424 -0.521371
v -0.803559 -0.081553 -0.751472
v -0.858921 -0.059086 -0.613643
v -0.869761 -0.616353 -0.860439
v -0.923784 -0.606215 -0.711739
v -0.864421 -1.168892 -0.867556
v -0.902619 -1.176497 -0.728847
v -0.837312 -1.359247 -0.628580
v -0.894579 -1.241668 -0.641062
v -0.836788 -1.389419 -0.256031
v -0.907430 -1.261239 -0.257846
v -0.794575 -1.375836 0.123538
v -0.860849 -1.256687 0.133785
v 0.317496 -0.900296 -1.261315
v 0.317326 -0.702957 -1.241008
v 0.316671 -0.433143 -1.185048
v 0.315732 -0.110576 -1.115548
v 0.372636 -1.257835 -1.176262
v 0.478546 -1.250476 -1.160362
v 0.373323 -0.580869 -1.211321
v 0.480030 -0.589799 -1.192772
v 0.371367 0.044552 -1.084302
v 0.477466 0.025387 -1.068283
v 0.530099 -0.903499 -1.222053
v 0.530309 -0.715464 -1.202284
v 0.529519 -0.456898 -1.148249
v 0.527944 -0.145168 -1.081499
v 0.574896 -1.239581 -1.133535
v 0.660273 -1.226111 -1.092291
v 0.577627 -0.602853 -1.162508
v 0.665076 -0.618441 -1.116441
v 0.574379 -0.002739 -1.041889
v 0.662092 -0.036468 -1.000265
v 0.702992 -0.909001 -1.124299
v 0.704487 -0.736679 -1.106736
v 0.704788 -0.496943 -1.057706
v 0.703696 -0.203670 -0.995741
v 0.139033 -1.263937 -1.188992
v 0.258892 -1.262105 -1.184885
v 0.139503 -0.573828 -1.226229
v 0.259172 -0.575850 -1.221553
v 0.138188 0.059548 -1.097327
v 0.257586 0.055275 -1.093186
v 0.314624 0.471353 -1.067962
v 0.315008 0.202501 -1.074678
v 0.525341 0.429700 -1.036876
v 0.526427 0.161698 -1.042717
v 0.698719 0.355047 -0.950035
v 0.701663 0.091310 -0.957697
v 0.809872 -0.088357 -0.849782
v 0.741307 -0.068323 -0.937548
v 0.807093 -0.642311 -0.958732
v 0.741839 -0.633088 -1.049977
v 0.795237 -1.203647 -0.952586
v 0.733752 -1.212722 -1.033341
v 0.698233 -1.387238 -0.955667
v 0.697842 -1.277325 -1.035798
v 0.527340 -1.433768 -1.012737
v 0.527585 -1.310165 -1.111485
v 0.315446 -1.458748 -1.029814
v 0.316261 -1.328349 -1.139868
v 0.937881 -0.906185 -0.629528
v 0.939478 -0.734793 -0.616796
v 0.937155 -0.497601 -0.583810
v 0.929947 -0.206529 -0.538873
v 0.943038 -1.219930 -0.533641
v 0.983744 -1.225382 -0.336327
v 0.968326 -0.618081 -0.510262
v 1.022759 -0.606443 -0.310143
v 0.942780 -0.044103 -0.437320
v 0.972398 -0.028017 -0.264357
v 1.049162 -0.897188 -0.222351
v 1.048138 -0.716982 -0.213094
v 1.030204 -0.473354 -0.198081
v 0.998753 -0.178351 -0.181686
v 0.992825 -1.225206 -0.129278
v 0.966187 -1.219877 0.070150
v 1.050696 -0.604460 -0.102392
v 1.042311 -0.614012 0.098330
v 0.984532 -0.028970 -0.087551
v 0.974099 -0.047067 0.083952
v 1.024437 -0.903476 0.191774
v 1.031938 -0.730781 0.194108
v 1.015572 -0.495886 0.186946
v 0.980607 -0.209253 0.172638
v 0.846506 -1.203410 -0.844861
v 0.893736 -1.210959 -0.705628
v 0.861233 -0.641991 -0.839052
v 0.911656 -0.632291 -0.689128
v 0.864008 -0.087611 -0.735739
v 0.906035 -0.068404 -0.596858
v 0.904300 0.357687 -0.491733
v 0.918752 0.089785 -0.505175
v 0.933889 0.393993 -0.171296
v 0.964351 0.121665 -0.172619
v 0.910954 0.357335 0.154082
v 0.942715 0.085797 0.158926
v 0.896939 -0.094641 0.378925
v 0.943561 -0.073563 0.242028
v 0.950298 -0.647087 0.430288
v 1.005894 -0.630904 0.278720
v 0.866534 -1.206815 0.388992
v 0.920303 -1.212213 0.246067
v 0.874813 -1.379887 0.139675
v 0.922953 -1.273001 0.153838
v 0.911924 -1.400316 -0.237016
v 0.970146 -1.286183 -0.234304
v 0.871897 -1.379182 -0.608878
v 0.906617 -1.272394 -0.618525
v 0.312075 -1.714220 0.046129
v 0.256055 -2.108257 -0.260384
v 0.312644 -1.737882 -0.381443
v 0.313051 -1.704397 -0.540784
v 0.366236 -1.673474 0.153866
v 0.475459 -1.651919 0.151317
v 0.367226 -1.763429 -0.334544
v 0.478025 -1.709857 -0.296155
v 0.370533 -1.672773 -0.635632
v 0.479756 -1.652462 -0.638963
v 0.530606 -1.663357 0.045776
v 0.532280 -1.690873 -0.176877
v 0.530915 -1.687495 -0.371919
v 0.532005 -1.661341 -0.547160
v 0.576539 -1.623105 0.148504
v 0.668664 -1.585390 0.142799
v 0.582440 -1.674284 -0.265213
v 0.678877 -1.630937 -0.246573
v 0.581752 -1.624884 -0.635735
v 0.674264 -1.587465 -0.627279
v 0.715493 -1.580423 0.048764
v 0.722041 -1.601757 -0.144936
v 0.723467 -1.602346 -0.343685
v 0.719694 -1.581953 -0.533723
v 0.130225 -1.700249 0.158302
v 0.250484 -1.689903 0.155119
v 0.136730 -1.757518 -0.260573
v 0.256274 -1.778401 -0.313267
v 0.135456 -1.697954 -0.620780
v 0.255441 -1.687689 -0.627615
v 0.314753 -1.568953 -0.888289
v 0.314129 -1.650614 -0.721747
v 0.528638 -1.536975 -0.882976
v 0.530939 -1.612120 -0.725474
v 0.703207 -1.477087 -0.845044
v 0.711853 -1.540935 -0.703413
v 0.821090 -1.468603 -0.607547
v 0.754742 -1.536828 -0.615995
v 0.842815 -1.497996 -0.240091
v 0.765484 -1.574177 -0.243215
v 0.817812 -1.468733 0.133347
v 0.749488 -1.535777 0.135914
v 0.694520 -1.477220 0.369026
v 0.705141 -1.539581 0.223110
v 0.518801 -1.536915 0.409116
v 0.523854 -1.610018 0.244716
v 0.304547 -1.570948 0.427979
v 0.306824 -1.650535 0.255686
v 0.266329 1.559002 -0.459518
v 0.263907 1.592433 -0.284909
v 0.262516 1.592442 -0.106436
v 0.262213 1.559042 0.068196
v 0.318776 1.519441 -0.540254
v 0.417155 1.491340 -0.532392
v 0.313001 1.585568 -0.195284
v 0.412392 1.556533 -0.194509
v 0.313381 1.519571 0.149756
v 0.411850 1.491469 0.143310
v 0.463508 1.501899 -0.447130
v 0.461992 1.533951 -0.279707
v 0.460658 1.533960 -0.108564
v 0.459557 1.501937 0.058774
v 0.511817 1.453441 -0.520992
v 0.599130 1.401304 -0.507050
v 0.509444 1.516121 -0.193769
v 0.600008 1.460763 -0.193145
v 0.506651 1.453571 0.133105
v 0.594158 1.401439 0.119941
v 0.639813 1.394268 -0.426563
v 0.641468 1.422864 -0.272056
v 0.640234 1.422886 -0.113657
v 0.636170 1.394347 0.040360
v 0.118273 1.558419 -0.547364
v 0.218606 1.542269 -0.544978
v 0.115388 1.619258 -0.196826
v 0.213661 1.606432 -0.196059
v 0.112805 1.558549 0.153795
v 0.213160 1.542399 0.152962
v 0.274973 1.409729 0.372785
v 0.265866 1.497278 0.231502
v 0.466988 1.343545 0.352778
v 0.461169 1.438407 0.214870
v 0.629190 1.247725 0.305768
v 0.631402 1.336179 0.182044
v 0.732385 1.240271 0.105463
v 0.669831 1.331825 0.107351
v 0.745866 1.289607 -0.189433
v 0.679266 1.386901 -0.192370
v 0.736956 1.238646 -0.483405
v 0.674565 1.331492 -0.493173
v 0.639592 1.244877 -0.694337
v 0.637590 1.335706 -0.569416
v 0.476992 1.340733 -0.741744
v 0.467749 1.437997 -0.603444
v 0.282996 1.402637 -0.766426
v 0.272558 1.496868 -0.622552
v -0.516352 1.422220 -0.435582
v -0.521277 1.450375 -0.281118
v -0.522500 1.450388 -0.122717
v -0.519968 1.422272 0.031368
v -0.470124 1.427560 -0.515392
v -0.376803 1.474582 -0.527914
v -0.477769 1.485610 -0.201547
v -0.381913 1.534682 -0.200719
v -0.475017 1.427687 0.111704
v -0.381904 1.474709 0.126274
v -0.328869 1.519336 -0.453305
v -0.331051 1.549836 -0.285890
v -0.332386 1.549845 -0.114747
v -0.332814 1.519374 0.052609
v -0.278134 1.508210 -0.537808
v -0.178223 1.533026 -0.544127
v -0.281165 1.569968 -0.199917
v -0.179610 1.595642 -0.199125
v -0.282008 1.517290 0.135086
v -0.183136 1.535905 0.144740
v -0.128367 1.569603 -0.462596
v -0.128819 1.601227 -0.287971
v -0.130211 1.601237 -0.109498
v -0.132481 1.569643 0.065121
v -0.624501 1.267591 -0.494793
v -0.553226 1.361195 -0.502870
v -0.640122 1.318532 -0.200236
v -0.564312 1.416099 -0.202059
v -0.628424 1.268452 0.094954
v -0.557831 1.361416 0.097868
v -0.518041 1.274979 0.298943
v -0.516191 1.364899 0.173409
v -0.339398 1.367285 0.348127
v -0.332663 1.465032 0.206973
v -0.139974 1.428848 0.367776
v -0.135499 1.511221 0.227633
v 0.013653 1.561893 0.153024
v -0.084619 1.551729 0.150650
v 0.017983 1.621633 -0.197585
v -0.079810 1.613131 -0.198347
v 0.019120 1.561764 -0.548137
v -0.079178 1.551595 -0.547300
v -0.132936 1.415408 -0.769661
v -0.129080 1.509450 -0.625681
v -0.331199 1.362435 -0.748087
v -0.327263 1.458341 -0.609638
v -0.509909 1.272262 -0.704263
v -0.510304 1.364472 -0.578503
v -0.604700 -1.604914 0.037456
v -0.611920 -1.627212 -0.158663
v -0.619253 -1.624912 -0.357786
v -0.629637 -1.597569 -0.546626
v -0.556790 -1.610979 0.132267
v -0.460386 -1.651621 0.140846
v -0.566288 -1.660250 -0.266049
v -0.463301 -1.710818 -0.282026
v -0.587842 -1.602192 -0.639616
v -0.480890 -1.646091 -0.644888
v -0.410031 -1.695232 0.046612
v -0.424140 -1.755160 -0.177199
v -0.409750 -1.723349 -0.379597
v -0.417484 -1.689076 -0.553363
v -0.353375 -1.678583 0.147153
v -0.237627 -1.694833 0.149477
v -0.350564 -1.776474 -0.321579
v -0.234394 -1.792487 -0.314308
v -0.363730 -1.675816 -0.643804
v -0.239766 -1.693675 -0.636831
v -0.177781 -1.728459 0.040820
v -0.159766 -1.792053 -0.180044
v -0.174765 -1.757681 -0.364544
v -0.175544 -1.724835 -0.538742
v -0.721442 -1.477089 0.120086
v -0.643124 -1.554175 0.124299
v -0.753560 -1.502948 -0.255225
v -0.662975 -1.592875 -0.256262
v -0.766048 -1.461521 -0.624603
v -0.682982 -1.541742 -0.630821
v -0.665885 -1.465395 -0.862112
v -0.645957 -1.544253 -0.718143
v -0.447816 -1.537794 -0.893243
v -0.431075 -1.628326 -0.733655
v -0.182660 -1.575223 -0.891625
v -0.178447 -1.665244 -0.723345
v 0.012013 -1.703143 -0.620582
v -0.113506 -1.702153 -0.627463
v 0.011202 -1.759876 -0.249401
v -0.113570 -1.763882 -0.266097
v 0.006895 -1.704130 0.160920
v -0.116659 -1.702765 0.154862
v -0.179031 -1.580618 0.423967
v -0.177843 -1.667091 0.251104
v -0.408029 -1.551751 0.401061
v -0.407257 -1.634930 0.236612
v -0.598270 -1.487948 0.358154
v -0.598384 -1.558804 0.212174
v -0.687775 -0.882263 -1.143151
v -0.670557 -0.715621 -1.123841
v -0.644902 -0.483493 -1.072453
v -0.618053 -0.197728 -1.008120
v -0.644487 -1.198335 -1.110917
v -0.528800 -1.217832 -1.148778
v -0.604985 -0.603254 -1.130924
v -0.489332 -0.592257 -1.173887
v -0.560381 -0.033330 -1.010673
v -0.458426 0.000218 -1.050196
v -0.451352 -0.888379 -1.234262
v -0.436300 -0.704852 -1.212958
v -0.420621 -0.450484 -1.157291
v -0.408352 -0.141597 -1.089249
v -0.395992 -1.236241 -1.171565
v -0.254937 -1.250863 -1.183417
v -0.365549 -0.583529 -1.201113
v -0.237737 -0.578048 -1.216881
v -0.347680 0.027553 -1.074663
v -0.230040 0.045558 -1.088907
v -0.179839 -0.896772 -1.266298
v -0.175559 -0.700752 -1.245536
v -0.171981 -0.431979 -1.189147
v -0.169986 -0.109926 -1.119358
v -0.810848 -1.169906 -0.974749
v -0.738580 -1.181010 -1.054278
v -0.797691 -0.619121 -0.978500
v -0.708755 -0.613551 -1.067365
v -0.733801 -0.084517 -0.864153
v -0.652422 -0.065178 -0.950066
v -0.593373 0.354641 -0.961114
v -0.600693 0.092564 -0.968606
v -0.397774 0.430760 -1.043797
v -0.401063 0.163679 -1.049763
v -0.168641 0.471592 -1.071609
v -0.169070 0.202919 -1.078352
v 0.015482 0.059532 -1.098280
v -0.108102 0.055471 -1.096008
v 0.016172 -0.573722 -1.227237
v -0.109775 -0.575044 -1.224686
v 0.014210 -1.263568 -1.190146
v -0.116585 -1.259877 -1.188651
v -0.185190 -1.458418 -1.034503
v -0.185257 -1.324845 -1.145126
v -0.459547 -1.422614 -1.024777
v -0.463738 -1.293265 -1.124512
v -0.682155 -1.364030 -0.974522
v -0.691657 -1.248502 -1.055535
v 0.739313 -0.922064 0.694772
v 0.747555 -0.750261 0.687401
v 0.744074 -0.509504 0.657998
v 0.730810 -0.212462 0.618948
v 0.655547 -1.231935 0.631459
v 0.564768 -1.244916 0.671817
v 0.695536 -0.630584 0.704695
v 0.584614 -0.611448 0.749870
v 0.676283 -0.040198 0.628365
v 0.575122 -0.003295 0.669207
v 0.525638 -0.910968 0.786093
v 0.527747 -0.722847 0.779431
v 0.527126 -0.462951 0.747962
v 0.524035 -0.147537 0.704216
v 0.465179 -1.255549 0.698992
v 0.358043 -1.262990 0.715389
v 0.471341 -0.595517 0.779696
v 0.358733 -0.585479 0.797766
v 0.468001 0.027035 0.696185
v 0.357979 0.047036 0.712476
v 0.301521 -0.905652 0.822951
v 0.301631 -0.707926 0.816589
v 0.301652 -0.436767 0.784188
v 0.301518 -0.110801 0.738454
v 0.805706 -1.208840 0.497143
v 0.735908 -1.218673 0.575179
v 0.879953 -0.653369 0.550087
v 0.795401 -0.646623 0.639837
v 0.837341 -0.095975 0.488338
v 0.764541 -0.074756 0.569796
v 0.696219 0.365794 0.570602
v 0.713767 0.090882 0.588045
v 0.514199 0.443406 0.646709
v 0.519573 0.166420 0.668255
v 0.300806 0.485721 0.679481
v 0.301266 0.208710 0.700822
v 0.123922 0.062234 0.723581
v 0.243469 0.057922 0.720804
v 0.123518 -0.578194 0.810216
v 0.243441 -0.580265 0.807063
v 0.124701 -1.269296 0.726483
v 0.244096 -1.267370 0.723715
v 0.303010 -1.462845 0.569793
v 0.302128 -1.333394 0.678265
v 0.515498 -1.436254 0.543569
v 0.515070 -1.314565 0.646609
v 0.688892 -1.389381 0.484091
v 0.691958 -1.281850 0.570996
v 0.850986 -1.154345 0.466562
v 0.880738 -1.045183 0.496793
v -0.860274 -0.724817 0.479279
v -0.861494 -0.886862 0.483395
v -0.847308 -0.720519 -0.940957
v -0.857198 -0.879617 -0.955122
v 0.833564 -0.748757 -0.919309
v 0.830119 -0.912016 -0.932442
v 0.078291 -0.699895 -1.251035
v 0.078186 -0.899372 -1.271512
v 0.062029 -0.704774 0.823457
v 0.062291 -0.904820 0.829751
v -0.184395 -1.197542 0.750920
v -0.187332 -1.058358 0.798210
v -0.428339 -1.182098 0.711098
v -0.439117 -1.047734 0.756041
v -0.652430 -1.152184 0.618840
v -0.670899 -1.028729 0.658159
v -0.913713 -1.133918 0.145531
v -0.948609 -1.011751 0.155523
v -0.958075 -1.133206 -0.258504
v -0.986730 -1.007949 -0.256571
v -0.933765 -1.122371 -0.651943
v -0.954883 -1.004104 -0.656376
v 0.316936 -1.192354 -1.213125
v 0.317338 -1.054011 -1.251376
v 0.528485 -1.180863 -1.177357
v 0.529376 -1.049474 -1.212707
v 0.699373 -1.160880 -1.088163
v 0.701148 -1.041785 -1.116626
v 0.925999 -1.158165 -0.627417
v 0.934228 -1.039230 -0.631074
v 1.012049 -1.165154 -0.231436
v 1.037064 -1.038891 -0.227752
v 0.964695 -1.158375 0.169594
v 0.999734 -1.038493 0.182768
v -0.696106 -1.130328 -1.108177
v -0.695665 -1.011905 -1.136417
v -0.463960 -1.162188 -1.190743
v -0.460810 -1.031390 -1.225871
v -0.184382 -1.187839 -1.218500
v -0.182915 -1.049575 -1.256663
v 0.704491 -1.168494 0.634830
v 0.722784 -1.052679 0.676897
v 0.517514 -1.186666 0.720177
v 0.521683 -1.056327 0.766330
v 0.301681 -1.197674 0.754905
v 0.301498 -1.059402 0.802418
v 0.243438 -0.985825 0.819642
v 0.123771 -0.985937 0.822746
v 0.858283 -0.988154 0.563667
v 0.777137 -0.990422 0.654158
v 0.469102 -0.986139 0.792605
v 0.358244 -0.985713 0.810479
v 0.682995 -0.989830 0.718339
v 0.578172 -0.987748 0.763034
v -0.114324 -0.978191 -1.267651
v 0.015313 -0.980057 -1.269966
v -0.822424 -0.944814 -1.011677
v -0.740511 -0.947550 -1.105443
v -0.389394 -0.966548 -1.245122
v -0.250534 -0.973603 -1.260349
v -0.640296 -0.952221 -1.173122
v -0.521863 -0.958865 -1.217813
v 0.988761 -0.976561 0.279343
v 0.928707 -0.982946 0.439190
v 0.854486 -0.977201 -0.867710
v 0.906910 -0.976317 -0.717571
v 1.051298 -0.970602 -0.118118
v 1.033911 -0.971968 0.090161
v 0.968212 -0.974357 -0.536979
v 1.026276 -0.971891 -0.332252
v 0.737957 -0.977981 -1.084864
v 0.801053 -0.977582 -0.989407
v 0.139726 -0.980486 -1.268849
v 0.259593 -0.980455 -1.264012
v 0.576982 -0.979238 -1.203124
v 0.663229 -0.978556 -1.155077
v 0.373619 -0.980227 -1.253446
v 0.480002 -0.979828 -1.234328
v -0.940282 -0.942170 -0.742105
v -0.888792 -0.943222 -0.891091
v -0.887765 -0.951634 0.412441
v -0.939577 -0.949145 0.251513
v -0.991988 -0.941780 -0.360703
v -0.975032 -0.941540 -0.563368
v -0.973999 -0.946423 0.061367
v -0.991497 -0.943546 -0.147447
v -0.729808 -0.960100 0.632185
v -0.817812 -0.955073 0.538717
v 0.000536 -0.985857 0.821741
v -0.125331 -0.985093 0.816490
v -0.507552 -0.973014 0.749837
v -0.625210 -0.966387 0.700490
v -0.253445 -0.982863 0.804764
v -0.382040 -0.978772 0.783604
v 0.855347 0.046521 0.427997
v 0.832349 0.316817 0.419522
v -0.717594 0.753238 0.400612
v -0.745648 0.552305 0.407664
v -0.705264 0.736825 -0.780160
v -0.734357 0.537956 -0.778681
v 0.799303 0.733407 -0.755142
v 0.818821 0.537848 -0.758820
v 0.075826 0.916585 -1.040199
v 0.076496 0.709989 -1.070117
v 0.062621 0.938771 0.650030
v 0.062887 0.730727 0.672764
v -0.177370 0.927955 0.641347
v -0.181337 0.721421 0.663782
v -0.399919 0.886466 0.608507
v -0.408331 0.681053 0.629981
v -0.585362 0.807200 0.535177
v -0.600117 0.603193 0.553570
v -0.785683 0.799595 0.157532
v -0.823121 0.595481 0.148323
v -0.811748 0.838880 -0.182135
v -0.848819 0.633486 -0.184496
v -0.784414 0.794493 -0.506692
v -0.820268 0.591713 -0.505682
v 0.311585 0.904536 -1.031922
v 0.314023 0.700548 -1.061822
v 0.519367 0.862480 -1.001338
v 0.523947 0.659985 -1.030999
v 0.684896 0.784647 -0.923031
v 0.693954 0.584140 -0.945802
v 0.862817 0.788915 -0.489704
v 0.886330 0.589413 -0.489808
v 0.881400 0.832628 -0.168816
v 0.907808 0.629954 -0.170329
v 0.858183 0.798101 0.170154
v 0.884470 0.594683 0.161977
v -0.571513 0.785837 -0.938150
v -0.586210 0.583322 -0.958816
v -0.387225 0.864554 -1.008655
v -0.395018 0.660478 -1.038128
v -0.164464 0.905898 -1.035568
v -0.167937 0.700768 -1.065484
v 0.659769 0.806597 0.533286
v 0.677991 0.603621 0.557133
v 0.498892 0.884822 0.602716
v 0.507504 0.680652 0.629873
v 0.297132 0.926784 0.641473
v 0.299762 0.721305 0.665495
v 0.242959 0.612615 0.676054
v 0.123904 0.617025 0.679072
v 0.461497 0.581024 0.650327
v 0.356066 0.601502 0.667104
v 0.646537 0.509925 0.587509
v 0.558420 0.549565 0.624340
v 0.793108 0.443356 0.465318
v 0.725479 0.470201 0.536878
v -0.107757 0.594628 -1.073417
v 0.015152 0.598967 -1.075546
v -0.342442 0.563905 -1.053278
v -0.228000 0.583901 -1.066689
v -0.545254 0.493091 -0.990226
v -0.448428 0.532598 -1.030046
v -0.710826 0.430595 -0.831813
v -0.633450 0.454518 -0.925034
v 0.883693 0.465502 0.231529
v 0.846103 0.442554 0.363728
v 0.919338 0.513923 -0.087595
v 0.907741 0.494690 0.077525
v 0.905917 0.493373 -0.413967
v 0.918429 0.513701 -0.253919
v 0.848868 0.434439 -0.697577
v 0.883243 0.461437 -0.562893
v 0.733782 0.455434 -0.911529
v 0.799015 0.431377 -0.815463
v 0.571358 0.532130 -1.022079
v 0.657204 0.493425 -0.979859
v 0.370251 0.583505 -1.062201
v 0.475650 0.563168 -1.047148
v 0.137628 0.598998 -1.074599
v 0.256832 0.594590 -1.070632
v -0.817689 0.462956 -0.578892
v -0.772826 0.434541 -0.714710
v -0.861731 0.517811 -0.268662
v -0.846920 0.496433 -0.428882
v -0.849316 0.497821 0.062862
v -0.862368 0.517991 -0.102438
v -0.781830 0.444158 0.350883
v -0.823033 0.467685 0.217465
v -0.646909 0.471023 0.528840
v -0.722770 0.444518 0.454557
v -0.462113 0.550526 0.620833
v -0.559103 0.510730 0.582120
v -0.241520 0.601854 0.664406
v -0.355949 0.581842 0.647558
v 0.001478 0.616982 0.678227
v -0.121367 0.612616 0.673864
v 0.810517 0.552168 0.418244
v 0.786871 0.751848 0.409025
v -0.646253 1.070203 0.317300
v -0.681213 0.929103 0.368036
v -0.636254 1.062221 -0.718951
v -0.669402 0.915558 -0.759457
v 0.748981 1.041604 -0.699585
v 0.774407 0.904390 -0.734793
v 0.072306 1.297620 -0.892286
v 0.074356 1.115173 -0.981203
v 0.062701 1.312292 0.500651
v 0.062032 1.132591 0.596489
v -0.153113 1.286240 0.496514
v -0.167252 1.117225 0.588118
v -0.356931 1.234540 0.467268
v -0.381168 1.071325 0.556467
v -0.533857 1.148543 0.405806
v -0.560729 0.989265 0.487495
v -0.688365 1.141529 0.114321
v -0.740217 0.982168 0.144742
v -0.706616 1.186867 -0.193678
v -0.764196 1.023850 -0.185339
v -0.685850 1.138967 -0.495739
v -0.739080 0.977602 -0.502732
v 0.294930 1.266985 -0.884411
v 0.305230 1.094985 -0.973005
v 0.491698 1.208346 -0.856115
v 0.508031 1.045704 -0.943031
v 0.650986 1.119657 -0.796866
v 0.669185 0.963533 -0.873799
v 0.788560 1.116225 -0.481845
v 0.830637 0.964293 -0.486365
v 0.801711 1.163824 -0.181897
v 0.847186 1.009988 -0.172719
v 0.783906 1.121223 0.125620
v 0.825743 0.973069 0.156681
v -0.523356 1.139716 -0.809103
v -0.548076 0.972454 -0.888631
v -0.346622 1.225589 -0.862838
v -0.369479 1.054185 -0.950199
v -0.142486 1.276801 -0.887801
v -0.155226 1.099931 -0.976556
v 0.637079 1.138552 0.399209
v 0.647550 0.989257 0.477947
v 0.479503 1.226239 0.458379
v 0.490542 1.070103 0.544453
v 0.289037 1.296825 0.479497
v 0.292786 1.116444 0.584707
v 0.238737 1.028080 0.624053
v 0.121921 1.035794 0.628043
v 0.448450 0.992343 0.592332
v 0.348672 1.014020 0.612316
v 0.615927 0.921072 0.530947
v 0.537304 0.961659 0.564429
v 0.748167 0.844569 0.433158
v 0.687273 0.878237 0.488392
v -0.102592 1.009582 -1.012406
v 0.015558 1.015914 -1.014537
v -0.327611 0.975303 -0.992666
v -0.217726 0.996532 -1.005744
v -0.520192 0.902519 -0.938703
v -0.429380 0.943464 -0.971122
v -0.661050 0.831456 -0.821049
v -0.597706 0.859963 -0.891587
v 0.830860 0.871795 0.237323
v 0.796872 0.844203 0.351479
v 0.863796 0.922433 -0.082815
v 0.852551 0.903942 0.088538
v 0.856286 0.896768 -0.413470
v 0.865083 0.920059 -0.254159
v 0.806753 0.827902 -0.691456
v 0.836982 0.859787 -0.560667
v 0.710357 0.855350 -0.872754
v 0.764945 0.825481 -0.796313
v 0.559991 0.938949 -0.962556
v 0.641866 0.898354 -0.926211
v 0.363782 0.993042 -1.001280
v 0.466758 0.970853 -0.986415
v 0.134855 1.015214 -1.013611
v 0.252262 1.007470 -1.009669
v -0.748350 0.868176 -0.580452
v -0.710859 0.835227 -0.716405
v -0.787831 0.930102 -0.267347
v -0.774337 0.906297 -0.428448
v -0.773797 0.909480 0.075969
v -0.787122 0.930888 -0.095690
v -0.720674 0.848408 0.341777
v -0.751863 0.875775 0.225555
v -0.611654 0.879374 0.490652
v -0.674788 0.848890 0.427684
v -0.441700 0.963695 0.573548
v -0.533097 0.922573 0.537963
v -0.230139 1.016914 0.614448
v -0.339858 0.995603 0.598576
v 0.002794 1.036452 0.627461
v -0.115207 1.030052 0.623369
v -0.259140 -0.811438 0.811354
v -0.328017 -0.705321 0.794924
v -0.392311 -0.810227 0.789382
v -0.322170 -0.901269 0.801982
v -0.255213 -0.277958 0.750340
v -0.313833 -0.119731 0.719118
v -0.383154 -0.288781 0.729730
v -0.324721 -0.439008 0.763130
v -0.521001 -0.809827 0.754676
v -0.584267 -0.711645 0.724609
v -0.639157 -0.810695 0.704306
v -0.575550 -0.894849 0.732611
v -0.503881 -0.306630 0.697236
v -0.545466 -0.164812 0.656066
v -0.612087 -0.329958 0.649934
v -0.572721 -0.463842 0.695087
v 0.002915 -1.406498 0.632448
v -0.059325 -1.337897 0.681299
v -0.120283 -1.404396 0.628176
v -0.058203 -1.470944 0.571929
v -0.000129 -0.812591 0.829083
v -0.063655 -0.704818 0.820389
v -0.127519 -0.812341 0.823610
v -0.062736 -0.904580 0.826763
v 0.000199 -0.269968 0.767112
v -0.061920 -0.103845 0.741855
v -0.126280 -0.272307 0.761897
v -0.063315 -0.431543 0.787841
v 0.005234 1.223751 0.553646
v -0.046995 1.304613 0.500756
v -0.105944 1.213015 0.550479
v -0.053946 1.128983 0.594268
v -0.213989 1.195678 0.541960
v -0.256665 1.263722 0.485645
v -0.318610 1.171612 0.526830
v -0.277014 1.098649 0.576243
v -0.417454 1.138410 0.503162
v -0.450935 1.195909 0.440421
v -0.506878 1.095878 0.470253
v -0.476849 1.033727 0.527070
v -0.582572 1.048778 0.428404
v -0.600631 1.098943 0.365534
v -0.640909 1.011918 0.376178
v -0.629604 0.947826 0.436357
v -0.704783 -0.353207 0.584557
v -0.726520 -0.219426 0.528500
v -0.782389 -0.368127 0.496653
v -0.763615 -0.497086 0.559486
v -0.742033 -0.812216 0.634908
v -0.785625 -0.723455 0.584739
v -0.827444 -0.812776 0.540804
v -0.783161 -0.889471 0.593001
v -0.661834 -1.321111 0.493010
v -0.714730 -1.254156 0.495106
v -0.731598 -1.300567 0.430160
v -0.685730 -1.360657 0.428012
v -0.470523 -1.369840 0.576816
v -0.530534 -1.295666 0.604346
v -0.573291 -1.346517 0.540527
v -0.517050 -1.419075 0.508339
v -0.241476 -1.398575 0.618968
v -0.302588 -1.327143 0.660986
v -0.358755 -1.387493 0.602591
v -0.299115 -1.457712 0.554513
v -0.978887 -0.797875 0.067549
v -0.983486 -0.701445 -0.031210
v -0.994228 -0.792402 -0.140273
v -0.989126 -0.874500 -0.038281
v -0.933436 -0.329947 0.068973
v -0.926327 -0.172282 -0.021221
v -0.948970 -0.315765 -0.117043
v -0.959844 -0.463268 -0.024833
v -0.993018 -0.791186 -0.353304
v -0.980509 -0.699359 -0.449107
v -0.975252 -0.794499 -0.556549
v -0.987922 -0.871715 -0.461786
v -0.947474 -0.315058 -0.308916
v -0.923489 -0.171205 -0.385610
v -0.929033 -0.328017 -0.494720
v -0.956763 -0.461636 -0.421315
v -0.780010 -1.297824 0.339045
v -0.825445 -1.247417 0.289844
v -0.813926 -1.310723 0.208313
v -0.768978 -1.355490 0.269754
v -0.895455 -0.810386 0.415165
v -0.918560 -0.719745 0.336890
v -0.946069 -0.804811 0.255979
v -0.921893 -0.883435 0.339289
v -0.847451 -0.366772 0.381456
v -0.857067 -0.217135 0.303075
v -0.899150 -0.350505 0.237756
v -0.893296 -0.494603 0.322867
v -0.680018 1.011493 0.302541
v -0.670448 1.097553 0.234232
v -0.705227 1.045370 0.196082
v -0.716136 0.946419 0.272998
v -0.723653 1.083117 0.056074
v -0.701532 1.174847 -0.033656
v -0.734869 1.105799 -0.106194
v -0.757136 1.012501 -0.014369
v -0.735142 1.105199 -0.270543
v -0.701033 1.173906 -0.349906
v -0.723290 1.080801 -0.425602
v -0.757942 1.010859 -0.349176
v -0.701349 1.040041 -0.569294
v -0.664016 1.092331 -0.624545
v -0.671031 1.002335 -0.691975
v -0.709586 0.937304 -0.644216
v -0.891842 -0.347939 -0.663423
v -0.848507 -0.215590 -0.710422
v -0.836079 -0.364555 -0.806996
v -0.883849 -0.491306 -0.766428
v -0.940017 -0.799998 -0.736671
v -0.909704 -0.715244 -0.806153
v -0.887091 -0.804915 -0.887098
v -0.917708 -0.877187 -0.819776
v -0.860176 -1.291648 -0.712422
v -0.869368 -1.227828 -0.792225
v -0.836740 -1.274538 -0.840747
v -0.827398 -1.332834 -0.771940
v -0.877507 -1.322893 -0.357551
v -0.908324 -1.253993 -0.459000
v -0.873785 -1.310308 -0.548153
v -0.841701 -1.379458 -0.451922
v -0.843280 -1.322900 0.039351
v -0.889812 -1.262207 -0.053970
v -0.866856 -1.327291 -0.155600
v -0.819308 -1.388163 -0.057704
v 0.373713 -0.810597 -1.249359
v 0.427991 -0.707760 -1.226720
v 0.480351 -0.814384 -1.230225
v 0.428032 -0.901522 -1.246819
v 0.372383 -0.279578 -1.143628
v 0.426060 -0.123877 -1.102998
v 0.478870 -0.294281 -1.126317
v 0.427261 -0.442286 -1.171478
v 0.577751 -0.819943 -1.198995
v 0.622774 -0.725736 -1.163866
v 0.664619 -0.826609 -1.151103
v 0.622103 -0.906146 -1.182975
v 0.576271 -0.315729 -1.098002
v 0.620366 -0.173492 -1.047370
v 0.664057 -0.341310 -1.054667
v 0.622154 -0.476306 -1.111757
v 0.138277 -1.401026 -1.094106
v 0.199287 -1.332141 -1.145013
v 0.258135 -1.397882 -1.091429
v 0.198435 -1.464555 -1.031953
v 0.139777 -0.807585 -1.264738
v 0.200135 -0.700598 -1.248309
v 0.259570 -0.808474 -1.259919
v 0.200309 -0.899684 -1.268727
v 0.138855 -0.268003 -1.157597
v 0.198783 -0.104076 -1.122018
v 0.258381 -0.271308 -1.153190
v 0.199567 -0.428664 -1.192001
v 0.130795 1.207469 -0.939759
v 0.184653 1.287693 -0.890087
v 0.245102 1.194116 -0.935894
v 0.191492 1.109128 -0.978912
v 0.353726 1.173306 -0.927677
v 0.397564 1.240654 -0.873667
v 0.453536 1.146439 -0.913253
v 0.411208 1.074292 -0.961748
v 0.544392 1.111693 -0.890722
v 0.577231 1.167939 -0.830532
v 0.624686 1.068623 -0.858686
v 0.594856 1.007929 -0.914575
v 0.691058 1.021154 -0.815635
v 0.709141 1.069673 -0.754968
v 0.741714 0.984426 -0.756904
v 0.728864 0.921973 -0.816506
v 0.742286 -0.365360 -0.991656
v 0.777568 -0.227955 -0.921637
v 0.809477 -0.380546 -0.904223
v 0.776865 -0.513526 -0.981472
v 0.740145 -0.832893 -1.081439
v 0.774800 -0.745459 -1.026322
v 0.803943 -0.836791 -0.986442
v 0.772179 -0.911308 -1.041414
v 0.732107 -1.323062 -0.973971
v 0.764326 -1.261511 -0.972994
v 0.790039 -1.305718 -0.910126
v 0.762449 -1.360546 -0.910001
v 0.574294 -1.365034 -1.054353
v 0.618590 -1.294852 -1.080988
v 0.659669 -1.344883 -1.021136
v 0.618937 -1.412790 -0.990060
v 0.371833 -1.391429 -1.086035
v 0.426260 -1.321302 -1.129876
v 0.477770 -1.380770 -1.075050
v 0.425601 -1.448879 -1.024745
v 0.971023 -0.823102 -0.530662
v 1.001347 -0.723554 -0.422886
v 1.030563 -0.815736 -0.325376
v 1.002067 -0.900867 -0.434439
v 0.958245 -0.346193 -0.473499
v 0.970657 -0.186569 -0.365282
v 1.001268 -0.331915 -0.286051
v 0.990506 -0.481388 -0.397594
v 1.059843 -0.813658 -0.111143
v 1.057473 -0.719658 -0.002566
v 1.048428 -0.818806 0.096752
v 1.055013 -0.897861 -0.008839
v 1.022301 -0.331393 -0.093072
v 1.002125 -0.187378 0.001006
v 1.013568 -0.345736 0.093198
v 1.038258 -0.479052 0.001191
v 0.834607 -1.304877 -0.819257
v 0.863372 -1.260190 -0.770038
v 0.872633 -1.319204 -0.691239
v 0.841050 -1.357986 -0.751541
v 0.857582 -0.836335 -0.864171
v 0.884647 -0.744611 -0.783229
v 0.909758 -0.831193 -0.712538
v 0.881420 -0.910294 -0.795979
v 0.863982 -0.380298 -0.788421
v 0.887380 -0.227604 -0.692797
v 0.910745 -0.365810 -0.643652
v 0.887221 -0.513189 -0.745728
v 0.777301 0.985689 -0.670440
v 0.771868 1.070452 -0.607345
v 0.801687 1.022359 -0.551892
v 0.807695 0.925011 -0.622494
v 0.817823 1.062227 -0.411880
v 0.798938 1.150625 -0.337725
v 0.825361 1.086260 -0.258164
v 0.843739 0.996605 -0.335826
v 0.824093 1.088072 -0.094059
v 0.796506 1.153174 -0.022020
v 0.814158 1.067594 0.067955
v 0.841183 1.001036 -0.001960
v 0.795785 1.031079 0.207314
v 0.764969 1.077974 0.244597
v 0.768209 0.997300 0.312135
v 0.800134 0.937792 0.283726
v 0.980139 -0.368185 0.261637
v 0.939378 -0.233610 0.324437
v 0.928570 -0.387460 0.404605
v 0.970585 -0.516180 0.348453
v 1.007869 -0.829595 0.284772
v 0.983326 -0.745789 0.365063
v 0.949296 -0.841355 0.443245
v 0.972300 -0.912474 0.367482
v 0.880389 -1.320442 0.225613
v 0.877050 -1.262219 0.308400
v 0.837929 -1.307309 0.355337
v 0.841521 -1.359646 0.284923
v 0.940564 -1.343498 -0.134880
v 0.958859 -1.282426 -0.031858
v 0.917419 -1.334809 0.058270
v 0.901723 -1.394839 -0.040010
v 0.909501 -1.334460 -0.526861
v 0.947949 -1.282432 -0.435625
v 0.937300 -1.343461 -0.336035
v 0.899227 -1.394669 -0.432454
v 0.370584 -1.751633 -0.040475
v 0.439729 -1.747732 -0.196353
v 0.481690 -1.699560 -0.073088
v 0.425589 -1.692696 0.041872
v 0.368920 -1.713312 -0.461115
v 0.425261 -1.686145 -0.548555
v 0.478549 -1.691173 -0.462321
v 0.423050 -1.717142 -0.389002
v 0.582233 -1.663147 -0.055842
v 0.631199 -1.651095 -0.151036
v 0.675642 -1.619207 -0.046407
v 0.627229 -1.626562 0.050925
v 0.582892 -1.660945 -0.452069
v 0.631015 -1.627669 -0.541360
v 0.678419 -1.620212 -0.443527
v 0.632138 -1.650799 -0.351110
v 0.127894 -1.628733 0.347970
v 0.189171 -1.663102 0.256948
v 0.247504 -1.620188 0.346850
v 0.187442 -1.580146 0.430826
v 0.134513 -1.749811 -0.061918
v 0.181255 -1.784199 -0.173646
v 0.254894 -1.768865 -0.041004
v 0.193530 -1.727320 0.044021
v 0.135379 -1.739524 -0.434212
v 0.195676 -1.717518 -0.529998
v 0.255072 -1.728967 -0.447345
v 0.197201 -1.748232 -0.357959
v 0.136422 -1.626842 -0.801956
v 0.197484 -1.577477 -0.886185
v 0.256391 -1.618972 -0.805515
v 0.196472 -1.662091 -0.715495
v 0.371000 -1.606719 -0.809527
v 0.425619 -1.555908 -0.888603
v 0.478844 -1.589243 -0.809842
v 0.426057 -1.634417 -0.726374
v 0.578435 -1.564877 -0.802888
v 0.622044 -1.510823 -0.868294
v 0.667587 -1.532103 -0.787835
v 0.627064 -1.581723 -0.717334
v 0.743310 -1.489459 -0.767462
v 0.768483 -1.435801 -0.817466
v 0.802023 -1.434017 -0.750036
v 0.782431 -1.486591 -0.688478
v 0.763180 -1.564948 -0.437600
v 0.796311 -1.519799 -0.525905
v 0.836835 -1.490470 -0.432910
v 0.804486 -1.536696 -0.339548
v 0.760477 -1.564079 -0.046790
v 0.803331 -1.536413 -0.143292
v 0.835370 -1.490317 -0.045312
v 0.792840 -1.519245 0.046555
v 0.735910 -1.489311 0.291481
v 0.776720 -1.486525 0.213326
v 0.796696 -1.435003 0.279172
v 0.761137 -1.436874 0.345527
v 0.569996 -1.563375 0.324049
v 0.620064 -1.579530 0.234822
v 0.659537 -1.530933 0.308429
v 0.612666 -1.510470 0.391293
v 0.362165 -1.606881 0.343253
v 0.419034 -1.633245 0.251516
v 0.470169 -1.588310 0.335822
v 0.415520 -1.556826 0.421161
v 0.314615 1.568247 -0.371603
v 0.363479 1.567899 -0.282736
v 0.413799 1.539922 -0.367210
v 0.365829 1.534514 -0.454614
v 0.311866 1.568265 -0.018963
v 0.361776 1.534553 0.064820
v 0.411106 1.539940 -0.021826
v 0.362109 1.567908 -0.107056
v 0.510324 1.500558 -0.361076
v 0.556278 1.486773 -0.275945
v 0.600092 1.446143 -0.353875
v 0.556399 1.456378 -0.437249
v 0.507715 1.500576 -0.026530
v 0.552591 1.456416 0.050082
v 0.597589 1.446164 -0.032589
v 0.554992 1.486782 -0.110958
v 0.121356 1.485363 -0.703154
v 0.170645 1.518641 -0.626606
v 0.225794 1.466828 -0.700059
v 0.177056 1.426214 -0.771492
v 0.116621 1.603173 -0.375991
v 0.165043 1.609726 -0.286368
v 0.215180 1.589410 -0.374400
v 0.166794 1.577867 -0.462324
v 0.113827 1.603191 -0.017662
v 0.162647 1.577907 0.069454
v 0.212399 1.589429 -0.017715
v 0.163640 1.609735 -0.106520
v 0.113654 1.487426 0.309802
v 0.169788 1.436041 0.375796
v 0.218005 1.468536 0.308343
v 0.163927 1.519051 0.234047
v 0.319989 1.442602 0.303440
v 0.374689 1.380194 0.365324
v 0.417016 1.412482 0.293626
v 0.365422 1.471035 0.225429
v 0.508570 1.374760 0.277964
v 0.553102 1.301045 0.331496
v 0.592210 1.325453 0.257444
v 0.551222 1.394569 0.199701
v 0.663769 1.262374 0.235936
v 0.691541 1.184618 0.281181
v 0.720923 1.183265 0.225359
v 0.698201 1.260058 0.168879
v 0.675988 1.373230 -0.037934
v 0.706814 1.312003 0.034639
v 0.741631 1.277172 -0.036551
v 0.712778 1.338307 -0.114388
v 0.678391 1.373108 -0.346970
v 0.713974 1.338135 -0.268283
v 0.743991 1.276375 -0.341425
v 0.710321 1.311483 -0.417396
v 0.671391 1.260928 -0.623363
v 0.704013 1.258907 -0.553193
v 0.727873 1.180238 -0.606257
v 0.700563 1.180759 -0.667514
v 0.516746 1.373574 -0.666436
v 0.557674 1.394160 -0.587528
v 0.600334 1.324260 -0.645664
v 0.563669 1.298256 -0.720354
v 0.327877 1.441163 -0.693644
v 0.372070 1.470624 -0.615122
v 0.425067 1.411294 -0.682702
v 0.383273 1.374354 -0.756947
v -0.474939 1.471276 -0.362252
v -0.429796 1.508595 -0.283632
v -0.379778 1.519696 -0.368015
v -0.426401 1.479169 -0.444906
v -0.477441 1.471294 -0.040966
v -0.430201 1.479206 0.042438
v -0.382386 1.519714 -0.033468
v -0.431082 1.508604 -0.118645
v -0.279629 1.554261 -0.372616
v -0.229630 1.579797 -0.287361
v -0.178553 1.579407 -0.375449
v -0.228487 1.548334 -0.459247
v -0.282323 1.554279 -0.027232
v -0.232537 1.548373 0.060194
v -0.181303 1.579426 -0.022808
v -0.231000 1.579807 -0.111681
v -0.611672 1.208399 -0.619097
v -0.585143 1.288816 -0.563952
v -0.546750 1.290337 -0.633622
v -0.579322 1.208565 -0.679996
v -0.635429 1.305405 -0.352318
v -0.602141 1.367929 -0.278553
v -0.560608 1.402423 -0.356640
v -0.595184 1.341394 -0.427720
v -0.637201 1.305705 -0.047276
v -0.598404 1.341632 0.024495
v -0.562936 1.402478 -0.047582
v -0.603200 1.367991 -0.124636
v -0.618274 1.210682 0.215482
v -0.587381 1.211648 0.272977
v -0.553633 1.291627 0.227217
v -0.590662 1.289625 0.159074
v -0.474464 1.352657 0.250140
v -0.433726 1.326004 0.326319
v -0.383647 1.398251 0.272060
v -0.429120 1.419374 0.192415
v -0.286162 1.435117 0.287972
v -0.240570 1.399787 0.362428
v -0.186016 1.467900 0.295810
v -0.234746 1.488254 0.220696
v -0.088127 1.482163 0.304198
v -0.039683 1.445585 0.373654
v 0.011904 1.495107 0.306542
v -0.036893 1.527607 0.231555
v -0.081740 1.597032 -0.020009
v -0.033979 1.583826 0.067921
v 0.016138 1.605916 -0.018423
v -0.031586 1.614564 -0.108042
v -0.078959 1.597013 -0.376693
v -0.030184 1.614554 -0.287890
v 0.018932 1.605896 -0.376753
v -0.029833 1.583786 -0.463857
v -0.080957 1.477014 -0.702448
v -0.030506 1.525549 -0.628174
v 0.018759 1.488935 -0.703953
v -0.032638 1.432951 -0.773125
v -0.279039 1.430872 -0.688187
v -0.228298 1.487245 -0.619797
v -0.179965 1.456615 -0.697596
v -0.232677 1.392045 -0.761740
v -0.467342 1.351508 -0.654197
v -0.422969 1.418978 -0.595192
v -0.376270 1.397098 -0.673436
v -0.425429 1.323303 -0.728339
v -0.562184 -1.649013 -0.059026
v -0.514753 -1.683973 -0.168266
v -0.464242 -1.697642 -0.060159
v -0.512216 -1.657000 0.042128
v -0.574127 -1.644727 -0.456755
v -0.528211 -1.651714 -0.551888
v -0.468684 -1.691212 -0.462628
v -0.518080 -1.681780 -0.369724
v -0.355043 -1.758874 -0.030747
v 0.349125 -2.093852 -0.274333
v -0.238506 -1.774510 -0.041137
v -0.297294 -1.718301 0.047376
v -0.355553 -1.721528 -0.461849
v -0.298887 -1.712500 -0.548182
v -0.236216 -1.738647 -0.453870
v -0.294800 -1.748485 -0.379080
v -0.707091 -1.440313 0.266341
v -0.677230 -1.498382 0.201222
v -0.636775 -1.501783 0.280092
v -0.672445 -1.442684 0.333372
v -0.739132 -1.498303 -0.059482
v -0.703421 -1.550115 -0.156640
v -0.653316 -1.584458 -0.058948
v -0.689900 -1.533844 0.033947
v -0.761264 -1.490637 -0.448860
v -0.721424 -1.523539 -0.541062
v -0.671663 -1.578881 -0.451064
v -0.713571 -1.546837 -0.353670
v -0.771705 -1.417415 -0.768745
v -0.744265 -1.417631 -0.836394
v -0.699247 -1.481189 -0.784476
v -0.731590 -1.480150 -0.705355
v -0.607968 -1.531677 -0.802373
v -0.565840 -1.505757 -0.882347
v -0.499360 -1.570961 -0.814008
v -0.545234 -1.592942 -0.729145
v -0.376869 -1.599526 -0.817122
v -0.317253 -1.560894 -0.895054
v -0.246439 -1.618042 -0.813345
v -0.306936 -1.651838 -0.730758
v -0.115368 -1.627719 -0.807010
v -0.051340 -1.581656 -0.887495
v 0.012371 -1.630108 -0.802304
v -0.050710 -1.670411 -0.715812
v -0.113149 -1.746012 -0.441251
v -0.050664 -1.728898 -0.528519
v 0.011442 -1.745767 -0.431331
v -0.051255 -1.757522 -0.345268
v -0.115737 -1.749540 -0.065117
v -0.052827 -1.757980 -0.158129
v 0.009252 -1.747676 -0.050523
v -0.054535 -1.729486 0.052941
v -0.117691 -1.630500 0.343936
v -0.055669 -1.671705 0.256434
v 0.005298 -1.632281 0.347296
v -0.056980 -1.585210 0.428929
v -0.352901 -1.607646 0.328511
v -0.296067 -1.655387 0.245427
v -0.238093 -1.622731 0.337900
v -0.296990 -1.570030 0.415051
v -0.554291 -1.548412 0.298110
v -0.508453 -1.603358 0.224942
v -0.459135 -1.583338 0.314944
v -0.509371 -1.524401 0.381690
v -0.626457 -0.804922 -1.167690
v -0.559083 -0.709767 -1.177857
v -0.507874 -0.803974 -1.212253
v -0.576980 -0.884634 -1.198784
v -0.580309 -0.332963 -1.066864
v -0.517901 -0.168605 -1.057382
v -0.471486 -0.309725 -1.107583
v -0.537491 -0.466402 -1.123632
v -0.378578 -0.804419 -1.239925
v -0.306713 -0.702032 -1.234149
v -0.244499 -0.805818 -1.255649
v -0.316349 -0.892927 -1.255242
v -0.354704 -0.290645 -1.133469
v -0.291534 -0.121899 -1.108710
v -0.232803 -0.277990 -1.148592
v -0.297676 -0.438957 -1.177914
v -0.795536 -1.274872 -0.931568
v -0.772208 -1.229634 -0.994424
v -0.729927 -1.294454 -0.994361
v -0.758599 -1.333378 -0.930533
v -0.817062 -0.807110 -1.007960
v -0.767258 -0.720163 -1.046058
v -0.730156 -0.806510 -1.100842
v -0.780952 -0.880987 -1.062552
v -0.764257 -0.367469 -0.921220
v -0.707217 -0.220815 -0.936242
v -0.678535 -0.354713 -1.006434
v -0.739828 -0.496709 -0.998835
v -0.628905 1.000106 -0.778210
v -0.589742 1.090253 -0.771582
v -0.570516 1.036041 -0.832065
v -0.616167 0.931859 -0.837748
v -0.495565 1.082872 -0.870023
v -0.440700 1.187005 -0.839441
v -0.406425 1.125310 -0.898800
v -0.464972 1.016671 -0.924553
v -0.307491 1.158452 -0.919257
v -0.246158 1.254726 -0.878676
v -0.202668 1.182453 -0.931979
v -0.265198 1.081436 -0.966996
v -0.094440 1.199726 -0.938524
v -0.036762 1.292709 -0.891809
v 0.016622 1.209351 -0.940647
v -0.041750 1.111616 -0.980721
v -0.108527 -0.270936 -1.156122
v -0.046266 -0.104016 -1.123934
v 0.015928 -0.267988 -1.158567
v -0.046270 -0.428463 -1.193989
v -0.112041 -0.806927 -1.263321
v -0.046940 -0.700081 -1.250419
v 0.015877 -0.807316 -1.265802
v -0.048145 -0.898751 -1.270977
v -0.117368 -1.397071 -1.095000
v -0.050717 -1.331458 -1.147371
v 0.013381 -1.401129 -1.095206
v -0.051421 -1.465454 -1.034030
v -0.395083 -1.369661 -1.085658
v -0.325940 -1.311868 -1.138826
v -0.255200 -1.386798 -1.092790
v -0.324142 -1.444117 -1.032856
v -0.639342 -1.320642 -1.039198
v -0.587826 -1.271136 -1.097811
v -0.526089 -1.346853 -1.068954
v -0.581045 -1.395145 -1.005924
v 0.693331 -0.839078 0.723994
v 0.640872 -0.736598 0.742178
v 0.583376 -0.829067 0.769399
v 0.635959 -0.916714 0.749109
v 0.688757 -0.351097 0.667023
v 0.631851 -0.179070 0.669737
v 0.581402 -0.321925 0.710410
v 0.639217 -0.485885 0.711578
v 0.470855 -0.820785 0.799413
v 0.415075 -0.713227 0.803156
v 0.358582 -0.815960 0.817597
v 0.414461 -0.907304 0.809641
v 0.470223 -0.297737 0.738999
v 0.414032 -0.124556 0.726108
v 0.358495 -0.281982 0.756285
v 0.414929 -0.446419 0.771100
v 0.787850 -1.308915 0.445320
v 0.763864 -1.265881 0.510816
v 0.725427 -1.326380 0.506467
v 0.755677 -1.363021 0.441316
v 0.877436 -0.847907 0.567386
v 0.840349 -0.758387 0.610135
v 0.792598 -0.846594 0.658739
v 0.829406 -0.923936 0.617736
v 0.863077 -0.391521 0.518657
v 0.814373 -0.238138 0.547457
v 0.783826 -0.377240 0.604678
v 0.834196 -0.526082 0.582680
v 0.731653 1.006937 0.375239
v 0.699171 1.089569 0.362256
v 0.676617 1.047899 0.418730
v 0.712537 0.946660 0.433459
v 0.607034 1.093717 0.457272
v 0.562877 1.185869 0.432316
v 0.528893 1.136958 0.488738
v 0.573779 1.033905 0.513351
v 0.440840 1.170049 0.513574
v 0.391077 1.271095 0.464775
v 0.344998 1.202845 0.526015
v 0.396895 1.096754 0.567864
v 0.234493 1.213376 0.546163
v 0.175779 1.305517 0.495686
v 0.119922 1.224342 0.552541
v 0.178954 1.126832 0.594950
v 0.243485 -0.273518 0.765156
v 0.184207 -0.104224 0.743903
v 0.123703 -0.270153 0.768144
v 0.184083 -0.432204 0.789993
v 0.243394 -0.813670 0.826949
v 0.184007 -0.705505 0.822559
v 0.123542 -0.812791 0.830125
v 0.184063 -0.905018 0.828856
v 0.244796 -1.402701 0.631059
v 0.185290 -1.337290 0.683224
v 0.125481 -1.405930 0.633408
v 0.186187 -1.468931 0.573854
v 0.464919 -1.384586 0.609451
v 0.412496 -1.326012 0.666890
v 0.358546 -1.395892 0.623795
v 0.413314 -1.452219 0.560347
v 0.649882 -1.348104 0.551878
v 0.608689 -1.299251 0.615184
v 0.562521 -1.368363 0.585881
v 0.608008 -1.414845 0.518125
v 0.243661 -1.130297 0.785690
v 0.184279 -1.060272 0.808162
v 0.124150 -1.131289 0.788679
v 0.184677 -1.199969 0.760386
v 0.831356 -1.102820 0.538481
v 0.807257 -1.049362 0.601777
v 0.755429 -1.108325 0.625170
v 0.782600 -1.159630 0.564430
v 0.466879 -1.124484 0.759410
v 0.413518 -1.057942 0.789421
v 0.358007 -1.128053 0.776814
v 0.412720 -1.193288 0.742429
v 0.668327 -1.114357 0.687056
v 0.626226 -1.054790 0.730028
v 0.570905 -1.119844 0.730531
v 0.615531 -1.178088 0.685283
v -0.115703 -1.122368 -1.244171
v -0.049185 -1.053643 -1.261042
v 0.014808 -1.125317 -1.246248
v -0.049910 -1.193400 -1.222260
v -0.819803 -1.060523 -1.000541
v -0.784304 -1.005929 -1.057163
v -0.742500 -1.066763 -1.089908
v -0.781028 -1.118933 -1.035494
v -0.394664 -1.103864 -1.223148
v -0.322804 -1.041716 -1.246160
v -0.253708 -1.115207 -1.237447
v -0.325326 -1.177045 -1.209240
v -0.645447 -1.077265 -1.154298
v -0.587116 -1.020818 -1.191127
v -0.528094 -1.090394 -1.197064
v -0.589667 -1.145686 -1.158550
v 0.957373 -1.098883 0.265428
v 0.945372 -1.041115 0.356284
v 0.898318 -1.099459 0.419354
v 0.911623 -1.154492 0.334900
v 0.851872 -1.094490 -0.861037
v 0.878722 -1.038005 -0.794947
v 0.903192 -1.097677 -0.714761
v 0.874422 -1.151819 -0.786654
v 1.029294 -1.102489 -0.123851
v 1.036027 -1.038062 -0.015949
v 1.005421 -1.100427 0.081101
v 1.004011 -1.162883 -0.023460
v 0.960692 -1.101267 -0.537337
v 0.995379 -1.039556 -0.438088
v 1.012078 -1.103075 -0.335337
v 0.979429 -1.163412 -0.438280
v 0.735891 -1.098886 -1.068886
v 0.769777 -1.038682 -1.035422
v 0.798627 -1.094638 -0.978105
v 0.767396 -1.152294 -1.013693
v 0.139496 -1.125806 -1.245102
v 0.200210 -1.054862 -1.258694
v 0.259373 -1.124928 -1.240411
v 0.199892 -1.194598 -1.219873
v 0.575942 -1.112716 -1.181745
v 0.620869 -1.045727 -1.174244
v 0.661684 -1.105586 -1.135633
v 0.619596 -1.171290 -1.141402
v 0.373254 -1.122649 -1.230260
v 0.427666 -1.052270 -1.237099
v 0.479364 -1.118638 -1.211863
v 0.427066 -1.187934 -1.200026
v -0.928425 -1.061696 -0.739053
v -0.912834 -1.002848 -0.818828
v -0.881208 -1.059194 -0.884338
v -0.897590 -1.116184 -0.810072
v -0.864163 -1.072241 0.395696
v -0.905549 -1.012523 0.330268
v -0.914097 -1.072639 0.240385
v -0.872737 -1.130823 0.312427
v -0.974621 -1.069279 -0.363100
v -0.979797 -1.005865 -0.465467
v -0.960164 -1.065615 -0.563336
v -0.954682 -1.128661 -0.464484
v -0.949594 -1.073285 0.054440
v -0.975918 -1.010187 -0.044469
v -0.970690 -1.072052 -0.151871
v -0.943185 -1.135138 -0.049479
v -0.711289 -1.085151 0.606083
v -0.766996 -1.020168 0.579585
v -0.796967 -1.076010 0.516643
v -0.744140 -1.138521 0.545526
v 0.001258 -1.131313 0.787702
v -0.061463 -1.060127 0.806158
v -0.123278 -1.130103 0.782691
v -0.060364 -1.200089 0.758437
v -0.493723 -1.110212 0.719035
v -0.559890 -1.038626 0.715537
v -0.608759 -1.097556 0.671597
v -0.545218 -1.167991 0.672783
v -0.248139 -1.126771 0.771568
v -0.313854 -1.054396 0.782555
v -0.372167 -1.120328 0.751418
v -0.307347 -1.191931 0.736163
v 0.243338 0.357649 0.691687
v 0.184163 0.493315 0.684816
v 0.124000 0.362214 0.694397
v 0.184258 0.216337 0.705984
v 0.465191 0.324880 0.667646
v 0.411008 0.469858 0.667453
v 0.357273 0.346092 0.683524
v 0.412737 0.192805 0.689075
v 0.661885 0.252883 0.603076
v 0.609846 0.406655 0.615242
v 0.567363 0.292654 0.641681
v 0.621512 0.130174 0.635641
v 0.814023 0.189260 0.471490
v 0.771077 0.331288 0.508206
v 0.744853 0.214352 0.548443
v 0.791673 0.058997 0.521005
v -0.107935 0.347446 -1.075220
v -0.046465 0.478891 -1.075826
v 0.015242 0.351860 -1.077386
v -0.046421 0.210081 -1.082681
v -0.344212 0.316498 -1.054712
v -0.286727 0.456440 -1.061766
v -0.228746 0.336558 -1.068388
v -0.288214 0.188208 -1.068243
v -0.550306 0.247178 -0.990969
v -0.499895 0.394605 -1.013101
v -0.451731 0.285589 -1.031005
v -0.505465 0.129664 -1.018823
v -0.719800 0.187590 -0.835336
v -0.677956 0.322075 -0.881304
v -0.640112 0.210269 -0.926614
v -0.686273 0.062697 -0.893276
v 0.910654 0.210952 0.230190
v 0.878813 0.329349 0.299335
v 0.869287 0.188938 0.365056
v 0.906057 0.059017 0.305479
v 0.948991 0.258996 -0.087777
v 0.929449 0.383140 -0.005644
v 0.937610 0.239415 0.076254
v 0.962951 0.110721 -0.002918
v 0.924977 0.241843 -0.418481
v 0.924569 0.383940 -0.335598
v 0.943907 0.259983 -0.255095
v 0.947393 0.112988 -0.342894
v 0.859492 0.189921 -0.705679
v 0.874571 0.327421 -0.634278
v 0.897038 0.213402 -0.570366
v 0.883592 0.063751 -0.651655
v 0.738740 0.210511 -0.914818
v 0.771841 0.323023 -0.867787
v 0.806908 0.187959 -0.821711
v 0.776228 0.061834 -0.880453
v 0.572773 0.284210 -1.023199
v 0.616477 0.394089 -1.004294
v 0.659872 0.246537 -0.981237
v 0.618323 0.127780 -1.009905
v 0.370728 0.335889 -1.063911
v 0.424411 0.455634 -1.056490
v 0.476454 0.315154 -1.048622
v 0.425038 0.186916 -1.062898
v 0.137835 0.351890 -1.076438
v 0.197943 0.478919 -1.073947
v 0.257138 0.347345 -1.072436
v 0.198210 0.210072 -1.080796
v -0.837044 0.217060 -0.585582
v -0.806260 0.328520 -0.649725
v -0.786323 0.190940 -0.720402
v -0.822129 0.068147 -0.666984
v -0.887084 0.268231 -0.271608
v -0.868828 0.389090 -0.350902
v -0.870521 0.248198 -0.434248
v -0.893337 0.123114 -0.360166
v -0.874062 0.248300 0.059339
v -0.870790 0.389271 -0.021423
v -0.888244 0.268076 -0.104769
v -0.895896 0.122634 -0.021457
v -0.795128 0.195638 0.349747
v -0.813539 0.333671 0.284737
v -0.843134 0.218867 0.213869
v -0.829810 0.069486 0.288080
v -0.653918 0.219747 0.536180
v -0.690466 0.334194 0.496815
v -0.731324 0.195117 0.457535
v -0.700217 0.068144 0.506113
v -0.467024 0.296307 0.633633
v -0.514057 0.408973 0.608168
v -0.565389 0.257638 0.592853
v -0.523270 0.137024 0.624929
v -0.243144 0.347046 0.679093
v -0.300567 0.470852 0.663226
v -0.359123 0.327135 0.661544
v -0.304487 0.195164 0.683153
v 0.001359 0.362199 0.693456
v -0.060219 0.493287 0.683057
v -0.121969 0.357828 0.688929
v -0.060710 0.216447 0.704049
v 0.241827 0.831729 0.660318
v 0.182346 0.935746 0.648707
v 0.123436 0.836584 0.663982
v 0.183768 0.728701 0.671732
v 0.456143 0.800384 0.630973
v 0.403357 0.910571 0.626044
v 0.353598 0.820459 0.649740
v 0.408239 0.706106 0.651847
v 0.630446 0.730026 0.569010
v 0.583529 0.848759 0.572213
v 0.548103 0.769577 0.604252
v 0.597044 0.644723 0.598902
v 0.771071 0.660577 0.457995
v 0.728880 0.768431 0.481784
v 0.705319 0.689051 0.522570
v 0.750413 0.567638 0.500015
v -0.106736 0.809849 -1.056719
v -0.045172 0.914184 -1.039741
v 0.015144 0.814459 -1.058839
v -0.046331 0.707972 -1.069666
v -0.338780 0.779021 -1.036789
v -0.279454 0.890266 -1.025905
v -0.225728 0.798931 -1.050032
v -0.285183 0.685899 -1.055753
v -0.537024 0.707832 -0.977562
v -0.485128 0.827945 -0.980944
v -0.443046 0.747804 -1.014310
v -0.495370 0.624178 -1.008419
v -0.691184 0.642402 -0.834629
v -0.645213 0.749562 -0.873900
v -0.620259 0.667811 -0.919579
v -0.667027 0.549357 -0.882483
v 0.858810 0.684604 0.241167
v 0.829650 0.766769 0.306285
v 0.822755 0.659926 0.365693
v 0.854828 0.565503 0.304639
v 0.893346 0.732997 -0.083059
v 0.875057 0.824053 0.005620
v 0.881692 0.714637 0.087596
v 0.901879 0.620341 -0.000731
v 0.884408 0.709192 -0.413936
v 0.877409 0.819641 -0.335201
v 0.894222 0.731309 -0.253484
v 0.902426 0.618218 -0.335028
v 0.831182 0.644870 -0.698037
v 0.837066 0.752551 -0.631930
v 0.863761 0.674509 -0.563078
v 0.859295 0.555753 -0.632212
v 0.724968 0.668014 -0.902546
v 0.748699 0.747519 -0.852322
v 0.784990 0.641681 -0.812778
v 0.763069 0.550028 -0.865113
v 0.568444 0.747311 -1.005894
v 0.608104 0.826468 -0.970756
v 0.652433 0.708056 -0.965746
v 0.614092 0.624368 -0.998942
v 0.368770 0.798188 -1.045518
v 0.420060 0.888272 -1.020537
v 0.473556 0.778086 -1.030530
v 0.423506 0.685357 -1.050413
v 0.136967 0.814359 -1.057895
v 0.195832 0.913531 -1.037877
v 0.255792 0.809485 -1.053936
v 0.197528 0.707949 -1.067785
v -0.788356 0.677331 -0.581645
v -0.751351 0.757079 -0.654166
v -0.747348 0.646690 -0.720318
v -0.785147 0.556879 -0.650833
v -0.829854 0.735804 -0.267301
v -0.804991 0.826233 -0.349223
v -0.815770 0.713114 -0.429002
v -0.841503 0.621612 -0.349435
v -0.816301 0.715814 0.074241
v -0.804238 0.827922 -0.007493
v -0.829630 0.736385 -0.096683
v -0.842145 0.622619 -0.014800
v -0.757013 0.659881 0.354827
v -0.758162 0.767806 0.294923
v -0.792583 0.684513 0.228538
v -0.792212 0.565741 0.291975
v -0.634454 0.688520 0.519845
v -0.659576 0.769473 0.478324
v -0.704562 0.660499 0.450608
v -0.680519 0.567428 0.492779
v -0.456230 0.769769 0.607618
v -0.498174 0.849758 0.577670
v -0.550717 0.729542 0.570392
v -0.508991 0.644660 0.598073
v -0.238833 0.820995 0.649872
v -0.292173 0.912239 0.629047
v -0.351786 0.801026 0.633510
v -0.298452 0.706497 0.651133
v 0.001742 0.836652 0.663295
v -0.058247 0.936318 0.647722
v -0.120013 0.831987 0.659065
v -0.059857 0.728678 0.670342
v -0.370588 -2.071502 -0.183249
v -0.328141 -2.096194 -0.271931
v -0.242864 -2.105961 -0.266854
v -0.202104 -2.089914 -0.173833
v 0.339668 -2.086444 -0.032683
v 0.394208 -2.058847 -0.165258
v 0.208197 -2.085720 -0.156678
v 0.241499 -2.098357 -0.036497
v -0.332040 -2.100733 -0.073975
v -0.247990 -2.109140 -0.068447
v -0.395412 -2.071839 0.019611
v -0.192942 -1.865194 -0.105591
v 0.161062 -2.027463 -0.054530
v 0.306278 -1.830581 -0.063473
v -0.170621 -2.044108 -0.256777
v -0.290966 -1.862371 -0.296624
v -0.405121 -2.018216 -0.079587
v -0.401336 -2.016900 -0.269253
v 0.407015 -1.822555 -0.105300
v 0.426891 -2.004148 -0.280835
v 0.311025 -1.843921 -0.299550
v 0.180292 -2.039472 -0.246383
v 0.209259 -1.843169 -0.100394
v -0.301263 -2.102391 0.171245
v 0.417956 -1.997082 -0.051977
v 0.405982 -1.826321 -0.275276
v -0.389969 -1.973738 -0.325127
v 0.212672 -1.851995 -0.244671
v 0.424382 -1.932721 -0.185827
v 0.249056 -1.960703 -0.282524
v 0.184860 -1.955539 -0.166023
v 0.368891 -1.944023 -0.303982
v 0.348832 -1.919296 -0.039549
v 0.238359 -1.925618 -0.044511
v 0.254697 -1.947877 -0.268766
v 0.189851 -1.941523 -0.151621
v 0.374441 -1.932213 -0.290521
v 0.196426 -1.931350 -0.083770
v 0.205921 -1.955915 -0.234695
v 0.414016 -1.930019 -0.265310
v 0.312495 -1.947719 -0.292239
v -0.296261 -1.851631 -0.062422
v -0.175503 -2.043025 -0.072553
v -0.189436 -1.872384 -0.255440
v -0.293770 -1.975342 -0.392178
v -0.394248 -1.839809 -0.095611
v -0.390613 -1.846093 -0.263081
v -0.346856 -1.928884 -0.299316
v -0.404401 -1.938561 -0.180911
v -0.173894 -1.966115 -0.176275
v -0.353009 -1.922293 -0.040550
v -0.237201 -1.935719 -0.044217
v -0.231269 -1.943517 -0.292634
v 0.243810 -2.089116 -0.435997
v 0.353421 -2.069842 -0.452658
v -0.339496 -2.072670 -0.430061
v -0.244287 -2.084239 -0.425810
v -0.209731 -2.047132 -0.417826
v -0.374018 -2.026669 -0.425101
v 0.392434 -2.014140 -0.454630
v 0.204945 -2.046712 -0.424601
v 0.299820 -2.033234 -0.454615
v 0.247447 -1.993846 -0.430888
v 0.354390 -1.975380 -0.448842
v -0.293933 -2.040151 -0.434618
v -0.341035 -1.993220 -0.421080
v -0.246649 -2.005287 -0.417003
v -0.380821 -2.065635 -0.403964
v -0.286872 -2.107615 -0.326340
v 0.194835 -2.096008 -0.396316
v 0.303691 -2.111347 -0.331502
v 0.303786 -1.956131 -0.412132
v 0.195536 -1.988267 -0.310577
v -0.184544 -2.091855 -0.315614
v 0.402842 -2.060638 -0.428763
v 0.415105 -1.955164 -0.349005
v -0.200988 -2.007380 -0.387957
v 0.366570 -2.074895 0.273088
v 0.255875 -2.081057 0.267615
v -0.355790 -2.086528 0.210432
v -0.256649 -2.097028 0.217200
v -0.235638 -2.073329 0.249678
v 0.185695 -2.012457 0.271763
v -0.420338 -2.008026 0.230559
v -0.241353 -1.988678 0.247393
v 0.409753 -1.997537 0.284222
v 0.355369 -1.916774 0.244955
v 0.241770 -1.925845 0.239071
v -0.222456 -2.030755 0.236069
v -0.363844 -1.944312 0.215372
v -0.265724 -1.956543 0.214991
v 0.298726 -1.910103 0.193284
v 0.403965 -1.949321 0.055568
v -0.310461 -1.939863 0.170659
v -0.192658 -1.990314 0.028016
v 0.208448 -2.063272 0.218282
v 0.188951 -1.966064 0.047062
v -0.208606 -2.081301 0.181042
v -0.399646 -1.967551 0.028262
v 0.321596 -2.087217 0.223305
v 0.415874 -2.049774 0.064923
v 0.352338 -2.051312 0.306892
v 0.249986 -2.057135 0.302018
v -0.362526 -2.063602 0.247641
v -0.271657 -2.073185 0.253001
v -0.327419 -2.028441 0.265556
v 0.203526 -2.014793 0.305571
v -0.404581 -2.014491 0.260651
v 0.295179 -2.011739 0.313399
v 0.380634 -2.003809 0.315809
v 0.357702 -1.959541 0.294303
v 0.251559 -1.965062 0.287837
v -0.248335 -2.033011 0.266057
v -0.366336 -1.974903 0.250902
v -0.275857 -1.986547 0.252275
v 0.310108 -2.078836 0.290018
v 0.208777 -2.056113 0.294421
v 0.394727 -1.955413 0.290192
v 0.389145 -2.045867 0.303477
v 0.203128 -1.961416 0.277861
v -0.400839 -1.968424 0.244813
v -0.315556 -1.954561 0.234067
v -0.308962 -2.092161 0.232413
v -0.396689 -2.055638 0.240779
v 0.301328 -1.924931 0.263704
v 0.296613 -1.931843 0.050644
v 0.405278 -1.926708 0.205402
v 0.202157 -2.072430 0.055717
v 0.186362 -1.943645 0.195471
v 0.298323 -2.086516 0.067543
v 0.423442 -2.049058 0.230285
v 0.387111 -2.083075 0.160969
v 0.437482 -1.987440 0.148879
v 0.252397 -2.093967 0.154002
v 0.218912 -1.934679 0.136872
v 0.355665 -1.924444 0.143281
v 0.193605 -2.017750 0.139334
v -0.398262 -2.061567 0.170959
v -0.295013 -2.109872 0.027824
v -0.298831 -1.955259 0.032585
v -0.216529 -1.973953 0.175483
v -0.192300 -2.092452 0.030339
v -0.406532 -1.952511 0.175622
v -0.363298 -1.943643 0.113320
v -0.181594 -2.037506 0.115468
v -0.417262 -2.012193 0.109281
v -0.239760 -2.109046 0.115345
v -0.357076 -2.097281 0.107559
v -0.245020 -1.956936 0.111634
v 0.190581 -2.097765 -0.309509
v 0.300141 -2.108615 -0.416422
v 0.307939 -1.949588 -0.336434
v 0.199656 -1.997541 -0.392512
v 0.414156 -2.062486 -0.345240
v 0.402912 -1.963725 -0.427244
v 0.173503 -2.048067 -0.350447
v 0.367967 -1.941950 -0.384911
v 0.366481 -2.097819 -0.384049
v 0.429412 -2.006708 -0.393227
v 0.236184 -2.119337 -0.363773
v 0.242354 -1.961792 -0.362405
v -0.382070 -1.984491 -0.396531
v -0.290358 -1.964546 -0.322864
v -0.387193 -2.068052 -0.327124
v -0.290601 -2.103946 -0.404345
v -0.198263 -2.087626 -0.395095
v -0.186250 -1.998982 -0.313871
v -0.173531 -2.048579 -0.353915
v -0.403010 -2.020570 -0.365935
v -0.234380 -1.978980 -0.353967
v -0.230395 -2.110432 -0.362588
v -0.348385 -1.964525 -0.359841
v -0.345870 -2.096878 -0.368733
v -0.256489 -0.902561 0.811398
v -0.260716 -0.705067 0.804578
v -0.394932 -0.705959 0.782466
v -0.387585 -0.899759 0.789779
v -0.258622 -0.436045 0.772481
v -0.251236 -0.113543 0.727710
v -0.375195 -0.127895 0.708015
v -0.390078 -0.443140 0.751074
v -0.514956 -0.896467 0.755461
v -0.523879 -0.709097 0.747669
v -0.641045 -0.714652 0.697283
v -0.633196 -0.893327 0.705481
v -0.514854 -0.455661 0.717415
v -0.491545 -0.150708 0.676852
v -0.596057 -0.179782 0.631310
v -0.626801 -0.472749 0.668594
v 0.003442 -1.471593 0.573472
v 0.002439 -1.338529 0.683026
v -0.120968 -1.336607 0.678511
v -0.119617 -1.469396 0.569486
v 0.000175 -0.904749 0.828789
v -0.000314 -0.704747 0.822470
v -0.128150 -0.704910 0.816945
v -0.126496 -0.904211 0.823416
v -0.000134 -0.431008 0.789876
v 0.000589 -0.102734 0.743757
v -0.124861 -0.105877 0.738748
v -0.127485 -0.432506 0.784486
v 0.003766 1.131944 0.595794
v 0.007123 1.309253 0.501722
v -0.100163 1.297575 0.498604
v -0.110976 1.123987 0.591781
v -0.222680 1.108861 0.583032
v -0.205204 1.275510 0.491989
v -0.307352 1.250192 0.477471
v -0.329959 1.086243 0.567473
v -0.430271 1.053710 0.543019
v -0.404993 1.216442 0.454897
v -0.494105 1.173111 0.423981
v -0.520475 1.011930 0.508586
v -0.597213 0.967065 0.463613
v -0.569558 1.123097 0.386184
v -0.626470 1.079172 0.343694
v -0.657636 0.934300 0.404926
v -0.722245 -0.490199 0.601362
v -0.686510 -0.208330 0.568110
v -0.763446 -0.226555 0.482629
v -0.801166 -0.501482 0.511205
v -0.737365 -0.890673 0.636438
v -0.741898 -0.720954 0.628004
v -0.825042 -0.724877 0.537445
v -0.824557 -0.888234 0.542287
v -0.650159 -1.375363 0.451362
v -0.675080 -1.263394 0.528658
v -0.749480 -1.247246 0.455743
v -0.715769 -1.348023 0.401730
v -0.465841 -1.431411 0.523133
v -0.475942 -1.305597 0.622894
v -0.582420 -1.284936 0.582629
v -0.565217 -1.405331 0.491433
v -0.240365 -1.462976 0.561020
v -0.242785 -1.331419 0.668669
v -0.361510 -1.321479 0.651004
v -0.356463 -1.450789 0.546158
v -0.978908 -0.876716 0.064663
v -0.973879 -0.705672 0.069675
v -0.988845 -0.698384 -0.135404
v -0.995090 -0.872704 -0.144259
v -0.950037 -0.470240 0.070439
v -0.916205 -0.182038 0.066582
v -0.931889 -0.165697 -0.111618
v -0.965262 -0.458447 -0.123334
v -0.994510 -0.871270 -0.357895
v -0.987348 -0.697311 -0.346221
v -0.969457 -0.702688 -0.547917
v -0.977000 -0.872741 -0.561270
v -0.963709 -0.457607 -0.323251
v -0.930460 -0.165130 -0.295112
v -0.911991 -0.180562 -0.473547
v -0.945469 -0.467912 -0.515978
v -0.755637 -1.345757 0.325804
v -0.804230 -1.244130 0.354047
v -0.844048 -1.252052 0.216306
v -0.781772 -1.366156 0.201894
v -0.893941 -0.885271 0.415667
v -0.891462 -0.723022 0.410976
v -0.941414 -0.715396 0.254887
v -0.945352 -0.881354 0.254744
v -0.866031 -0.500138 0.393130
v -0.828911 -0.225175 0.369974
v -0.881390 -0.206057 0.229708
v -0.916642 -0.486993 0.245313
v -0.700447 0.933866 0.324375
v -0.659892 1.078746 0.280894
v -0.679873 1.119684 0.178423
v -0.729179 0.963613 0.213185
v -0.749645 0.999071 0.068100
v -0.695728 1.160393 0.042962
v -0.705304 1.183878 -0.113293
v -0.762173 1.021060 -0.099803
v -0.762763 1.020326 -0.268602
v -0.705158 1.183452 -0.272827
v -0.694480 1.158763 -0.424378
v -0.749948 0.996185 -0.427159
v -0.725607 0.956900 -0.575693
v -0.675542 1.115905 -0.563168
v -0.651430 1.071995 -0.677360
v -0.690959 0.922369 -0.706124
v -0.909058 -0.483773 -0.689531
v -0.874423 -0.204314 -0.636930
v -0.818378 -0.224070 -0.777475
v -0.854124 -0.497088 -0.835967
v -0.941842 -0.875672 -0.741029
v -0.934135 -0.711170 -0.727328
v -0.880749 -0.718499 -0.877352
v -0.889437 -0.878534 -0.891056
v -0.833134 -1.346233 -0.705179
v -0.883446 -1.234478 -0.720886
v -0.851882 -1.222960 -0.854865
v -0.819246 -1.321096 -0.827548
v -0.840744 -1.385808 -0.355396
v -0.909961 -1.258348 -0.359858
v -0.903009 -1.248333 -0.553298
v -0.840326 -1.370505 -0.543591
v -0.807359 -1.383311 0.036268
v -0.876306 -1.260200 0.043061
v -0.900488 -1.262548 -0.155082
v -0.829426 -1.390210 -0.155977
v 0.373711 -0.900820 -1.255138
v 0.373592 -0.705015 -1.234921
v 0.480298 -0.711243 -1.215992
v 0.480233 -0.902415 -1.235946
v 0.372900 -0.437063 -1.179267
v 0.371848 -0.116275 -1.110197
v 0.478149 -0.133510 -1.093574
v 0.479530 -0.448900 -1.161282
v 0.577435 -0.904760 -1.204619
v 0.577839 -0.720369 -1.185107
v 0.665016 -0.731285 -1.137944
v 0.663985 -0.907588 -1.156421
v 0.577076 -0.466173 -1.131918
v 0.575330 -0.158698 -1.066300
v 0.663140 -0.188789 -1.024066
v 0.664735 -0.486773 -1.087212
v 0.137829 -1.466154 -1.032595
v 0.138686 -1.333025 -1.146421
v 0.258541 -1.330604 -1.142894
v 0.257701 -1.462106 -1.031088
v 0.139780 -0.899519 -1.270579
v 0.139690 -0.700092 -1.250129
v 0.259426 -0.701518 -1.245363
v 0.259619 -0.899928 -1.265737
v 0.139210 -0.427735 -1.193743
v 0.138495 -0.102736 -1.123659
v 0.257954 -0.106598 -1.119395
v 0.258807 -0.430404 -1.189192
v 0.133030 1.113304 -0.980426
v 0.128323 1.294385 -0.891542
v 0.240469 1.278288 -0.887775
v 0.249104 1.102927 -0.976508
v 0.359325 1.085497 -0.968172
v 0.347335 1.254446 -0.879783
v 0.445657 1.225396 -0.865841
v 0.460793 1.061113 -0.953461
v 0.552824 1.027904 -0.930168
v 0.535686 1.189213 -0.844346
v 0.615838 1.144614 -0.814702
v 0.633758 0.986195 -0.895925
v 0.700873 0.941230 -0.847649
v 0.682191 1.093923 -0.777002
v 0.731538 1.050098 -0.730154
v 0.753299 0.908755 -0.779276
v 0.742239 -0.506129 -1.022657
v 0.741976 -0.217124 -0.961769
v 0.810004 -0.234992 -0.874892
v 0.808455 -0.518347 -0.933581
v 0.739060 -0.910286 -1.086044
v 0.741109 -0.741549 -1.069671
v 0.805542 -0.747977 -0.976311
v 0.802422 -0.911926 -0.990255
v 0.732459 -1.373636 -0.934157
v 0.732706 -1.268826 -1.006877
v 0.792761 -1.256307 -0.933381
v 0.787748 -1.349411 -0.882948
v 0.574532 -1.423970 -1.002846
v 0.574472 -1.302950 -1.097928
v 0.659763 -1.286173 -1.060379
v 0.660274 -1.400441 -0.974326
v 0.371477 -1.454391 -1.027869
v 0.372238 -1.325286 -1.135676
v 0.478113 -1.316283 -1.121979
v 0.477623 -1.442048 -1.019882
v 0.970153 -0.903522 -0.535012
v 0.970533 -0.728986 -0.522700
v 1.028396 -0.719313 -0.319046
v 1.029697 -0.898623 -0.329554
v 0.964153 -0.489006 -0.493155
v 0.950975 -0.195678 -0.453992
v 0.987207 -0.180475 -0.274051
v 1.013461 -0.475865 -0.298669
v 1.057452 -0.896898 -0.114837
v 1.057770 -0.717111 -0.106979
v 1.048314 -0.724375 0.098340
v 1.043309 -0.900092 0.093898
v 1.038471 -0.474498 -0.097562
v 1.003761 -0.180804 -0.089570
v 0.994184 -0.197256 0.088796
v 1.030242 -0.486470 0.096524
v 0.825405 -1.348346 -0.806771
v 0.841520 -1.255796 -0.832713
v 0.884904 -1.266110 -0.698595
v 0.856550 -1.368821 -0.685175
v 0.855912 -0.911476 -0.867807
v 0.859414 -0.747574 -0.855024
v 0.910944 -0.740191 -0.703781
v 0.908361 -0.908497 -0.716593
v 0.862831 -0.518101 -0.815880
v 0.864452 -0.234593 -0.760431
v 0.908898 -0.217713 -0.618735
v 0.911634 -0.506022 -0.668225
v 0.792444 0.910613 -0.682267
v 0.761665 1.050799 -0.658626
v 0.780863 1.093529 -0.547718
v 0.820405 0.944107 -0.556714
v 0.838407 0.982334 -0.412675
v 0.794643 1.135700 -0.411566
v 0.801318 1.160147 -0.260939
v 0.846655 1.006013 -0.255787
v 0.845358 1.008233 -0.087285
v 0.800084 1.161429 -0.101576
v 0.791074 1.139488 0.054469
v 0.834660 0.988957 0.080329
v 0.814330 0.954962 0.224664
v 0.775132 1.099721 0.189401
v 0.754457 1.062077 0.288481
v 0.782802 0.925065 0.333925
v 0.995421 -0.506264 0.271156
v 0.962127 -0.221976 0.251459
v 0.912932 -0.242297 0.390868
v 0.941717 -0.524164 0.418358
v 1.000409 -0.907782 0.283324
v 1.009962 -0.738246 0.283296
v 0.952728 -0.752366 0.438791
v 0.940863 -0.916941 0.443360
v 0.858523 -1.369977 0.217463
v 0.900795 -1.267359 0.235530
v 0.851849 -1.258628 0.372019
v 0.824116 -1.350467 0.340689
v 0.909542 -1.398918 -0.137532
v 0.968525 -1.285184 -0.132085
v 0.942948 -1.278215 0.064127
v 0.889664 -1.388359 0.053149
v 0.886599 -1.387982 -0.524040
v 0.928365 -1.278020 -0.530351
v 0.962705 -1.285228 -0.336227
v 0.908155 -1.398858 -0.336066
v 0.369665 -1.704571 0.045126
v 0.183103 -2.005151 0.211207
v 0.481377 -1.709745 -0.189853
v 0.479204 -1.678292 0.042750
v 0.368198 -1.729048 -0.388926
v 0.369793 -1.695982 -0.545619
v 0.479426 -1.674690 -0.548817
v 0.477505 -1.702586 -0.382477
v 0.579911 -1.646157 0.049005
v 0.582709 -1.672257 -0.162391
v 0.677737 -1.627902 -0.146068
v 0.672569 -1.604906 0.050477
v 0.582617 -1.670435 -0.360420
v 0.582650 -1.645787 -0.544562
v 0.676775 -1.606576 -0.537715
v 0.679113 -1.628352 -0.346117
v 0.127180 -1.583057 0.431191
v 0.128764 -1.667382 0.257738
v 0.248579 -1.657433 0.256453
v 0.246649 -1.576125 0.429811
v 0.132538 -1.728404 0.048987
v 0.134909 -1.758904 -0.165300
v 0.244410 -1.969115 -0.400982
v 0.253317 -1.722291 0.045262
v 0.136390 -1.750432 -0.347762
v 0.135133 -1.722345 -0.526216
v 0.255008 -1.711548 -0.535201
v 0.255808 -1.744349 -0.370810
v 0.135928 -1.666121 -0.713322
v 0.136899 -1.580203 -0.885481
v 0.256828 -1.573735 -0.887239
v 0.255931 -1.656913 -0.718517
v 0.370889 -1.643169 -0.724543
v 0.371075 -1.563068 -0.888922
v 0.478206 -1.547276 -0.886782
v 0.479470 -1.624149 -0.726781
v 0.580243 -1.598069 -0.722281
v 0.576689 -1.524840 -0.876810
v 0.664351 -1.494909 -0.857587
v 0.671055 -1.562792 -0.710892
v 0.749093 -1.515743 -0.695541
v 0.738141 -1.457366 -0.831246
v 0.793499 -1.412125 -0.805632
v 0.811556 -1.452797 -0.683569
v 0.765218 -1.571973 -0.341584
v 0.759578 -1.553211 -0.529574
v 0.829798 -1.481231 -0.523426
v 0.841393 -1.496116 -0.337807
v 0.755569 -1.552126 0.047236
v 0.763858 -1.571495 -0.144281
v 0.840686 -1.496010 -0.141830
v 0.827481 -1.481145 0.047149
v 0.729981 -1.457954 0.357066
v 0.742690 -1.515023 0.217603
v 0.807230 -1.453305 0.211218
v 0.787427 -1.413618 0.335881
v 0.567057 -1.524532 0.400879
v 0.573170 -1.595795 0.240129
v 0.664169 -1.560924 0.229019
v 0.655278 -1.494711 0.380575
v 0.360902 -1.564552 0.425150
v 0.363738 -1.642530 0.253999
v 0.472439 -1.622454 0.248462
v 0.468216 -1.547650 0.415856
v 0.316175 1.547506 -0.457365
v 0.313687 1.581133 -0.283923
v 0.413028 1.552336 -0.281330
v 0.415045 1.519526 -0.451208
v 0.312304 1.581142 -0.106645
v 0.312087 1.547546 0.066812
v 0.411038 1.519564 0.062150
v 0.411674 1.552345 -0.107693
v 0.510828 1.481001 -0.442415
v 0.509951 1.512239 -0.277884
v 0.600311 1.457133 -0.273979
v 0.599582 1.427614 -0.431871
v 0.508640 1.512248 -0.109668
v 0.506944 1.481039 0.054701
v 0.595856 1.427657 0.045152
v 0.599051 1.457143 -0.112351
v 0.123451 1.434162 -0.772805
v 0.119617 1.526084 -0.627692
v 0.221751 1.508574 -0.624935
v 0.230485 1.415341 -0.769422
v 0.117318 1.584113 -0.463139
v 0.116025 1.615113 -0.286895
v 0.214339 1.602044 -0.285714
v 0.216494 1.569279 -0.461144
v 0.114621 1.615123 -0.106757
v 0.113165 1.584153 0.069497
v 0.212359 1.569318 0.069048
v 0.212941 1.602054 -0.106404
v 0.112893 1.526494 0.234353
v 0.116244 1.444511 0.375838
v 0.222800 1.423693 0.374005
v 0.215043 1.508984 0.233144
v 0.316049 1.484693 0.228974
v 0.325780 1.395751 0.369545
v 0.421926 1.363539 0.358963
v 0.413850 1.455826 0.220749
v 0.507137 1.418128 0.207790
v 0.511075 1.323598 0.342831
v 0.592643 1.275777 0.318963
v 0.592828 1.367366 0.190916
v 0.666516 1.300616 0.174033
v 0.662274 1.217069 0.292655
v 0.716543 1.150353 0.273794
v 0.726642 1.213751 0.168743
v 0.678110 1.383507 -0.114566
v 0.673120 1.356018 0.036388
v 0.737506 1.261609 0.036568
v 0.744480 1.286573 -0.112403
v 0.676686 1.355824 -0.421628
v 0.679321 1.383445 -0.270199
v 0.745674 1.286171 -0.266156
v 0.740988 1.260417 -0.414184
v 0.672125 1.213978 -0.680597
v 0.672514 1.299963 -0.560670
v 0.732317 1.211576 -0.547956
v 0.724722 1.145181 -0.656648
v 0.521389 1.320770 -0.731765
v 0.513665 1.417720 -0.595929
v 0.599168 1.366948 -0.578548
v 0.603264 1.272987 -0.707759
v 0.333965 1.388985 -0.762327
v 0.322722 1.484283 -0.619322
v 0.420468 1.455415 -0.609847
v 0.430935 1.358432 -0.750123
v -0.472616 1.453203 -0.440225
v -0.476721 1.482038 -0.282374
v -0.381035 1.530930 -0.284831
v -0.378272 1.500962 -0.449342
v -0.477980 1.482048 -0.120745
v -0.476333 1.453241 0.036813
v -0.382148 1.501000 0.047785
v -0.382347 1.530940 -0.116615
v -0.278802 1.534969 -0.456615
v -0.280437 1.565998 -0.286737
v -0.179002 1.591501 -0.287765
v -0.178266 1.559811 -0.461220
v -0.281791 1.566007 -0.113100
v -0.282322 1.538101 0.055757
v -0.182353 1.559850 0.062962
v -0.180385 1.591510 -0.110487
v -0.607374 1.172011 -0.670750
v -0.617853 1.240330 -0.559916
v -0.549349 1.329795 -0.570513
v -0.546738 1.241899 -0.691704
v -0.630554 1.289429 -0.425240
v -0.638701 1.315182 -0.276984
v -0.563063 1.412675 -0.279884
v -0.557186 1.385309 -0.431288
v -0.639562 1.315319 -0.123177
v -0.633335 1.289951 0.025925
v -0.560660 1.385410 0.026795
v -0.564231 1.412701 -0.124243
v -0.623067 1.241729 0.158459
v -0.615389 1.175681 0.265240
v -0.554832 1.244710 0.285006
v -0.555081 1.330320 0.164782
v -0.474034 1.394343 0.182941
v -0.477453 1.302068 0.312999
v -0.387573 1.346945 0.338353
v -0.382091 1.440643 0.201207
v -0.283032 1.483193 0.212697
v -0.290873 1.380944 0.357532
v -0.190964 1.411321 0.368267
v -0.183681 1.508538 0.221306
v -0.086045 1.521372 0.229369
v -0.091123 1.432099 0.374840
v 0.011751 1.451622 0.373544
v 0.012294 1.530083 0.233543
v -0.080648 1.609006 -0.108693
v -0.083062 1.577786 0.066746
v 0.014952 1.587198 0.068732
v 0.017163 1.617597 -0.107517
v -0.078928 1.577747 -0.463447
v -0.079250 1.608997 -0.288004
v 0.018567 1.617588 -0.287655
v 0.019105 1.587158 -0.463905
v -0.082959 1.425220 -0.771861
v -0.079778 1.518530 -0.627286
v 0.019003 1.529622 -0.628477
v 0.018382 1.437576 -0.773624
v -0.282230 1.378220 -0.755687
v -0.277953 1.473835 -0.615286
v -0.178613 1.499029 -0.623227
v -0.182857 1.404352 -0.766345
v -0.469253 1.299373 -0.716657
v -0.468010 1.393944 -0.586923
v -0.375820 1.440244 -0.602866
v -0.379161 1.344236 -0.738907
v -0.559523 -1.633174 0.039731
v -0.564165 -1.658027 -0.162911
v -0.464858 -1.709086 -0.173115
v -0.462450 -1.677110 0.044464
v -0.569540 -1.655814 -0.363238
v -0.580121 -1.626928 -0.549528
v -0.473955 -1.672311 -0.553348
v -0.464819 -1.703703 -0.375434
v -0.354777 -1.708777 0.048968
v -0.286487 -2.101698 -0.179046
v 0.298181 -2.095389 -0.160363
v -0.238149 -1.725038 0.043781
v -0.353003 -1.738322 -0.381728
v -0.358997 -1.702359 -0.551524
v -0.237590 -1.719855 -0.543828
v -0.235283 -1.755007 -0.373832
v -0.703510 -1.416483 0.322988
v -0.713432 -1.460512 0.198252
v -0.639042 -1.530888 0.206149
v -0.637316 -1.466399 0.345572
v -0.730299 -1.489730 0.033469
v -0.747102 -1.502729 -0.156500
v -0.658333 -1.591429 -0.156913
v -0.648090 -1.572021 0.035407
v -0.758121 -1.498919 -0.353349
v -0.763683 -1.478131 -0.539860
v -0.676737 -1.563241 -0.543568
v -0.667262 -1.588725 -0.354825
v -0.768829 -1.441056 -0.701413
v -0.774465 -1.391005 -0.825173
v -0.707982 -1.442361 -0.849376
v -0.690671 -1.514356 -0.711413
v -0.597418 -1.570358 -0.724268
v -0.618361 -1.486566 -0.873281
v -0.508796 -1.522866 -0.889022
v -0.489663 -1.612209 -0.732345
v -0.369928 -1.641463 -0.733013
v -0.383608 -1.550467 -0.895097
v -0.249911 -1.569117 -0.893691
v -0.242864 -1.659684 -0.727354
v -0.114314 -1.668752 -0.719304
v -0.116397 -1.579332 -0.889437
v 0.012493 -1.582429 -0.886089
v 0.012236 -1.670412 -0.713416
v -0.113394 -1.757617 -0.354194
v -0.113147 -1.727805 -0.533308
v 0.011682 -1.728208 -0.525405
v 0.011415 -1.756116 -0.340674
v -0.116531 -1.728804 0.045988
v -0.113417 -1.761745 -0.169644
v 0.010417 -1.757405 -0.152890
v 0.008013 -1.729714 0.056152
v -0.118331 -1.583583 0.426872
v -0.117071 -1.670208 0.253948
v 0.006016 -1.671699 0.257910
v 0.004637 -1.585615 0.430263
v -0.353547 -1.561961 0.408737
v -0.352748 -1.646401 0.241476
v -0.237634 -1.662211 0.248434
v -0.238702 -1.576173 0.420079
v -0.555531 -1.507294 0.370321
v -0.554865 -1.582835 0.218564
v -0.459215 -1.620654 0.231032
v -0.460089 -1.539232 0.392000
v -0.634475 -0.883275 -1.173837
v -0.616479 -0.712698 -1.153536
v -0.498843 -0.707087 -1.197447
v -0.515736 -0.886350 -1.218679
v -0.592582 -0.475087 -1.100535
v -0.569267 -0.183360 -1.035262
v -0.464178 -0.154424 -1.075157
v -0.480029 -0.458039 -1.142357
v -0.384554 -0.890635 -1.246254
v -0.372032 -0.703188 -1.225016
v -0.241019 -0.701267 -1.240843
v -0.247791 -0.895037 -1.261765
v -0.359695 -0.444110 -1.168988
v -0.350698 -0.130727 -1.100279
v -0.231187 -0.115034 -1.114951
v -0.234978 -0.434960 -1.184503
v -0.786408 -1.321140 -0.903858
v -0.803891 -1.223653 -0.955241
v -0.734862 -1.238220 -1.027612
v -0.723691 -1.348202 -0.954016
v -0.821089 -0.880396 -1.012247
v -0.809441 -0.721021 -0.997099
v -0.720899 -0.718236 -1.088169
v -0.736575 -0.881551 -1.106138
v -0.781902 -0.499973 -0.952039
v -0.747413 -0.226987 -0.890455
v -0.664069 -0.210642 -0.975299
v -0.694078 -0.490961 -1.038767
v -0.644555 0.919282 -0.802932
v -0.615739 1.070653 -0.748633
v -0.558814 1.114325 -0.791405
v -0.584039 0.950547 -0.865719
v -0.508282 0.994959 -0.908031
v -0.483785 1.164241 -0.825100
v -0.394751 1.207513 -0.852062
v -0.418548 1.036605 -0.938555
v -0.318228 1.069068 -0.959613
v -0.296948 1.241220 -0.871678
v -0.194598 1.266490 -0.883983
v -0.210759 1.091608 -0.972566
v -0.098857 1.106654 -0.979198
v -0.089935 1.285747 -0.890340
v 0.017268 1.296906 -0.892407
v 0.016026 1.114548 -0.981335
v -0.109015 -0.429856 -1.192213
v -0.108251 -0.106335 -1.122261
v 0.015698 -0.102742 -1.124619
v 0.016106 -0.427684 -1.194729
v -0.113259 -0.897992 -1.269268
v -0.110826 -0.700364 -1.248628
v 0.016085 -0.699911 -1.251163
v 0.015601 -0.899163 -1.271671
v -0.117455 -1.462765 -1.034376
v -0.117027 -1.328884 -1.146607
v 0.013809 -1.332826 -1.147564
v 0.012986 -1.466744 -1.033598
v -0.392982 -1.434209 -1.029929
v -0.395925 -1.303159 -1.132960
v -0.255262 -1.319149 -1.142695
v -0.254441 -1.452206 -1.034176
v -0.634440 -1.379855 -0.991831
v -0.642537 -1.259658 -1.078799
v -0.527995 -1.282471 -1.112928
v -0.522517 -1.409503 -1.016857
v 0.688999 -0.919644 0.724396
v 0.695584 -0.743790 0.717262
v 0.584558 -0.729403 0.762728
v 0.581180 -0.913694 0.769506
v 0.693125 -0.498087 0.687209
v 0.682957 -0.196103 0.646639
v 0.578529 -0.162547 0.688769
v 0.583506 -0.473886 0.731658
v 0.470093 -0.908836 0.799337
v 0.471293 -0.717439 0.792770
v 0.358699 -0.710121 0.810976
v 0.358417 -0.906289 0.817392
v 0.470963 -0.453763 0.760974
v 0.469206 -0.134831 0.716534
v 0.358261 -0.116630 0.733302
v 0.358660 -0.440829 0.778720
v 0.782718 -1.351953 0.415743
v 0.795622 -1.260361 0.472354
v 0.729339 -1.273337 0.543315
v 0.724255 -1.375950 0.463868
v 0.869429 -0.922957 0.568310
v 0.881188 -0.759038 0.561107
v 0.795846 -0.755310 0.651960
v 0.786111 -0.923578 0.659549
v 0.873481 -0.529517 0.535287
v 0.850447 -0.244938 0.502350
v 0.774595 -0.226907 0.586107
v 0.791120 -0.519140 0.623370
v 0.737423 0.925884 0.410125
v 0.724047 1.070328 0.342372
v 0.669972 1.113420 0.381106
v 0.681881 0.967778 0.456196
v 0.611684 1.012049 0.496581
v 0.601249 1.162964 0.416220
v 0.522205 1.206841 0.446749
v 0.533465 1.053402 0.529404
v 0.445029 1.084447 0.557373
v 0.435452 1.246199 0.464912
v 0.341633 1.285883 0.473663
v 0.346380 1.108302 0.576184
v 0.237047 1.123703 0.589546
v 0.231759 1.297052 0.492592
v 0.119403 1.311717 0.498785
v 0.120612 1.130738 0.596382
v 0.243467 -0.433971 0.787841
v 0.243487 -0.106770 0.741889
v 0.123822 -0.102857 0.744767
v 0.123593 -0.431242 0.790926
v 0.243398 -0.905253 0.826666
v 0.243412 -0.706439 0.820344
v 0.123501 -0.704989 0.823526
v 0.123635 -0.904891 0.829813
v 0.245292 -1.466394 0.572378
v 0.244404 -1.335722 0.681401
v 0.125059 -1.338221 0.683988
v 0.125973 -1.470584 0.574433
v 0.465513 -1.444935 0.552984
v 0.464826 -1.320811 0.658016
v 0.358215 -1.330185 0.673533
v 0.359085 -1.458157 0.565867
v 0.650038 -1.402484 0.502168
v 0.651701 -1.290643 0.594810
v 0.563084 -1.307313 0.632391
v 0.563076 -1.426173 0.531943
v 0.243850 -1.199054 0.758361
v 0.243525 -1.059918 0.806034
v 0.123941 -1.060476 0.809088
v 0.124400 -1.200492 0.761258
v 0.817874 -1.156366 0.519421
v 0.845200 -1.047329 0.553502
v 0.766550 -1.051168 0.642551
v 0.744881 -1.163803 0.602554
v 0.465901 -1.190250 0.732705
v 0.467989 -1.057124 0.779326
v 0.358101 -1.058724 0.796997
v 0.357982 -1.195760 0.749709
v 0.661302 -1.173333 0.662216
v 0.675840 -1.053860 0.705833
v 0.574612 -1.055576 0.750040
v 0.567488 -1.182577 0.704483
v -0.116161 -1.191230 -1.220908
v -0.115122 -1.052059 -1.259452
v 0.015055 -1.054515 -1.261669
v 0.014537 -1.194588 -1.222762
v -0.816139 -1.115539 -0.989718
v -0.821916 -1.004134 -1.007750
v -0.742376 -1.008518 -1.100010
v -0.741168 -1.123965 -1.074847
v -0.395643 -1.169986 -1.201419
v -0.392697 -1.036724 -1.237510
v -0.252468 -1.046077 -1.252380
v -0.254460 -1.183069 -1.214763
v -0.645533 -1.137686 -1.135908
v -0.643843 -1.016055 -1.166604
v -0.525889 -1.026006 -1.210645
v -0.528920 -1.153972 -1.176642
v 0.939261 -1.156155 0.256220
v 0.974122 -1.039548 0.273257
v 0.914155 -1.043052 0.430976
v 0.882194 -1.153784 0.405079
v 0.849795 -1.149607 -0.854299
v 0.853270 -1.037499 -0.865418
v 0.905384 -1.038656 -0.716894
v 0.899580 -1.154875 -0.711058
v 1.013025 -1.164447 -0.126551
v 1.041952 -1.038412 -0.121081
v 1.021136 -1.038034 0.085874
v 0.987051 -1.160743 0.075850
v 0.953573 -1.161121 -0.536005
v 0.965283 -1.039538 -0.537670
v 1.020580 -1.039311 -0.334105
v 1.000038 -1.164798 -0.336060
v 0.734841 -1.156153 -1.053812
v 0.736913 -1.040064 -1.079131
v 0.799850 -1.037758 -0.985339
v 0.797158 -1.149729 -0.967364
v 0.139301 -1.195046 -1.221609
v 0.139634 -1.054991 -1.260534
v 0.259512 -1.054538 -1.255737
v 0.259168 -1.193717 -1.217131
v 0.575405 -1.176313 -1.161287
v 0.576475 -1.047684 -1.195540
v 0.662452 -1.043717 -1.148150
v 0.660944 -1.166042 -1.117195
v 0.372978 -1.190450 -1.207555
v 0.373466 -1.053263 -1.245291
v 0.479708 -1.051009 -1.226391
v 0.478973 -1.184747 -1.190112
v -0.917495 -1.119047 -0.734939
v -0.935881 -1.003365 -0.741387
v -0.886034 -1.002703 -0.888815
v -0.874115 -1.114326 -0.877374
v -0.847192 -1.130115 0.383307
v -0.877743 -1.013247 0.405615
v -0.929097 -1.012136 0.246639
v -0.894738 -1.132340 0.233009
v -0.958696 -1.131213 -0.362900
v -0.985519 -1.006866 -0.362381
v -0.969562 -1.004945 -0.563988
v -0.946263 -1.125657 -0.561365
v -0.929987 -1.134913 0.050796
v -0.964245 -1.011100 0.057951
v -0.983475 -1.009094 -0.149951
v -0.952748 -1.134546 -0.153304
v -0.700465 -1.144824 0.585011
v -0.721031 -1.024160 0.621957
v -0.808521 -1.016954 0.529992
v -0.783182 -1.133771 0.499368
v 0.001622 -1.200573 0.760289
v 0.000899 -1.060449 0.808099
v -0.124242 -1.059467 0.802967
v -0.122437 -1.199123 0.755412
v -0.487587 -1.175464 0.693746
v -0.500366 -1.043405 0.737714
v -0.616971 -1.033642 0.689165
v -0.600436 -1.160073 0.647935
v -0.246061 -1.195199 0.744632
v -0.250609 -1.056693 0.791537
v -0.376805 -1.051412 0.770858
v -0.368163 -1.187590 0.725115
v 0.243423 0.213386 0.704082
v 0.243197 0.490378 0.682849
v 0.123976 0.494874 0.685657
v 0.123982 0.217908 0.706791
v 0.466673 0.180990 0.679963
v 0.463496 0.458036 0.658293
v 0.356768 0.478991 0.674433
v 0.357661 0.201956 0.695923
v 0.669215 0.110314 0.613949
v 0.654330 0.386172 0.594774
v 0.563052 0.426043 0.632449
v 0.571386 0.149216 0.653607
v 0.825182 0.049704 0.478120
v 0.803519 0.320796 0.467669
v 0.735225 0.346894 0.542119
v 0.754588 0.073243 0.557351
v -0.108005 0.207284 -1.081105
v -0.107871 0.476047 -1.074293
v 0.015189 0.480439 -1.076435
v 0.015332 0.211607 -1.083313
v -0.345586 0.177252 -1.060252
v -0.343289 0.445023 -1.054008
v -0.228389 0.465182 -1.067527
v -0.229259 0.196669 -1.074165
v -0.554244 0.110926 -0.996569
v -0.547676 0.374487 -0.990318
v -0.449961 0.413700 -1.030529
v -0.454388 0.147570 -1.036243
v -0.725051 0.054520 -0.845821
v -0.715873 0.313132 -0.831426
v -0.636944 0.336538 -0.924705
v -0.644755 0.075929 -0.934221
v 0.926277 0.071648 0.234659
v 0.896614 0.342539 0.229175
v 0.857428 0.320117 0.363164
v 0.882344 0.050042 0.370239
v 0.966092 0.118486 -0.087221
v 0.933454 0.391000 -0.088196
v 0.921919 0.371436 0.075446
v 0.955056 0.099360 0.079423
v 0.934057 0.102587 -0.425573
v 0.915617 0.372230 -0.415077
v 0.930804 0.391482 -0.254055
v 0.957831 0.119654 -0.258204
v 0.862423 0.054725 -0.717450
v 0.855024 0.316601 -0.699596
v 0.890782 0.341950 -0.564908
v 0.902100 0.076146 -0.580736
v 0.740258 0.074966 -0.922326
v 0.736634 0.337307 -0.912376
v 0.803670 0.314007 -0.816919
v 0.808908 0.053424 -0.832173
v 0.573523 0.145539 -1.028283
v 0.572097 0.412822 -1.022708
v 0.658651 0.374432 -0.980424
v 0.661003 0.109330 -0.986661
v 0.370997 0.195842 -1.069648
v 0.370513 0.464667 -1.063054
v 0.476078 0.444007 -1.047924
v 0.476902 0.175543 -1.054071
v 0.137973 0.211630 -1.082363
v 0.137741 0.480474 -1.075487
v 0.257004 0.475990 -1.071511
v 0.257319 0.207138 -1.078309
v -0.846796 0.082187 -0.596482
v -0.827985 0.344115 -0.580207
v -0.780313 0.316778 -0.715052
v -0.793333 0.057632 -0.732331
v -0.899934 0.130605 -0.275997
v -0.874747 0.397278 -0.269556
v -0.859147 0.376514 -0.430251
v -0.882440 0.111605 -0.442292
v -0.886266 0.111146 0.060973
v -0.862230 0.377232 0.059790
v -0.875700 0.397277 -0.103983
v -0.901216 0.130312 -0.105682
v -0.802433 0.060011 0.353373
v -0.789108 0.323966 0.349167
v -0.833753 0.347373 0.214106
v -0.853156 0.082648 0.216803
v -0.660197 0.082145 0.543302
v -0.650235 0.349632 0.531797
v -0.727350 0.323931 0.455289
v -0.737345 0.059036 0.462498
v -0.472187 0.154964 0.644165
v -0.464074 0.428143 0.626304
v -0.561761 0.388648 0.586661
v -0.571676 0.118096 0.602008
v -0.244856 0.203424 0.691038
v -0.242181 0.479584 0.670699
v -0.357203 0.459453 0.653549
v -0.362523 0.184406 0.672942
v 0.001205 0.217925 0.705824
v 0.001434 0.494838 0.684754
v -0.121627 0.490442 0.680318
v -0.122578 0.213735 0.701175
v 0.242555 0.725815 0.669419
v 0.240603 0.932065 0.646011
v 0.122851 0.937955 0.649925
v 0.123753 0.730262 0.672751
v 0.459090 0.694764 0.641932
v 0.452531 0.899012 0.615300
v 0.351482 0.919721 0.634807
v 0.355066 0.714849 0.659678
v 0.638520 0.624298 0.579557
v 0.622530 0.827976 0.553974
v 0.542448 0.867926 0.588391
v 0.553436 0.663776 0.615590
v 0.782293 0.556460 0.462816
v 0.759596 0.756400 0.448672
v 0.695385 0.785976 0.509583
v 0.715449 0.584056 0.531018
v -0.107482 0.705154 -1.068145
v -0.105188 0.910838 -1.038221
v 0.015272 0.916075 -1.040345
v 0.015122 0.709514 -1.070267
v -0.341195 0.674637 -1.048119
v -0.334424 0.878818 -1.018380
v -0.222675 0.899165 -1.031545
v -0.227303 0.694483 -1.061441
v -0.541962 0.603715 -0.986624
v -0.529838 0.807020 -0.961785
v -0.437531 0.847402 -0.996360
v -0.446409 0.643421 -1.025225
v -0.702631 0.539971 -0.833879
v -0.676988 0.739231 -0.831129
v -0.610015 0.765904 -0.909217
v -0.628045 0.564508 -0.924155
v 0.871312 0.579378 0.236480
v 0.845524 0.781845 0.242343
v 0.810190 0.755900 0.361748
v 0.834655 0.555689 0.365435
v 0.906273 0.627662 -0.085515
v 0.879520 0.830929 -0.081699
v 0.867975 0.812712 0.090473
v 0.894624 0.608897 0.082351
v 0.895689 0.605376 -0.413813
v 0.871467 0.805969 -0.413884
v 0.880706 0.828749 -0.253494
v 0.906496 0.626670 -0.253723
v 0.840914 0.543562 -0.697748
v 0.819744 0.739390 -0.696445
v 0.851386 0.770122 -0.562665
v 0.874306 0.571980 -0.562744
v 0.729990 0.565356 -0.908927
v 0.718451 0.764415 -0.890827
v 0.775640 0.736502 -0.807139
v 0.792796 0.540303 -0.814847
v 0.570321 0.643219 -1.017035
v 0.565144 0.845588 -0.987798
v 0.648072 0.805801 -0.949431
v 0.655300 0.604284 -0.975548
v 0.369779 0.694092 -1.056936
v 0.366870 0.897450 -1.027042
v 0.470950 0.876687 -1.012096
v 0.474960 0.674040 -1.041921
v 0.137414 0.709516 -1.069320
v 0.136149 0.915753 -1.039407
v 0.254447 0.909836 -1.035453
v 0.256505 0.705060 -1.065358
v -0.804531 0.573677 -0.579967
v -0.769443 0.775157 -0.582223
v -0.730009 0.743398 -0.720727
v -0.761831 0.544159 -0.717382
v -0.846934 0.630307 -0.267927
v -0.810189 0.835430 -0.266996
v -0.796323 0.812123 -0.429018
v -0.832593 0.608281 -0.428746
v -0.834073 0.610367 0.068437
v -0.796109 0.815225 0.077546
v -0.809624 0.836158 -0.094923
v -0.847148 0.630692 -0.099656
v -0.771168 0.555879 0.353648
v -0.739867 0.757136 0.351598
v -0.773202 0.782890 0.230202
v -0.809329 0.579783 0.223220
v -0.641899 0.583678 0.525659
v -0.624284 0.786731 0.508891
v -0.690788 0.757700 0.442554
v -0.715301 0.556449 0.453790
v -0.459852 0.663980 0.615482
v -0.450343 0.869283 0.594463
v -0.543245 0.828683 0.557984
v -0.555760 0.623994 0.577545
v -0.240628 0.715106 0.658366
v -0.235481 0.921178 0.636080
v -0.347096 0.900757 0.619950
v -0.354453 0.695220 0.641771
v 0.001553 0.730239 0.671982
v 0.002133 0.938238 0.649306
v -0.118187 0.932936 0.645143
v -0.120950 0.725835 0.667687
v -0.255534 -1.949051 0.170559
v 0.361100 -1.908502 0.197574
v -0.173467 -2.042807 -0.172979
v -0.401073 -2.017065 -0.182663
v -0.355364 -2.091657 0.168247
v 0.238813 -2.113528 -0.406012
v 0.179754 -2.033854 -0.158817
v -0.343111 -2.092170 -0.405647
v 0.421899 -2.003341 -0.175653
v -0.345421 -1.971555 -0.394324
v 0.420868 -1.822883 -0.191579
v 0.255811 -1.849899 -0.283630
v 0.196215 -1.850917 -0.171528
v 0.365067 -1.835020 -0.304828
v 0.363223 -1.824575 -0.068004
v 0.250609 -1.836413 -0.068834
v 0.187385 -1.948593 -0.158846
v 0.371666 -1.938118 -0.297252
v 0.251876 -1.954290 -0.275645
v -0.347362 -1.853758 -0.295285
v -0.406654 -1.841375 -0.179901
v -0.175961 -1.871017 -0.181229
v -0.352511 -1.844082 -0.062994
v -0.238531 -1.858303 -0.071208
v -0.233535 -1.868725 -0.288594
v -0.247053 -2.044756 -0.430618
v 0.352227 -2.022908 -0.460614
v 0.246209 -2.041632 -0.443811
v -0.339538 -2.033181 -0.434533
v -0.237055 -2.104788 -0.400476
v 0.417286 -2.008970 -0.430359
v -0.240668 -1.984965 -0.389413
v -0.394243 -2.022618 -0.400900
v 0.360157 -2.092759 -0.424468
v 0.361560 -1.949711 -0.421456
v -0.186075 -2.048313 -0.390926
v 0.181828 -2.048599 -0.391909
v 0.188876 -2.014748 0.296723
v 0.396924 -2.001453 0.308882
v 0.255100 -2.075890 0.289229
v -0.232611 -2.032749 0.258746
v -0.246305 -2.102868 0.175585
v -0.419920 -2.003424 0.177332
v 0.234403 -1.918750 0.191056
v -0.201017 -2.027628 0.182604
v 0.258833 -2.086393 0.219984
v 0.431883 -1.989697 0.224813
v -0.365209 -1.936543 0.172754
v 0.382037 -2.078450 0.226715
v 0.241822 -2.013935 0.309750
v -0.281082 -2.032289 0.266834
v -0.373052 -2.021092 0.263511
v 0.346056 -2.007514 0.315796
v -0.362579 -1.952320 0.236059
v -0.356608 -2.081680 0.231562
v 0.372888 -1.935280 0.273085
v -0.416760 -2.011216 0.252898
v -0.270073 -1.964384 0.236553
v -0.262904 -2.091529 0.237946
v 0.244506 -1.933845 0.264002
v 0.359777 -2.070416 0.293968
v 0.364052 -2.077039 0.067049
v 0.425253 -2.003336 0.065035
v 0.231604 -2.090300 0.060464
v 0.222615 -1.941128 0.049453
v 0.353125 -1.930283 0.054451
v 0.179596 -2.024513 0.055472
v -0.357411 -1.950881 0.032655
v -0.176428 -2.043428 0.029333
v -0.412639 -2.018465 0.023088
v -0.237373 -2.111354 0.028962
v -0.351431 -2.100044 0.021368
v -0.238562 -1.964201 0.030743
v 0.175423 -2.045334 -0.306679
v 0.369878 -1.942176 -0.346131
v 0.366312 -2.096059 -0.338730
v 0.431199 -2.005835 -0.349332
v 0.239711 -2.116268 -0.318723
v 0.244417 -1.961004 -0.323334
v -0.169552 -2.047423 -0.312962
v -0.403602 -2.019207 -0.326051
v -0.231393 -1.974168 -0.318743
v -0.229258 -2.109432 -0.320496
v -0.347913 -1.959517 -0.325225
v -0.343478 -2.096177 -0.327020
v -1.119839 -0.933943 -0.421368
v -0.905155 -0.090608 -0.322647
v -1.183648 -0.915443 -0.416553
v -0.941347 -0.081294 -0.322032
v -1.122800 -0.946523 -0.043267
v -0.907270 -0.098713 -0.077981
v -1.186459 -0.927732 -0.047789
v -0.943237 -0.089432 -0.078043
v -0.943072 -0.263577 -0.350305
v -0.993843 -0.250641 -0.348780
v -0.996196 -0.259955 -0.067883
v -0.945582 -0.272884 -0.067640
v -1.164515 -0.708479 -0.502633
v -1.168836 -0.727162 0.058139
v -1.050841 -0.763435 0.070195
v -1.046309 -0.743960 -0.515439
v -0.992268 -0.487225 -0.438431
v -1.072447 -0.465427 -0.434729
v -1.075887 -0.479934 0.000730
v -0.995732 -0.501838 0.003566
v -1.196129 -0.941357 -0.237801
v -0.944996 -0.063702 -0.202078
v -1.114104 -0.964860 -0.238087
v -0.891927 -0.077374 -0.202421
v -0.922830 -0.273506 -0.213121
v -1.011734 -0.250918 -0.212050
v -1.191663 -0.709666 -0.229830
v -1.003167 -0.766486 -0.230878
v -1.096804 -0.466208 -0.222932
v -0.965202 -0.501720 -0.223726
v 1.267085 -0.914223 -0.040286
v 0.971282 -0.025182 -0.107710
v 1.187128 -0.936672 -0.039352
v 0.936422 -0.035264 -0.107282
v 1.270930 -0.906586 -0.378333
v 0.972227 -0.021753 -0.259546
v 1.185694 -0.929037 -0.377440
v 0.934727 -0.031836 -0.259138
v 1.007002 -0.093417 -0.061941
v 0.947909 -0.109859 -0.061261
v 0.947392 -0.104267 -0.308872
v 1.015282 -0.087820 -0.309484
v 0.975962 -0.213635 -0.050535
v 0.975784 -0.207428 -0.325366
v 1.052326 -0.189173 -0.326035
v 1.041948 -0.195386 -0.051287
v 1.102996 -0.721598 0.047351
v 1.098382 -0.710346 -0.451022
v 1.224295 -0.677252 -0.452337
v 1.218353 -0.688510 0.045954
v 1.111757 -0.403840 -0.028858
v 1.033185 -0.425872 -0.027941
v 1.031876 -0.418379 -0.359760
v 1.121005 -0.396341 -0.360594
v 0.083227 -0.702159 -1.618589
v 0.045815 -1.245986 -1.200135
v 0.080988 -0.671934 -1.576008
v 0.046143 -1.228220 -1.176803
v -0.213428 -0.703036 -1.607876
v -0.146144 -1.246448 -1.193084
v -0.208343 -0.672827 -1.565609
v -0.145290 -1.228789 -1.169913
v 0.059232 -1.138042 -1.289263
v 0.059167 -1.113073 -1.256583
v -0.161219 -1.113644 -1.248531
v -0.162537 -1.138561 -1.281050
v 0.158500 -0.782152 -1.461977
v -0.281479 -0.783484 -1.446139
v -0.293853 -0.838864 -1.525204
v 0.165630 -0.837468 -1.541777
v 0.117584 -0.997147 -1.406780
v 0.116536 -0.958409 -1.354270
v -0.225121 -0.959390 -1.341930
v -0.229199 -0.998215 -1.394198
v -0.060146 -0.655831 -1.577832
v -0.046872 -1.237303 -1.158823
v -0.061877 -0.694958 -1.632132
v -0.047792 -1.263359 -1.193019
v -0.048872 -1.148890 -1.299028
v -0.047737 -1.105099 -1.241913
v -0.054908 -0.771203 -1.437250
v -0.058718 -0.859746 -1.563778
v -0.049108 -0.947955 -1.333394
v -0.051513 -1.011789 -1.419178
v -1.172716 -0.928601 -0.420900
v -1.155321 -0.938646 -0.423838
v -1.135566 -0.939344 -0.423748
v -0.929431 -0.208224 -0.341026
v -0.917347 -0.157104 -0.334784
v -0.908948 -0.115833 -0.328638
v -0.910435 -0.079902 -0.328303
v -0.920032 -0.072734 -0.331047
v -0.931789 -0.074404 -0.327944
v -1.177171 -0.774130 -0.490256
v -1.183830 -0.835133 -0.467023
v -1.185342 -0.884751 -0.439240
v -1.195422 -0.939132 -0.292227
v -1.193359 -0.934455 -0.342846
v -1.189051 -0.925572 -0.386679
v -0.945008 -0.065593 -0.161120
v -0.944565 -0.070151 -0.123935
v -0.943867 -0.079081 -0.094921
v -1.181246 -0.791824 0.040831
v -1.187490 -0.851093 0.011938
v -1.188528 -0.898680 -0.021257
v -1.138548 -0.952081 -0.041017
v -1.158280 -0.951395 -0.040965
v -1.175607 -0.941167 -0.043708
v -0.933818 -0.082973 -0.070758
v -0.922178 -0.081515 -0.067062
v -0.912602 -0.088451 -0.070715
v -1.070303 -0.825895 0.051955
v -1.090686 -0.880514 0.020874
v -1.109468 -0.922350 -0.014796
v -1.115241 -0.966088 -0.180959
v -1.117427 -0.964024 -0.125929
v -1.120200 -0.956553 -0.077003
v -0.892247 -0.076314 -0.242726
v -0.894585 -0.077581 -0.278467
v -0.899510 -0.083054 -0.306253
v -0.980729 -0.428985 -0.410467
v -0.968784 -0.373201 -0.385734
v -0.956282 -0.318517 -0.365317
v -0.950240 -0.105226 -0.327791
v -0.963015 -0.145406 -0.333640
v -0.977747 -0.195886 -0.339621
v -0.952224 -0.113672 -0.074335
v -0.965107 -0.154098 -0.072336
v -0.979954 -0.204789 -0.071465
v -0.911190 -0.124247 -0.074219
v -0.919701 -0.165773 -0.072152
v -0.931859 -0.217115 -0.071226
v -0.923734 -0.271821 -0.254722
v -0.927312 -0.269581 -0.293001
v -0.933709 -0.266821 -0.325636
v -0.984950 -0.263414 -0.051264
v -0.971669 -0.267006 -0.045645
v -0.957998 -0.270305 -0.051084
v -1.011315 -0.252507 -0.170016
v -1.008977 -0.254510 -0.129992
v -1.004133 -0.256977 -0.094956
v -0.955247 -0.259949 -0.365090
v -0.968873 -0.256299 -0.369693
v -0.982291 -0.253054 -0.364220
v -1.097282 -0.522452 -0.461510
v -1.122473 -0.582006 -0.484705
v -1.145668 -0.644033 -0.499887
v -1.101084 -0.538670 0.025104
v -1.126595 -0.599698 0.046190
v -1.149989 -0.662652 0.058899
v -1.007550 -0.565353 0.030618
v -1.020079 -0.631219 0.054721
v -1.034211 -0.697794 0.069904
v -1.106093 -0.908000 -0.446088
v -1.086805 -0.863966 -0.476481
v -1.065999 -0.807465 -0.502035
v -1.075072 -0.734320 -0.543573
v -1.107633 -0.724209 -0.550046
v -1.139083 -0.715104 -0.536014
v -1.192223 -0.712481 -0.146922
v -1.190616 -0.715868 -0.067618
v -1.183827 -0.720528 0.002573
v -1.143945 -0.736094 0.094293
v -1.112723 -0.746150 0.109137
v -1.080060 -0.755780 0.101496
v -1.004789 -0.762972 -0.318074
v -1.011778 -0.758199 -0.398027
v -1.025248 -0.751938 -0.465546
v -1.029723 -0.678471 -0.511678
v -1.015846 -0.613011 -0.494027
v -1.003690 -0.548842 -0.467829
v -1.011002 -0.304557 -0.363842
v -1.029523 -0.357547 -0.384173
v -1.049855 -0.410780 -0.408294
v -1.013554 -0.314700 -0.058112
v -1.032326 -0.368899 -0.042528
v -1.052956 -0.423621 -0.022469
v -0.958930 -0.328640 -0.057901
v -0.971636 -0.384525 -0.042114
v -0.983852 -0.441828 -0.021290
v -1.011136 -0.481322 -0.461197
v -1.032869 -0.475144 -0.467956
v -1.054346 -0.469557 -0.459027
v -1.096610 -0.468578 -0.157943
v -1.094029 -0.471501 -0.095980
v -1.087607 -0.475209 -0.041578
v -1.058179 -0.485724 0.027116
v -1.036839 -0.491889 0.036581
v -1.014983 -0.497552 0.028829
v -0.966064 -0.499246 -0.288962
v -0.970277 -0.496113 -0.348954
v -0.978719 -0.492159 -0.400008
v -1.191370 -0.935762 -0.080963
v -1.194976 -0.941596 -0.128674
v -1.196250 -0.942800 -0.182229
v -0.942268 -0.072043 -0.305652
v -0.943421 -0.065001 -0.277928
v -0.944413 -0.062877 -0.242276
v -1.117731 -0.946109 -0.391003
v -1.115688 -0.956705 -0.346051
v -1.114345 -0.962329 -0.294035
v -0.901347 -0.090052 -0.094922
v -0.895937 -0.082694 -0.124043
v -0.892963 -0.079008 -0.161347
v -0.935777 -0.274411 -0.094856
v -0.928779 -0.274931 -0.130204
v -0.924494 -0.274583 -0.170641
v -1.002234 -0.249379 -0.323830
v -1.007648 -0.249153 -0.291243
v -1.010631 -0.249741 -0.253242
v -1.180331 -0.705394 -0.451544
v -1.188164 -0.705245 -0.386332
v -1.190960 -0.707009 -0.311070
v -1.028972 -0.767927 0.015375
v -1.014416 -0.769516 -0.057559
v -1.006154 -0.768828 -0.141883
v -1.084804 -0.463390 -0.395891
v -1.092055 -0.463175 -0.345388
v -1.095591 -0.464281 -0.286606
v -0.981547 -0.504091 -0.038646
v -0.972272 -0.504531 -0.093825
v -0.967095 -0.503595 -0.157131
v -0.971596 -0.565963 -0.225671
v -0.978272 -0.632850 -0.227412
v -0.987904 -0.700364 -0.229098
v -1.123176 -0.523398 -0.224830
v -1.149493 -0.583085 -0.226468
v -1.173180 -0.645199 -0.228063
v -1.025798 -0.829014 -0.232840
v -1.053793 -0.885004 -0.234836
v -1.084209 -0.931329 -0.236655
v -1.202898 -0.775660 -0.231902
v -1.206974 -0.839338 -0.234097
v -1.204511 -0.896103 -0.236152
v -1.030228 -0.304884 -0.215054
v -1.050379 -0.357993 -0.217951
v -1.072475 -0.411387 -0.220617
v -0.935259 -0.328986 -0.216101
v -0.946798 -0.384483 -0.218901
v -0.956946 -0.441545 -0.221461
v -0.927555 -0.044719 -0.200991
v -0.911334 -0.041080 -0.200677
v -0.898677 -0.052170 -0.201150
v -1.182423 -0.971278 -0.238830
v -1.163877 -0.985138 -0.239209
v -1.140951 -0.982983 -0.238955
v -0.892677 -0.115553 -0.204463
v -0.899517 -0.163473 -0.207083
v -0.910289 -0.217377 -0.210047
v -0.961808 -0.097792 -0.203897
v -0.978119 -0.143351 -0.206289
v -0.994554 -0.195890 -0.209069
v 1.206661 -0.943276 -0.018341
v 1.231712 -0.942283 -0.008215
v 1.253690 -0.930039 -0.018893
v 0.997764 -0.071740 -0.068936
v 0.987946 -0.051373 -0.079266
v 0.978418 -0.034985 -0.093549
v 0.962861 -0.023844 -0.097814
v 0.952052 -0.025103 -0.092867
v 0.942432 -0.029789 -0.097560
v 1.125280 -0.794794 0.044008
v 1.148560 -0.859189 0.025533
v 1.170707 -0.908434 -0.006322
v 1.183822 -0.942756 -0.308318
v 1.183297 -0.951095 -0.208770
v 1.184783 -0.947258 -0.108970
v 0.932597 -0.031580 -0.138302
v 0.930290 -0.029064 -0.183017
v 0.931467 -0.029558 -0.227860
v 1.120718 -0.783598 -0.451868
v 1.144688 -0.848740 -0.437244
v 1.168081 -0.899353 -0.408520
v 1.256897 -0.921430 -0.399963
v 1.233379 -0.933198 -0.410410
v 1.206467 -0.934669 -0.399438
v 0.940863 -0.025922 -0.268829
v 0.951138 -0.021020 -0.273667
v 0.962993 -0.019976 -0.269069
v 1.245963 -0.750670 -0.453177
v 1.261799 -0.818009 -0.438463
v 1.269817 -0.872644 -0.409580
v 1.276335 -0.921952 -0.110013
v 1.281794 -0.924386 -0.209855
v 1.278775 -0.917448 -0.309334
v 0.972828 -0.018186 -0.228327
v 0.972901 -0.017059 -0.183518
v 0.972257 -0.020208 -0.138782
v 1.031703 -0.162828 -0.052152
v 1.023124 -0.136755 -0.053982
v 1.015221 -0.114506 -0.057127
v 0.936641 -0.046991 -0.093041
v 0.938780 -0.065346 -0.078680
v 0.942837 -0.087167 -0.068294
v 0.934883 -0.042908 -0.273888
v 0.937284 -0.060594 -0.289129
v 0.941831 -0.081920 -0.300634
v 0.980512 -0.030899 -0.274365
v 0.991899 -0.046618 -0.289673
v 1.003982 -0.066489 -0.301220
v 1.022644 -0.086776 -0.253489
v 1.023047 -0.087535 -0.185834
v 1.017498 -0.089837 -0.118119
v 0.963010 -0.099754 -0.343829
v 0.982065 -0.094994 -0.355599
v 1.000756 -0.090759 -0.344159
v 0.939173 -0.110904 -0.117267
v 0.935746 -0.110146 -0.184946
v 0.938272 -0.107846 -0.252685
v 0.992759 -0.097929 -0.026974
v 0.976728 -0.102687 -0.015181
v 0.961061 -0.106920 -0.026597
v 0.953219 -0.131669 -0.056420
v 0.959185 -0.154422 -0.053254
v 0.966527 -0.180838 -0.051411
v 0.952995 -0.125831 -0.314895
v 0.959072 -0.148413 -0.319316
v 0.966407 -0.174712 -0.322638
v 1.024811 -0.108662 -0.315526
v 1.033347 -0.130741 -0.319963
v 1.042112 -0.156696 -0.323297
v 1.089360 -0.341771 -0.041854
v 1.070442 -0.285621 -0.048342
v 1.054729 -0.236468 -0.050695
v 1.025910 -0.200394 -0.012477
v 1.007999 -0.205675 0.000613
v 0.990566 -0.210373 -0.012060
v 0.966271 -0.214795 -0.112698
v 0.962511 -0.213954 -0.187817
v 0.965432 -0.211401 -0.263002
v 0.993472 -0.202419 -0.364163
v 1.015012 -0.197136 -0.377224
v 1.036073 -0.192435 -0.364523
v 1.060367 -0.188013 -0.263885
v 1.060499 -0.188857 -0.188794
v 1.053950 -0.191411 -0.113637
v 1.049043 -0.495750 -0.007335
v 1.065441 -0.569669 0.016131
v 1.083163 -0.645620 0.036384
v 1.046842 -0.487243 -0.384109
v 1.062229 -0.560013 -0.411517
v 1.079067 -0.634958 -0.435862
v 1.145900 -0.462220 -0.385073
v 1.172523 -0.531613 -0.412628
v 1.199210 -0.603598 -0.437101
v 1.264903 -0.881730 -0.007441
v 1.256092 -0.828464 0.024239
v 1.240089 -0.761872 0.042618
v 1.240284 -0.675149 -0.339631
v 1.243943 -0.676676 -0.203446
v 1.236293 -0.681306 -0.067134
v 1.126631 -0.701266 -0.521401
v 1.161462 -0.691689 -0.545117
v 1.196232 -0.683167 -0.522114
v 1.085357 -0.723702 -0.065368
v 1.078070 -0.722177 -0.201581
v 1.082091 -0.717549 -0.337922
v 1.191754 -0.697590 0.116345
v 1.160551 -0.707165 0.140090
v 1.129410 -0.715685 0.117115
v 1.192750 -0.614266 0.035063
v 1.165177 -0.541275 0.014938
v 1.137544 -0.470734 -0.008381
v 0.987962 -0.254952 -0.049933
v 1.002009 -0.304606 -0.047558
v 1.017338 -0.361834 -0.041023
v 0.987713 -0.248665 -0.328305
v 1.001611 -0.298149 -0.333472
v 1.016618 -0.355011 -0.343185
v 1.065038 -0.230175 -0.328985
v 1.080601 -0.279158 -0.334174
v 1.099196 -0.334941 -0.343933
v 1.131072 -0.394941 -0.285555
v 1.132103 -0.395959 -0.194890
v 1.125273 -0.399043 -0.104143
v 1.052256 -0.412332 -0.406608
v 1.077185 -0.405955 -0.422385
v 1.101741 -0.400280 -0.407058
v 1.021468 -0.427273 -0.102993
v 1.016809 -0.426258 -0.193686
v 1.020010 -0.423176 -0.284462
v 1.093026 -0.409886 0.018003
v 1.071727 -0.416262 0.033809
v 1.050799 -0.421935 0.018510
v 0.083632 -0.672183 -1.589600
v 0.085267 -0.677958 -1.604355
v 0.084973 -0.689793 -1.614375
v 0.054589 -1.173524 -1.261453
v 0.052128 -1.205922 -1.235625
v 0.049288 -1.231268 -1.214064
v 0.050827 -1.247797 -1.191244
v 0.053424 -1.245298 -1.182301
v 0.051024 -1.237316 -1.177477
v 0.145664 -0.742784 -1.495621
v 0.124502 -0.709619 -1.528833
v 0.100294 -0.685256 -1.557343
v -0.017426 -0.656079 -1.579255
v 0.022422 -0.658442 -1.579660
v 0.057144 -0.664386 -1.578265
v -0.079037 -1.237332 -1.158138
v -0.108384 -1.236259 -1.159482
v -0.131553 -1.233031 -1.164004
v -0.271024 -0.744055 -1.480630
v -0.251288 -0.710774 -1.515321
v -0.227653 -0.686268 -1.545556
v -0.215315 -0.690688 -1.603541
v -0.215133 -0.678865 -1.593533
v -0.212310 -0.673089 -1.578954
v -0.150763 -1.237896 -1.170190
v -0.153696 -1.245862 -1.174782
v -0.151272 -1.248312 -1.183861
v -0.282492 -0.796137 -1.554958
v -0.260675 -0.756350 -1.580022
v -0.234646 -0.723645 -1.598215
v -0.106659 -0.694993 -1.629765
v -0.149625 -0.695929 -1.624959
v -0.187536 -0.698985 -1.616820
v -0.016177 -1.262737 -1.194025
v 0.011768 -1.259849 -1.195276
v 0.033300 -1.253512 -1.197497
v 0.098473 -1.033170 -1.375334
v 0.081767 -1.068176 -1.345740
v 0.068381 -1.102891 -1.317287
v 0.049547 -1.210993 -1.187450
v 0.052251 -1.183488 -1.206201
v 0.054565 -1.149775 -1.230339
v -0.149312 -1.211575 -1.180278
v -0.152765 -1.184066 -1.198775
v -0.155826 -1.150340 -1.222677
v -0.150322 -1.231729 -1.206704
v -0.153925 -1.206382 -1.227997
v -0.157087 -1.173996 -1.253603
v -0.016206 -1.148182 -1.299424
v 0.013913 -1.146173 -1.298031
v 0.039665 -1.142811 -1.294695
v -0.174512 -1.119282 -1.255372
v -0.179218 -1.125853 -1.263777
v -0.175254 -1.132549 -1.272690
v -0.080732 -1.105565 -1.241203
v -0.112193 -1.106965 -1.241769
v -0.139797 -1.109569 -1.244063
v 0.071105 -1.131957 -1.281785
v 0.075022 -1.125225 -1.273130
v 0.071027 -1.118659 -1.264371
v 0.134908 -0.914810 -1.378458
v 0.150349 -0.869848 -1.403865
v 0.159374 -0.825103 -1.431402
v -0.246887 -0.915930 -1.364692
v -0.266188 -0.871087 -1.388859
v -0.279046 -0.826419 -1.415614
v -0.253426 -0.960740 -1.426276
v -0.275455 -0.921619 -1.459586
v -0.290520 -0.880958 -1.492954
v 0.103741 -0.722643 -1.610434
v 0.129545 -0.755188 -1.594107
v 0.152165 -0.794831 -1.570639
v 0.188415 -0.823769 -1.523146
v 0.194298 -0.808462 -1.501407
v 0.184065 -0.793830 -1.479904
v -0.119960 -0.771423 -1.434980
v -0.182240 -0.772616 -1.434275
v -0.237497 -0.776172 -1.437280
v -0.310471 -0.795328 -1.462093
v -0.322893 -0.810030 -1.482771
v -0.317702 -0.825305 -1.504900
v 0.009748 -0.858421 -1.564752
v 0.072657 -0.854569 -1.562020
v 0.125965 -0.847736 -1.554666
v 0.165784 -0.879556 -1.509416
v 0.155086 -0.920283 -1.475133
v 0.137648 -0.959523 -1.440422
v 0.068444 -1.075985 -1.282061
v 0.081905 -1.038386 -1.306546
v 0.098339 -0.999463 -1.330471
v -0.171427 -1.076611 -1.273305
v -0.186144 -1.039106 -1.296795
v -0.204375 -1.000307 -1.319502
v -0.172808 -1.103508 -1.308395
v -0.187827 -1.068927 -1.335859
v -0.206866 -1.034076 -1.364206
v 0.135884 -0.987856 -1.395011
v 0.141692 -0.977305 -1.380962
v 0.135184 -0.966991 -1.366694
v -0.100116 -0.948437 -1.332021
v -0.148803 -0.950052 -1.332285
v -0.191647 -0.953477 -1.335236
v -0.246240 -0.968106 -1.352903
v -0.254162 -0.978484 -1.366632
v -0.248583 -0.989021 -1.381077
v -0.000301 -1.010939 -1.420173
v 0.046869 -1.008467 -1.418899
v 0.087123 -1.003995 -1.414665
v -0.182720 -0.665131 -1.569651
v -0.145617 -0.658968 -1.573631
v -0.103731 -0.656351 -1.576161
v 0.033786 -1.232524 -1.169934
v 0.012439 -1.235877 -1.163799
v -0.015361 -1.237127 -1.160407
v 0.058826 -0.698262 -1.625724
v 0.023081 -0.695426 -1.631206
v -0.017940 -0.694736 -1.632975
v -0.132505 -1.253905 -1.191400
v -0.109389 -1.260132 -1.190815
v -0.080025 -1.262884 -1.191673
v -0.141396 -1.143228 -1.287976
v -0.113811 -1.146465 -1.293285
v -0.082173 -1.148332 -1.296971
v 0.039775 -1.109095 -1.250609
v 0.014322 -1.106629 -1.246376
v -0.015435 -1.105390 -1.243578
v 0.118801 -0.775095 -1.450102
v 0.067822 -0.771859 -1.443272
v 0.008830 -0.771033 -1.439613
v -0.251361 -0.848882 -1.541053
v -0.194472 -0.855381 -1.552381
v -0.128489 -0.858842 -1.559764
v 0.086346 -0.952688 -1.345270
v 0.046881 -0.949501 -1.339344
v 0.000834 -0.948154 -1.335662
v -0.196394 -1.004878 -1.404372
v -0.153299 -1.009094 -1.411629
v -0.103733 -1.011264 -1.416416
v -0.053124 -0.976629 -1.455642
v -0.055023 -0.940016 -1.493585
v -0.056969 -0.901279 -1.530475
v -0.050214 -0.903909 -1.355816
v -0.051648 -0.858691 -1.379790
v -0.053261 -0.813916 -1.406529
v -0.060074 -0.815413 -1.591301
v -0.061028 -0.770947 -1.612203
v -0.061617 -0.729684 -1.625981
v -0.056460 -0.732207 -1.472445
v -0.057869 -0.698743 -1.509699
v -0.059107 -0.672666 -1.545874
v -0.047891 -1.067446 -1.266232
v -0.048071 -1.029189 -1.289213
v -0.048427 -0.989602 -1.311415
v -0.049179 -1.114239 -1.327222
v -0.049637 -1.080133 -1.355850
v -0.050373 -1.046130 -1.386105
v -0.046946 -1.257286 -1.155580
v -0.047166 -1.269054 -1.161208
v -0.047469 -1.271460 -1.174193
v -0.060960 -0.649732 -1.602924
v -0.061531 -0.654425 -1.620468
v -0.061841 -0.669602 -1.630268
v -0.048085 -1.244322 -1.216211
v -0.048351 -1.216791 -1.242456
v -0.048608 -1.183928 -1.270486
v -0.046983 -1.210359 -1.171690
v -0.047219 -1.178144 -1.191874
v -0.047498 -1.142458 -1.216305
v -0.940982 -0.204682 -0.355112
v -0.928035 -0.153202 -0.348276
v -0.917923 -0.110568 -0.340577
v -0.953936 -0.201119 -0.359510
v -0.940146 -0.149259 -0.352549
v -0.928622 -0.105459 -0.344465
v -0.966737 -0.198103 -0.354311
v -0.952438 -0.146950 -0.347622
v -0.940303 -0.104819 -0.340086
v -0.994165 -0.197416 -0.168851
v -0.977802 -0.144920 -0.166455
v -0.961625 -0.099515 -0.163648
v -0.991987 -0.199387 -0.130612
v -0.975938 -0.147305 -0.128958
v -0.960361 -0.102943 -0.126574
v -0.987452 -0.201873 -0.097226
v -0.971994 -0.150710 -0.096844
v -0.957662 -0.108713 -0.096304
v -0.969249 -0.208002 -0.055636
v -0.954827 -0.156595 -0.057173
v -0.942550 -0.114111 -0.060774
v -0.956600 -0.211348 -0.050274
v -0.942694 -0.159219 -0.051989
v -0.931015 -0.115039 -0.055969
v -0.943625 -0.214575 -0.055461
v -0.930579 -0.162833 -0.057036
v -0.920321 -0.119842 -0.060684
v -0.911120 -0.215776 -0.249842
v -0.900209 -0.161993 -0.246433
v -0.893196 -0.114275 -0.244142
v -0.914483 -0.213708 -0.286420
v -0.903275 -0.160535 -0.282314
v -0.895958 -0.114108 -0.279697
v -0.920545 -0.211227 -0.317537
v -0.909001 -0.159277 -0.312350
v -0.901406 -0.115708 -0.308295
v -1.182586 -0.972421 -0.187654
v -1.181688 -0.970080 -0.137183
v -1.179095 -0.960814 -0.089084
v -1.164221 -0.986149 -0.189281
v -1.163941 -0.983347 -0.139301
v -1.162225 -0.972969 -0.090031
v -1.141616 -0.984019 -0.187138
v -1.142305 -0.981304 -0.136006
v -1.142053 -0.971512 -0.087216
v -0.927188 -0.043938 -0.241772
v -0.927106 -0.046637 -0.278256
v -0.928071 -0.055950 -0.307459
v -0.911198 -0.040269 -0.241699
v -0.912032 -0.042978 -0.278725
v -0.914700 -0.052684 -0.309021
v -0.898775 -0.051268 -0.241974
v -0.900449 -0.053514 -0.278501
v -0.904459 -0.062038 -0.307748
v -0.957745 -0.439367 -0.278787
v -0.947627 -0.382527 -0.269467
v -0.936146 -0.327191 -0.261335
v -0.961527 -0.436617 -0.331536
v -0.951272 -0.380024 -0.316007
v -0.939778 -0.324842 -0.302963
v -0.968965 -0.433191 -0.376499
v -0.958176 -0.376930 -0.355701
v -0.946406 -0.321949 -0.338463
v -1.037542 -0.428518 0.000568
v -1.018754 -0.373126 -0.022289
v -1.001371 -0.318456 -0.040038
v -1.019172 -0.433647 0.008536
v -1.002688 -0.377514 -0.015427
v -0.986986 -0.322347 -0.033942
v -1.000418 -0.438315 0.001296
v -0.986268 -0.381500 -0.022012
v -0.972230 -0.325900 -0.039878
v -1.072139 -0.413529 -0.162920
v -1.049971 -0.359913 -0.166815
v -1.029799 -0.306613 -0.169292
v -1.069487 -0.416192 -0.107952
v -1.047368 -0.362318 -0.118117
v -1.027316 -0.308789 -0.125717
v -1.063450 -0.419511 -0.059779
v -1.041757 -0.365287 -0.075481
v -1.022121 -0.311467 -0.087576
v -0.996949 -0.424027 -0.430794
v -0.983109 -0.368895 -0.403776
v -0.969309 -0.314633 -0.381442
v -1.015593 -0.418878 -0.437090
v -0.999436 -0.364474 -0.409453
v -0.983997 -0.310694 -0.386502
v -1.034086 -0.414232 -0.429532
v -1.015622 -0.360504 -0.402881
v -0.998507 -0.307176 -0.380601
v -1.125193 -0.904567 -0.463227
v -1.110299 -0.856894 -0.499670
v -1.093022 -0.798499 -0.528602
v -1.147770 -0.900201 -0.466497
v -1.137188 -0.849378 -0.504938
v -1.123659 -0.789087 -0.534746
v -1.168863 -0.891743 -0.459114
v -1.162993 -0.841229 -0.494062
v -1.153241 -0.780441 -0.521646
v -1.204715 -0.897997 -0.173318
v -1.207329 -0.841688 -0.162892
v -1.203400 -0.778321 -0.153321
v -1.203228 -0.898585 -0.113285
v -1.205760 -0.843960 -0.094849
v -1.201832 -0.781453 -0.078169
v -1.198370 -0.897451 -0.060605
v -1.199929 -0.846485 -0.034843
v -1.195385 -0.785683 -0.011690
v -1.172386 -0.907042 0.000157
v -1.167104 -0.859058 0.041221
v -1.157832 -0.800307 0.074838
v -1.151434 -0.915994 0.007832
v -1.141495 -0.867945 0.052713
v -1.128474 -0.809843 0.088707
v -1.128828 -0.920120 0.004080
v -1.114542 -0.875074 0.046582
v -1.097749 -0.818802 0.081486
v -1.084925 -0.928577 -0.301054
v -1.054967 -0.881973 -0.308901
v -1.027293 -0.825681 -0.315315
v -1.088217 -0.923605 -0.360300
v -1.060171 -0.877464 -0.376875
v -1.033780 -0.821106 -0.390952
v -1.094557 -0.915649 -0.410440
v -1.070291 -0.871135 -0.434325
v -1.046308 -0.815056 -0.454842
v -1.057819 -0.669126 -0.539855
v -1.041468 -0.604612 -0.521076
v -1.025935 -0.541702 -0.492951
v -1.089704 -0.659318 -0.546574
v -1.070688 -0.595791 -0.527981
v -1.051453 -0.534207 -0.499898
v -1.120585 -0.650477 -0.532897
v -1.099143 -0.587829 -0.515579
v -1.076487 -0.527432 -0.489231
v -1.173649 -0.648033 -0.145354
v -1.149761 -0.585831 -0.147706
v -1.123201 -0.525979 -0.152420
v -1.171857 -0.651453 -0.066270
v -1.147686 -0.589164 -0.072455
v -1.120834 -0.529135 -0.083311
v -1.164929 -0.656109 0.003658
v -1.140791 -0.593610 -0.006046
v -1.114115 -0.533241 -0.022478
v -1.125435 -0.671373 0.094664
v -1.103757 -0.607646 0.079672
v -1.080732 -0.545550 0.055196
v -1.094769 -0.681135 0.109137
v -1.075491 -0.616434 0.092813
v -1.055858 -0.553026 0.066512
v -1.062769 -0.690441 0.101242
v -1.046148 -0.624735 0.084776
v -1.030214 -0.559994 0.058502
v -0.989441 -0.696912 -0.315602
v -0.979588 -0.629655 -0.308861
v -0.972654 -0.563125 -0.299449
v -0.996170 -0.692269 -0.394947
v -0.985554 -0.625433 -0.383623
v -0.977674 -0.559459 -0.367232
v -1.009221 -0.686200 -0.462013
v -0.997272 -0.619960 -0.446932
v -0.987679 -0.554765 -0.424775
v -1.012903 -0.702053 0.015332
v -1.000739 -0.634879 0.002983
v -0.990835 -0.568270 -0.016676
v -0.998776 -0.703485 -0.057118
v -0.988004 -0.635980 -0.065415
v -0.979902 -0.568997 -0.078850
v -0.990789 -0.702715 -0.140808
v -0.980855 -0.635109 -0.144278
v -0.973805 -0.568054 -0.150363
v -1.161427 -0.641016 -0.449110
v -1.137444 -0.579248 -0.436714
v -1.111022 -0.520052 -0.417820
v -1.169398 -0.640853 -0.384153
v -1.145333 -0.579068 -0.375041
v -1.118656 -0.519854 -0.361340
v -1.172382 -0.642571 -0.309107
v -1.148548 -0.580627 -0.303641
v -1.122077 -0.521192 -0.295775
v -1.097359 -0.927503 -0.054027
v -1.073492 -0.884736 -0.025437
v -1.049850 -0.830188 0.000115
v -1.090206 -0.931983 -0.108351
v -1.062442 -0.887086 -0.087532
v -1.036291 -0.831816 -0.068896
v -1.085955 -0.932903 -0.170918
v -1.056143 -0.886949 -0.159243
v -1.028593 -0.831223 -0.148667
v -1.195771 -0.886028 -0.403268
v -1.196966 -0.833512 -0.424080
v -1.192091 -0.771344 -0.441978
v -1.201406 -0.890540 -0.354575
v -1.203683 -0.834840 -0.368411
v -1.199523 -0.771386 -0.380224
v -1.203778 -0.893849 -0.297709
v -1.206260 -0.836987 -0.303869
v -1.202211 -0.773135 -0.308904
v -1.060923 -0.409038 -0.374028
v -1.039477 -0.356024 -0.353876
v -1.020052 -0.303190 -0.336716
v -1.067707 -0.408809 -0.329298
v -1.045763 -0.355786 -0.314267
v -1.025863 -0.302953 -0.301259
v -1.071220 -0.409717 -0.277148
v -1.049143 -0.356540 -0.268055
v -1.029050 -0.303599 -0.259897
v -0.971515 -0.443667 -0.058637
v -0.960508 -0.386162 -0.075177
v -0.948578 -0.330202 -0.087505
v -0.963326 -0.444003 -0.107256
v -0.952919 -0.386531 -0.118129
v -0.941315 -0.330660 -0.125945
v -0.958674 -0.443180 -0.162936
v -0.948478 -0.385886 -0.167270
v -0.936941 -0.330194 -0.169913
v -0.929745 -0.063170 -0.091098
v -0.928299 -0.051875 -0.121448
v -0.927808 -0.046690 -0.159446
v -0.916464 -0.060015 -0.088867
v -0.913290 -0.048257 -0.120324
v -0.911853 -0.043030 -0.158884
v -0.906269 -0.069233 -0.091104
v -0.901761 -0.058729 -0.121506
v -0.899464 -0.054006 -0.159557
v -1.176867 -0.951104 -0.380494
v -1.180169 -0.963437 -0.336528
v -1.181817 -0.969046 -0.288928
v -1.159983 -0.963309 -0.380147
v -1.162427 -0.976826 -0.335167
v -1.163457 -0.982859 -0.288074
v -1.139745 -0.961686 -0.382532
v -1.140722 -0.974587 -0.337910
v -1.140810 -0.980608 -0.289681
v -0.922556 -0.218483 -0.097116
v -0.910966 -0.166384 -0.096770
v -0.903307 -0.122712 -0.096274
v -0.915915 -0.218827 -0.130791
v -0.904686 -0.165582 -0.129118
v -0.897344 -0.119159 -0.126714
v -0.911863 -0.218420 -0.169414
v -0.900945 -0.164611 -0.166921
v -0.893926 -0.116920 -0.163997
v -0.985680 -0.194605 -0.315875
v -0.970316 -0.143576 -0.311007
v -0.956051 -0.101670 -0.307330
v -0.990749 -0.194258 -0.284805
v -0.974764 -0.142235 -0.281015
v -0.959222 -0.097857 -0.278786
v -0.993529 -0.194766 -0.248485
v -0.977198 -0.142288 -0.245341
v -0.961036 -0.096849 -0.243378
v 0.984693 -0.075939 -0.036150
v 0.976392 -0.054930 -0.049754
v 0.968655 -0.037200 -0.069581
v 0.969792 -0.080369 -0.025100
v 0.962977 -0.058706 -0.039862
v 0.956924 -0.039821 -0.061608
v 0.955157 -0.084376 -0.035795
v 0.949844 -0.062579 -0.049431
v 0.945764 -0.043845 -0.069298
v 0.934628 -0.088112 -0.120837
v 0.931308 -0.065953 -0.126214
v 0.930306 -0.046658 -0.133331
v 0.931349 -0.087366 -0.184347
v 0.928234 -0.065029 -0.183784
v 0.927541 -0.045169 -0.183325
v 0.933572 -0.085243 -0.247916
v 0.930123 -0.063352 -0.241422
v 0.929106 -0.044399 -0.233411
v 0.956006 -0.077654 -0.333409
v 0.949485 -0.056500 -0.318619
v 0.944487 -0.038685 -0.297795
v 0.973364 -0.073154 -0.344438
v 0.964569 -0.052186 -0.328481
v 0.956874 -0.034308 -0.305708
v 0.990508 -0.069213 -0.333726
v 0.979780 -0.048848 -0.318914
v 0.970024 -0.032039 -0.298057
v 1.011037 -0.065477 -0.248684
v 0.998316 -0.045475 -0.242130
v 0.985482 -0.029226 -0.234024
v 1.011806 -0.066157 -0.185191
v 0.999312 -0.045862 -0.184560
v 0.986256 -0.028960 -0.183992
v 1.007127 -0.068349 -0.121643
v 0.995755 -0.048078 -0.126952
v 0.984036 -0.031487 -0.133965
v 1.212570 -0.964453 -0.106686
v 1.213849 -0.970183 -0.209746
v 1.212620 -0.959807 -0.312386
v 1.239638 -0.965489 -0.102918
v 1.242695 -0.971550 -0.210277
v 1.240660 -0.960650 -0.317152
v 1.262142 -0.950794 -0.107247
v 1.266449 -0.955956 -0.210324
v 1.263936 -0.946147 -0.312934
v 0.937987 -0.019151 -0.229230
v 0.937118 -0.017697 -0.182894
v 0.939030 -0.021240 -0.136715
v 0.947965 -0.013409 -0.231224
v 0.947253 -0.011630 -0.182948
v 0.948720 -0.015585 -0.134832
v 0.960087 -0.013008 -0.229484
v 0.959567 -0.011297 -0.183163
v 0.960258 -0.015098 -0.136976
v 1.050030 -0.155552 -0.261962
v 1.041113 -0.129618 -0.259795
v 1.032392 -0.107572 -0.257074
v 1.050115 -0.156385 -0.187856
v 1.041193 -0.130435 -0.187101
v 1.032561 -0.108365 -0.186452
v 1.043597 -0.158906 -0.113685
v 1.034795 -0.132908 -0.114343
v 1.026458 -0.110768 -0.115768
v 0.983912 -0.169769 -0.360926
v 0.976247 -0.143564 -0.356875
v 0.969579 -0.121120 -0.351384
v 1.005224 -0.164555 -0.373815
v 0.997157 -0.138450 -0.369518
v 0.989781 -0.116152 -0.363668
v 1.026054 -0.159916 -0.361281
v 1.017593 -0.133899 -0.357223
v 1.009543 -0.111731 -0.351724
v 0.956964 -0.181983 -0.112759
v 0.949805 -0.155546 -0.113434
v 0.944104 -0.132760 -0.114884
v 0.953259 -0.181153 -0.186893
v 0.946171 -0.154731 -0.186156
v 0.940561 -0.131969 -0.185532
v 0.956158 -0.178633 -0.261092
v 0.949016 -0.152260 -0.258943
v 0.943291 -0.129568 -0.256243
v 1.015843 -0.167770 -0.013852
v 1.007564 -0.141604 -0.016411
v 1.000170 -0.119216 -0.020627
v 0.998150 -0.172982 -0.000934
v 0.990207 -0.146716 -0.003739
v 0.983342 -0.124182 -0.008317
v 0.980940 -0.177619 -0.013440
v 0.973324 -0.151265 -0.016007
v 0.966953 -0.128601 -0.020235
v 1.072030 -0.347277 0.000817
v 1.053880 -0.290831 -0.007967
v 1.038524 -0.241540 -0.011385
v 1.052494 -0.353082 0.015209
v 1.035310 -0.296325 0.005651
v 1.020403 -0.246889 0.001873
v 1.033386 -0.358248 0.001277
v 1.017198 -0.301213 -0.007532
v 1.002752 -0.251649 -0.010963
v 1.006675 -0.363110 -0.109368
v 0.991924 -0.305813 -0.112228
v 0.978145 -0.256127 -0.112898
v 1.002484 -0.362185 -0.191956
v 0.987988 -0.304938 -0.190376
v 0.974329 -0.255275 -0.188984
v 1.005539 -0.359379 -0.274618
v 0.990964 -0.302283 -0.268594
v 0.977267 -0.252690 -0.265138
v 1.035597 -0.349504 -0.385843
v 1.019822 -0.292938 -0.373835
v 1.005569 -0.243592 -0.367603
v 1.058762 -0.343696 -0.400207
v 1.042021 -0.287442 -0.387424
v 1.027319 -0.238241 -0.380832
v 1.081500 -0.338528 -0.386246
v 1.063762 -0.282552 -0.374213
v 1.048598 -0.233479 -0.367969
v 1.108209 -0.333667 -0.275602
v 1.089037 -0.277952 -0.269517
v 1.073205 -0.229001 -0.266034
v 1.108772 -0.334594 -0.193042
v 1.089343 -0.278830 -0.191397
v 1.073392 -0.229855 -0.189975
v 1.102087 -0.337402 -0.110408
v 1.082739 -0.281487 -0.113208
v 1.066826 -0.232442 -0.113850
v 1.282789 -0.874126 -0.320019
v 1.276764 -0.816881 -0.333962
v 1.261893 -0.748680 -0.341055
v 1.286211 -0.878087 -0.208859
v 1.280303 -0.819119 -0.207391
v 1.265568 -0.750303 -0.205538
v 1.279581 -0.879155 -0.097458
v 1.272977 -0.822605 -0.080658
v 1.257949 -0.754808 -0.069889
v 1.191635 -0.895162 -0.461767
v 1.171237 -0.841123 -0.502110
v 1.148847 -0.774665 -0.521834
v 1.220888 -0.889976 -0.479452
v 1.203915 -0.833022 -0.523827
v 1.183526 -0.765235 -0.545393
v 1.248429 -0.880379 -0.462350
v 1.236013 -0.824299 -0.502773
v 1.218081 -0.756655 -0.522544
v 1.158336 -0.912889 -0.096062
v 1.132576 -0.861906 -0.079025
v 1.107778 -0.796983 -0.068133
v 1.153883 -0.914122 -0.207390
v 1.126220 -0.861259 -0.205668
v 1.100576 -0.795561 -0.203683
v 1.156365 -0.907863 -0.318663
v 1.129777 -0.856186 -0.332381
v 1.104549 -0.790860 -0.339354
v 1.244311 -0.891856 0.045646
v 1.231518 -0.837669 0.089071
v 1.213650 -0.771003 0.112591
v 1.219206 -0.902233 0.063203
v 1.202609 -0.847356 0.110768
v 1.182618 -0.780629 0.136172
v 1.192695 -0.906635 0.046269
v 1.173327 -0.854489 0.089785
v 1.151590 -0.789009 0.113356
v 1.214270 -0.601605 -0.330304
v 1.185998 -0.529809 -0.315916
v 1.157566 -0.460631 -0.299867
v 1.217517 -0.603052 -0.201259
v 1.188541 -0.531120 -0.199061
v 1.159306 -0.461786 -0.196916
v 1.209995 -0.607440 -0.072095
v 1.181238 -0.535093 -0.082097
v 1.152254 -0.465287 -0.093870
v 1.106082 -0.626353 -0.502549
v 1.087137 -0.552220 -0.471904
v 1.069346 -0.480377 -0.437308
v 1.139360 -0.617278 -0.525020
v 1.117764 -0.544002 -0.492249
v 1.096948 -0.473136 -0.455228
v 1.172527 -0.609202 -0.503222
v 1.148196 -0.536689 -0.472505
v 1.124261 -0.466693 -0.437830
v 1.066453 -0.647614 -0.070426
v 1.050317 -0.571474 -0.080593
v 1.035728 -0.497341 -0.092554
v 1.059578 -0.646168 -0.199499
v 1.044145 -0.570165 -0.197477
v 1.030359 -0.496188 -0.195534
v 1.063471 -0.641783 -0.328691
v 1.047818 -0.566194 -0.314469
v 1.033782 -0.492689 -0.298608
v 1.167384 -0.622870 0.101763
v 1.141919 -0.549067 0.075338
v 1.116689 -0.477599 0.044831
v 1.137735 -0.631943 0.124262
v 1.114921 -0.557283 0.095711
v 1.092717 -0.484838 0.062779
v 1.108196 -0.640016 0.102492
v 1.088118 -0.564594 0.075996
v 1.069033 -0.491279 0.045409
v 0.065905 -1.167798 -1.254300
v 0.062989 -1.200916 -1.228642
v 0.058984 -1.228015 -1.207006
v 0.069650 -1.161443 -1.246015
v 0.066647 -1.195268 -1.220528
v 0.062385 -1.223812 -1.198844
v 0.065851 -1.155140 -1.237710
v 0.063021 -1.188930 -1.212917
v 0.059099 -1.217028 -1.192580
v -0.079069 -1.142894 -1.215623
v -0.078491 -1.178507 -1.191201
v -0.078585 -1.210573 -1.171028
v -0.109130 -1.144170 -1.216173
v -0.107988 -1.179371 -1.191886
v -0.107797 -1.210552 -1.172081
v -0.135439 -1.146535 -1.218402
v -0.133341 -1.180896 -1.194449
v -0.131812 -1.210119 -1.175576
v -0.168483 -1.155745 -1.229140
v -0.164861 -1.189542 -1.204620
v -0.160046 -1.217639 -1.184637
v -0.172969 -1.162040 -1.237099
v -0.169167 -1.195864 -1.211894
v -0.163964 -1.224407 -1.190593
v -0.169192 -1.168347 -1.245618
v -0.165510 -1.201458 -1.220227
v -0.160614 -1.228556 -1.198952
v -0.017360 -1.183265 -1.270888
v -0.017459 -1.216167 -1.242981
v -0.016947 -1.243698 -1.216958
v 0.011416 -1.181345 -1.269629
v 0.010738 -1.214150 -1.242209
v 0.010928 -1.241249 -1.217113
v 0.035962 -1.178089 -1.266559
v 0.034374 -1.210533 -1.240006
v 0.033293 -1.236450 -1.216736
v -0.101087 -0.650269 -1.601246
v -0.140498 -0.653134 -1.597973
v -0.177724 -0.660348 -1.591375
v -0.100671 -0.654885 -1.618676
v -0.139670 -0.657581 -1.614843
v -0.177749 -0.664822 -1.607082
v -0.102460 -0.669897 -1.628251
v -0.142355 -0.671981 -1.623948
v -0.180073 -0.678024 -1.615859
v -0.014979 -1.256942 -1.157112
v 0.013453 -1.254833 -1.160452
v 0.035865 -1.249039 -1.167021
v -0.015007 -1.268576 -1.162621
v 0.013858 -1.265885 -1.165546
v 0.037123 -1.258826 -1.171578
v -0.015457 -1.270887 -1.175428
v 0.013048 -1.267915 -1.177638
v 0.035563 -1.260626 -1.182244
v -0.005370 -1.045360 -1.386956
v -0.009937 -1.079394 -1.356519
v -0.013663 -1.113511 -1.327722
v 0.036106 -1.043136 -1.385801
v 0.026663 -1.077279 -1.355303
v 0.019084 -1.111443 -1.326386
v 0.071555 -1.039168 -1.382105
v 0.057964 -1.073602 -1.351833
v 0.047089 -1.107937 -1.322985
v -0.222804 -1.007964 -1.328964
v -0.202332 -1.045888 -1.305075
v -0.185882 -1.082716 -1.280718
v -0.229475 -1.016979 -1.340681
v -0.208077 -1.053818 -1.315267
v -0.190987 -1.089832 -1.289822
v -0.224218 -1.026100 -1.352985
v -0.203277 -1.061847 -1.325989
v -0.186657 -1.097062 -1.299441
v -0.093715 -0.990114 -1.310300
v -0.088211 -1.029700 -1.288292
v -0.083814 -1.067937 -1.265444
v -0.136913 -0.991735 -1.310752
v -0.126486 -1.031271 -1.288844
v -0.118065 -1.069425 -1.266028
v -0.174856 -0.994966 -1.313558
v -0.160072 -1.034280 -1.291476
v -0.148113 -1.072215 -1.268481
v 0.114791 -1.025108 -1.365322
v 0.096246 -1.061020 -1.336947
v 0.081324 -1.096375 -1.309297
v 0.120157 -1.015973 -1.353385
v 0.101067 -1.052973 -1.326555
v 0.085623 -1.089118 -1.299970
v 0.114646 -1.007009 -1.341207
v 0.096273 -1.045079 -1.315956
v 0.081316 -1.082022 -1.290494
v 0.117516 -0.712142 -1.599816
v 0.148279 -0.743604 -1.579391
v 0.173672 -0.781914 -1.553197
v 0.120510 -0.700274 -1.586314
v 0.153035 -0.730561 -1.561948
v 0.179245 -0.767460 -1.532807
v 0.115351 -0.691553 -1.570538
v 0.145171 -0.718870 -1.543916
v 0.169700 -0.753735 -1.512535
v -0.108399 -0.673084 -1.544113
v -0.113737 -0.699042 -1.507768
v -0.118117 -0.732437 -1.470302
v -0.155449 -0.675113 -1.542497
v -0.167144 -0.700491 -1.506866
v -0.177133 -0.733633 -1.469609
v -0.196688 -0.679884 -1.541790
v -0.214310 -0.704256 -1.508552
v -0.229458 -0.737101 -1.472350
v -0.244991 -0.692654 -1.557573
v -0.274809 -0.720151 -1.528802
v -0.298298 -0.755157 -1.495686
v -0.251647 -0.701398 -1.572907
v -0.284494 -0.731884 -1.546186
v -0.309913 -0.768941 -1.515184
v -0.249130 -0.713238 -1.586592
v -0.280306 -0.744889 -1.563935
v -0.304999 -0.783357 -1.535939
v -0.011048 -0.729078 -1.626838
v -0.002873 -0.769970 -1.613101
v 0.004684 -0.814188 -1.592237
v 0.035621 -0.728083 -1.624848
v 0.050626 -0.767368 -1.610860
v 0.064199 -0.810650 -1.589676
v 0.075338 -0.726870 -1.619134
v 0.096022 -0.762866 -1.604639
v 0.114646 -0.804379 -1.582746
v 0.188580 -0.866123 -1.491293
v 0.176928 -0.907942 -1.458741
v 0.157886 -0.948696 -1.426359
v 0.194635 -0.851080 -1.470079
v 0.183054 -0.894058 -1.439438
v 0.163943 -0.936449 -1.409670
v 0.184661 -0.836662 -1.449031
v 0.174011 -0.880678 -1.420165
v 0.156168 -0.924560 -1.392866
v -0.118160 -0.814179 -1.404323
v -0.113454 -0.859027 -1.377805
v -0.107040 -0.904327 -1.354134
v -0.180271 -0.815465 -1.403738
v -0.172562 -0.860441 -1.377476
v -0.161333 -0.905863 -1.354115
v -0.235323 -0.819102 -1.406820
v -0.224848 -0.864078 -1.380571
v -0.209235 -0.909427 -1.357166
v -0.307720 -0.838149 -1.431292
v -0.293019 -0.882081 -1.403330
v -0.270986 -0.925832 -1.377453
v -0.319832 -0.852643 -1.451535
v -0.304016 -0.895539 -1.421870
v -0.280457 -0.937793 -1.393620
v -0.314419 -0.867660 -1.473154
v -0.298417 -0.909403 -1.441586
v -0.274777 -0.950026 -1.410720
v 0.010951 -0.899992 -1.531497
v 0.008924 -0.938859 -1.494645
v 0.004796 -0.975636 -1.456702
v 0.073375 -0.896252 -1.528944
v 0.067730 -0.935491 -1.492516
v 0.058102 -0.972743 -1.455060
v 0.126315 -0.889594 -1.521891
v 0.117687 -0.929452 -1.486308
v 0.103487 -0.967517 -1.449903
v -0.248206 -0.890749 -1.508375
v -0.235311 -0.930554 -1.473556
v -0.216700 -0.968523 -1.438315
v -0.191683 -0.897071 -1.519377
v -0.181932 -0.936273 -1.483495
v -0.168158 -0.973458 -1.446868
v -0.126190 -0.900417 -1.526547
v -0.120206 -0.939264 -1.489979
v -0.112174 -0.976007 -1.452467
v 0.119916 -0.818040 -1.419609
v 0.113052 -0.863081 -1.392740
v 0.100949 -0.908527 -1.368344
v 0.069138 -0.814721 -1.412715
v 0.064846 -0.859743 -1.386023
v 0.056807 -0.905234 -1.361974
v 0.010319 -0.813796 -1.408947
v 0.008893 -0.858669 -1.382209
v 0.005435 -0.904004 -1.358185
v -0.204301 -0.727691 -1.609028
v -0.224788 -0.763816 -1.593052
v -0.242309 -0.805449 -1.569863
v -0.162055 -0.728659 -1.617699
v -0.176389 -0.768038 -1.602657
v -0.188483 -0.811406 -1.580553
v -0.113151 -0.729375 -1.623144
v -0.120293 -0.770315 -1.608857
v -0.126066 -0.814579 -1.587516
v 0.072165 -0.679048 -1.551444
v 0.091084 -0.703312 -1.519524
v 0.108143 -0.736068 -1.484490
v 0.033867 -0.674521 -1.549289
v 0.047493 -0.699825 -1.514574
v 0.059858 -0.732906 -1.478128
v -0.010802 -0.672778 -1.547614
v -0.003127 -0.698698 -1.511739
v 0.003953 -0.732062 -1.474689
v 0.071701 -0.994287 -1.322483
v 0.058353 -1.033697 -1.299412
v 0.047359 -1.071704 -1.275606
v 0.036754 -0.991260 -1.317034
v 0.027411 -1.030861 -1.294431
v 0.019663 -1.069064 -1.271042
v -0.004092 -0.989869 -1.313541
v -0.008778 -1.029489 -1.291174
v -0.012726 -1.067750 -1.268031
v -0.177832 -1.039916 -1.373008
v -0.162126 -1.074218 -1.343758
v -0.149805 -1.108438 -1.315715
v -0.139857 -1.043666 -1.379379
v -0.128585 -1.077715 -1.349603
v -0.119798 -1.111796 -1.321253
v -0.096264 -1.045635 -1.383638
v -0.090118 -1.079620 -1.353574
v -0.085389 -1.113693 -1.325069
v -0.133890 -1.249543 -1.160913
v -0.109579 -1.255208 -1.156039
v -0.079572 -1.257142 -1.154800
v -0.135608 -1.259308 -1.165325
v -0.110422 -1.266237 -1.161055
v -0.079983 -1.268762 -1.160275
v -0.134412 -1.261065 -1.176043
v -0.110128 -1.268232 -1.173144
v -0.080121 -1.271053 -1.173069
v 0.050915 -0.659646 -1.599596
v 0.015907 -0.652651 -1.603594
v -0.021627 -0.650023 -1.604100
v 0.049875 -0.664135 -1.615283
v 0.014006 -0.657117 -1.620380
v -0.023159 -0.654651 -1.621469
v 0.051629 -0.677336 -1.624223
v 0.016057 -0.671513 -1.629670
v -0.022006 -0.669661 -1.631159
v -0.136971 -1.178462 -1.260127
v -0.134763 -1.210893 -1.233723
v -0.133052 -1.236817 -1.210581
v -0.110685 -1.181603 -1.265080
v -0.109454 -1.214399 -1.237735
v -0.109098 -1.241507 -1.212663
v -0.080461 -1.183397 -1.268535
v -0.079842 -1.216295 -1.240656
v -0.079826 -1.243831 -1.214624
v 0.036111 -1.146061 -1.224630
v 0.034690 -1.180404 -1.200513
v 0.033759 -1.209615 -1.181522
v 0.011849 -1.143830 -1.220557
v 0.011316 -1.179013 -1.196179
v 0.011629 -1.210177 -1.176354
v -0.016588 -1.142717 -1.217885
v -0.016597 -1.178318 -1.193425
v -0.016029 -1.210373 -1.173261
vn 0.7745 -0.4830 0.4084
vn 0.8089 0.4180 0.4136
vn -0.7342 -0.5628 0.3797
vn -0.7973 0.4336 0.4198
vn 0.8222 -0.4163 -0.3883
vn 0.8617 0.3418 -0.3751
vn -0.7902 -0.5067 -0.3447
vn -0.8200 0.3909 -0.4182
vn 0.0064 -0.7833 0.6216
vn 0.0190 0.6771 0.7357
vn 0.0130 -0.7882 -0.6153
vn 0.0244 0.6467 -0.7624
vn 0.0995 -0.7897 0.6053
vn 0.2744 -0.7653 0.5822
vn 0.5147 -0.6682 0.5372
vn 0.8094 -0.3787 0.4488
vn 0.8578 0.0854 0.5069
vn 0.8714 0.1196 0.4758
vn -0.1911 0.6717 0.7157
vn -0.3704 0.6485 0.6650
vn -0.6273 0.5479 0.5534
vn -0.8545 0.1115 0.5074
vn -0.8732 0.1430 0.4658
vn -0.8048 -0.4106 0.4285
vn -0.8130 -0.5708 -0.1149
vn -0.8070 -0.5896 0.0338
vn -0.7930 -0.5804 0.1852
vn -0.8661 0.4432 0.2312
vn -0.8952 0.4457 -0.0041
vn -0.8753 0.4187 -0.2418
vn -0.8391 0.1547 -0.5216
vn -0.8365 0.2003 -0.5101
vn -0.8670 -0.2497 -0.4312
vn -0.0504 -0.7730 -0.6324
vn -0.2021 -0.7453 -0.6353
vn -0.4833 -0.6829 -0.5478
vn 0.2101 0.6509 -0.7295
vn 0.4044 0.6218 -0.6707
vn 0.6718 0.5044 -0.5425
vn 0.9024 0.0688 -0.4253
vn 0.9095 0.0592 -0.4114
vn 0.8912 -0.1636 -0.4230
vn 0.8187 -0.5362 0.2055
vn 0.8213 -0.5705 -0.0017
vn 0.8524 -0.4827 -0.2013
vn 0.9029 0.3782 -0.2042
vn 0.9139 0.4059 0.0048
vn 0.8793 0.4184 0.2275
vn -0.5002 -0.6825 0.5330
vn -0.2591 -0.7517 0.6064
vn -0.0840 -0.7769 0.6240
vn 0.6546 0.5172 0.5514
vn 0.4134 0.6297 0.6577
vn 0.2065 0.6848 0.6989
vn 0.5400 -0.6399 -0.5467
vn 0.2445 -0.7565 -0.6066
vn 0.0686 -0.7865 -0.6138
vn -0.6059 0.5315 -0.5920
vn -0.3503 0.6250 -0.6976
vn -0.1732 0.6465 -0.7430
vn 0.0271 0.9442 0.3283
vn 0.0237 0.9997 0.0001
vn 0.0321 0.9433 -0.3305
vn 0.0394 -0.9562 -0.2901
vn 0.0149 -0.9996 -0.0224
vn 0.0332 -0.9596 0.2795
vn 0.0076 0.1291 -0.9916
vn 0.0083 0.2016 -0.9794
vn 0.0070 -0.4762 -0.8793
vn -0.0079 0.1172 0.9931
vn -0.0082 0.1173 0.9931
vn -0.0060 -0.4877 0.8730
vn -0.0912 -0.4855 0.8695
vn -0.0931 0.1173 0.9887
vn -0.0927 0.1164 0.9889
vn -0.2706 -0.4764 0.8365
vn -0.2666 0.1200 0.9563
vn -0.2811 0.1193 0.9522
vn -0.5251 -0.4536 0.7201
vn -0.5811 0.1346 0.8027
vn -0.5907 0.1256 0.7970
vn -0.8973 -0.4010 0.1846
vn -0.9769 0.1057 0.1856
vn -0.9689 0.1040 0.2245
vn -0.9310 -0.3639 0.0277
vn -0.9951 0.0986 -0.0072
vn -0.9946 0.1032 -0.0073
vn -0.9360 -0.3156 -0.1558
vn -0.9695 0.1337 -0.2053
vn -0.9619 0.1251 -0.2430
vn 0.0846 -0.4707 -0.8782
vn 0.0964 0.2011 -0.9748
vn 0.0890 0.1279 -0.9878
vn 0.2880 -0.4348 -0.8532
vn 0.3146 0.1938 -0.9292
vn 0.2938 0.1202 -0.9483
vn 0.6304 -0.3237 -0.7056
vn 0.6635 0.1475 -0.7335
vn 0.6459 0.1025 -0.7565
vn 0.9422 -0.1864 -0.2783
vn 0.9512 0.0517 -0.3043
vn 0.9703 0.0645 -0.2332
vn 0.9467 -0.3195 -0.0417
vn 0.9882 0.0779 -0.1318
vn 0.9910 0.1148 -0.0685
vn 0.8990 -0.3614 0.2474
vn 0.9762 0.0705 0.2051
vn 0.9687 0.1338 0.2090
vn 0.1369 -0.9470 0.2907
vn -0.0757 -0.6288 -0.7739
vn 0.1035 -0.9537 -0.2824
vn 0.2742 -0.9262 0.2589
vn 0.3269 -0.9448 -0.0238
vn 0.2625 -0.9295 -0.2590
vn 0.5271 -0.8196 0.2244
vn 0.5514 -0.8342 0.0060
vn 0.5450 -0.8086 -0.2217
vn 0.2245 0.9134 -0.3396
vn 0.2053 0.9787 0.0015
vn 0.2194 0.9141 0.3409
vn 0.3848 0.8579 -0.3404
vn 0.3828 0.9238 0.0029
vn 0.3806 0.8579 0.3453
vn 0.6780 0.6762 -0.2882
vn 0.6820 0.7313 0.0052
vn 0.6720 0.6767 0.3006
vn -0.6239 0.7149 -0.3157
vn -0.6315 0.7753 -0.0050
vn -0.6287 0.7149 0.3059
vn -0.3358 0.8759 -0.3464
vn -0.3317 0.9434 -0.0027
vn -0.3911 0.8656 0.3126
vn -0.1849 0.9221 -0.3400
vn -0.1734 0.9848 -0.0014
vn -0.1637 0.9325 0.3220
vn -0.5483 -0.8031 0.2334
vn -0.5701 -0.8215 0.0108
vn -0.5367 -0.8184 -0.2054
vn -0.2587 -0.9202 0.2939
vn -0.7890 -0.5599 -0.2532
vn -0.2320 -0.9269 -0.2950
vn -0.0648 -0.9571 0.2825
vn 0.7117 -0.5782 -0.3989
vn -0.0410 -0.9511 -0.3062
vn -0.5296 -0.3595 -0.7683
vn -0.5282 0.2368 -0.8154
vn -0.5776 0.1443 -0.8034
vn -0.2102 -0.4391 -0.8735
vn -0.2245 0.2207 -0.9491
vn -0.2439 0.1296 -0.9611
vn -0.0629 -0.4684 -0.8813
vn -0.0639 0.2048 -0.9767
vn -0.0681 0.1288 -0.9893
vn 0.5590 -0.4529 0.6945
vn 0.5561 0.1082 0.8241
vn 0.5808 0.1145 0.8059
vn 0.2779 -0.4827 0.8305
vn 0.2682 0.1156 0.9564
vn 0.2732 0.1133 0.9553
vn 0.0827 -0.4887 0.8685
vn 0.0852 0.1172 0.9894
vn 0.0832 0.1163 0.9897
vn 0.8532 -0.2285 0.4688
vn -0.8663 -0.1499 0.4765
vn -0.8757 -0.0239 -0.4823
vn 0.9147 -0.0323 -0.4029
vn 0.0088 -0.0660 -0.9978
vn -0.0081 -0.1335 0.9910
vn -0.0926 -0.1326 0.9868
vn -0.2635 -0.1413 0.9543
vn -0.5472 -0.1592 0.8217
vn -0.9769 -0.1213 0.1761
vn -0.9974 -0.0717 0.0015
vn -0.9804 -0.0474 -0.1910
vn 0.0925 -0.0660 -0.9935
vn 0.3070 -0.0641 -0.9495
vn 0.6838 -0.0539 -0.7277
vn 0.9470 -0.0231 -0.3205
vn 0.9903 -0.0862 -0.1087
vn 0.9566 -0.1895 0.2212
vn -0.5618 -0.0104 -0.8272
vn -0.2056 -0.0456 -0.9776
vn -0.0557 -0.0633 -0.9964
vn 0.5569 -0.1833 0.8101
vn 0.2580 -0.1390 0.9561
vn 0.0794 -0.1335 0.9879
vn 0.8832 0.0846 0.4613
vn -0.8690 0.0532 0.4919
vn -0.8822 0.0566 -0.4675
vn 0.9188 0.0548 -0.3908
vn 0.0078 0.0276 -0.9996
vn -0.0068 0.0545 0.9985
vn -0.0833 0.0532 0.9951
vn -0.2587 0.0502 0.9647
vn -0.5354 0.0438 0.8435
vn -0.9769 0.1053 0.1859
vn -0.9926 0.1215 -0.0037
vn -0.9713 0.1079 -0.2122
vn 0.0773 0.0277 -0.9966
vn 0.2626 0.0269 -0.9645
vn 0.6723 0.0278 -0.7397
vn 0.9827 0.0780 -0.1678
vn 0.9940 0.1091 -0.0068
vn 0.9793 0.1035 0.1738
vn -0.6009 0.0280 -0.7988
vn -0.2221 0.0275 -0.9746
vn -0.0583 0.0276 -0.9979
vn 0.5688 0.0894 0.8176
vn 0.2825 0.0762 0.9562
vn 0.0859 0.0600 0.9945
vn 0.8378 0.2217 0.4990
vn -0.8539 0.2600 0.4509
vn -0.8762 0.2263 -0.4256
vn 0.9120 0.1759 -0.3706
vn 0.0100 0.2850 -0.9585
vn -0.0024 0.2664 0.9639
vn -0.1068 0.2741 0.9558
vn -0.3146 0.2867 0.9049
vn -0.6052 0.2784 0.7458
vn -0.9483 0.2503 0.1950
vn -0.9683 0.2497 0.0024
vn -0.9459 0.2391 -0.2194
vn 0.1115 0.2973 -0.9482
vn 0.3338 0.3043 -0.8922
vn 0.6876 0.2472 -0.6827
vn 0.9684 0.1800 -0.1724
vn 0.9820 0.1889 0.0045
vn 0.9642 0.1917 0.1833
vn -0.6091 0.2733 -0.7445
vn -0.2903 0.3062 -0.9066
vn -0.0894 0.2933 -0.9518
vn 0.6053 0.2658 0.7503
vn 0.3760 0.2912 0.8797
vn 0.1421 0.2869 0.9474
vn 0.0457 -0.7875 0.6146
vn 0.1750 -0.7845 0.5949
vn 0.3896 -0.7274 0.5649
vn 0.6490 -0.5833 0.4885
vn 0.8061 -0.3941 0.4415
vn 0.8669 -0.0497 0.4961
vn 0.8576 0.1327 0.4969
vn 0.8368 0.3033 0.4559
vn -0.1078 0.6712 0.7334
vn -0.2689 0.6650 0.6967
vn -0.4973 0.6087 0.6181
vn -0.7284 0.4850 0.4840
vn -0.8596 0.0478 0.5087
vn -0.8588 0.1637 0.4855
vn -0.8359 -0.3041 0.4570
vn -0.7779 -0.4834 0.4015
vn -0.8153 -0.5441 -0.1979
vn -0.8094 -0.5855 -0.0458
vn -0.8024 -0.5859 0.1135
vn -0.7735 -0.5758 0.2647
vn -0.8329 0.4397 0.3360
vn -0.8878 0.4452 0.1167
vn -0.8899 0.4374 -0.1295
vn -0.8535 0.4010 -0.3327
vn -0.8631 0.0673 -0.5006
vn -0.8245 0.2221 -0.5204
vn -0.8772 -0.1301 -0.4622
vn -0.8450 -0.3712 -0.3849
vn -0.0119 -0.7827 -0.6223
vn -0.1097 -0.7606 -0.6399
vn -0.3295 -0.7228 -0.6075
vn -0.6454 -0.6140 -0.4544
vn 0.1302 0.6489 -0.7497
vn 0.2936 0.6448 -0.7058
vn 0.5349 0.5762 -0.6180
vn 0.7851 0.4200 -0.4553
vn 0.9101 0.0492 -0.4115
vn 0.9027 0.0801 -0.4228
vn 0.9070 -0.0795 -0.4134
vn 0.8660 -0.2728 -0.4191
vn 0.8104 -0.5033 0.2998
vn 0.8167 -0.5664 0.1107
vn 0.8368 -0.5357 -0.1132
vn 0.8518 -0.4400 -0.2843
vn 0.8868 0.3592 -0.2908
vn 0.9128 0.3955 -0.1020
vn 0.9038 0.4130 0.1119
vn 0.8450 0.4169 0.3348
vn -0.6255 -0.6296 0.4608
vn -0.3760 -0.7226 0.5800
vn -0.1584 -0.7691 0.6191
vn -0.0322 -0.7802 0.6247
vn 0.7403 0.4688 0.4818
vn 0.5398 0.5784 0.6116
vn 0.3239 0.6636 0.6743
vn 0.1446 0.6770 0.7216
vn 0.6899 -0.5375 -0.4849
vn 0.3867 -0.7122 -0.5859
vn 0.1337 -0.7781 -0.6138
vn 0.0348 -0.7893 -0.6130
vn -0.7268 0.4604 -0.5097
vn -0.4726 0.5886 -0.6558
vn -0.2492 0.6423 -0.7248
vn -0.0888 0.6463 -0.7579
vn 0.0414 0.8665 0.4974
vn 0.0249 0.9849 0.1712
vn 0.0275 0.9849 -0.1710
vn 0.0311 0.8443 -0.5349
vn 0.0250 -0.8926 -0.4502
vn 0.0444 -0.9878 -0.1492
vn 0.0030 -0.9912 0.1320
vn 0.0236 -0.8960 0.4435
vn 0.0076 0.0248 -0.9997
vn 0.0078 0.2110 -0.9775
vn 0.0079 -0.2670 -0.9637
vn 0.0078 -0.6479 -0.7617
vn -0.0077 0.0756 0.9971
vn -0.0080 0.1392 0.9902
vn -0.0073 -0.3225 0.9465
vn -0.0027 -0.6354 0.7722
vn -0.0925 0.0293 0.9953
vn -0.0942 0.1390 0.9858
vn -0.1682 -0.4822 0.8598
vn -0.1643 0.1179 0.9793
vn -0.1695 0.1167 0.9786
vn -0.2613 0.0238 0.9650
vn -0.2776 0.1455 0.9496
vn -0.3894 -0.4679 0.7933
vn -0.4072 0.1254 0.9047
vn -0.4270 0.1239 0.8957
vn -0.5619 0.0160 0.8271
vn -0.5967 0.1666 0.7849
vn -0.0397 -0.4870 0.8725
vn -0.0432 0.1173 0.9922
vn -0.0419 0.1169 0.9923
vn -0.0875 0.0743 0.9934
vn -0.2695 0.0719 0.9603
vn -0.5583 0.0624 0.8273
vn -0.7430 0.1201 0.6584
vn -0.7477 0.1460 0.6477
vn -0.6775 -0.4308 0.5962
vn -0.5098 -0.5638 0.6498
vn -0.2674 -0.6115 0.7447
vn -0.0885 -0.6311 0.7707
vn -0.9845 0.0246 0.1739
vn -0.9695 0.1249 0.2109
vn -0.9162 -0.3855 0.1097
vn -0.9921 0.0968 0.0796
vn -0.9899 0.1019 0.0990
vn -0.9992 0.0397 -0.0055
vn -0.9935 0.1138 -0.0074
vn -0.9371 -0.3436 -0.0619
vn -0.9893 0.1104 -0.0953
vn -0.9873 0.1106 -0.1142
vn -0.9790 0.0606 -0.1945
vn -0.9613 0.1539 -0.2286
vn -0.8699 -0.4051 0.2815
vn -0.9405 0.1236 0.3165
vn -0.9253 0.1067 0.3638
vn -0.9747 0.0820 0.2079
vn -0.9954 0.0951 -0.0065
vn -0.9690 0.0904 -0.2300
vn -0.9117 0.1429 -0.3853
vn -0.9235 0.1663 -0.3457
vn -0.9225 -0.2737 -0.2720
vn -0.8882 -0.4417 -0.1261
vn -0.8767 -0.4798 0.0351
vn -0.8527 -0.4889 0.1841
vn 0.0938 0.0990 -0.9907
vn 0.0969 0.2100 -0.9729
vn 0.1635 -0.4582 -0.8737
vn 0.1844 0.1995 -0.9624
vn 0.1701 0.1254 -0.9774
vn 0.3096 0.0959 -0.9460
vn 0.3143 0.2004 -0.9279
vn 0.4520 -0.3931 -0.8008
vn 0.4836 0.1787 -0.8569
vn 0.4633 0.1121 -0.8791
vn 0.6790 0.0650 -0.7312
vn 0.6502 0.1597 -0.7428
vn 0.0377 -0.4756 -0.8789
vn 0.0418 0.2015 -0.9786
vn 0.0388 0.1288 -0.9909
vn 0.0773 0.0242 -0.9967
vn 0.2626 0.0215 -0.9647
vn 0.6536 0.0299 -0.7562
vn 0.7973 0.0891 -0.5969
vn 0.8143 0.1020 -0.5714
vn 0.7877 -0.2345 -0.5697
vn 0.5807 -0.4766 -0.6600
vn 0.2626 -0.6012 -0.7548
vn 0.0735 -0.6419 -0.7632
vn 0.9477 0.0142 -0.3189
vn 0.9592 0.0672 -0.2746
vn 0.9458 -0.2582 -0.1972
vn 0.9618 0.0697 -0.2647
vn 0.9802 0.0896 -0.1768
vn 0.9912 0.0073 -0.1320
vn 0.9881 0.1102 -0.1076
vn 0.9263 -0.3543 0.1282
vn 0.9961 0.0744 0.0472
vn 0.9888 0.1300 0.0731
vn 0.9766 -0.0510 0.2088
vn 0.9694 0.1278 0.2097
vn 0.9342 -0.1480 -0.3246
vn 0.9463 0.0416 -0.3207
vn 0.9538 0.0553 -0.2954
vn 0.9791 0.0635 -0.1930
vn 0.9934 0.1103 -0.0310
vn 0.9743 0.1170 0.1926
vn 0.9328 0.1283 0.3369
vn 0.9336 0.0741 0.3506
vn 0.8683 -0.3625 0.3386
vn 0.8754 -0.4253 0.2299
vn 0.8954 -0.4449 -0.0173
vn 0.9166 -0.3236 -0.2347
vn 0.0783 -0.6443 0.7608
vn 0.1077 -0.9734 -0.2020
vn 0.2016 -0.9400 0.2753
vn 0.7418 -0.5793 -0.3377
vn 0.1689 -0.9467 -0.2742
vn 0.3159 -0.9410 0.1213
vn 0.2916 -0.9463 -0.1393
vn 0.3842 -0.8904 0.2441
vn 0.4125 -0.9109 -0.0006
vn 0.3860 -0.8901 -0.2422
vn 0.5444 -0.8315 0.1103
vn 0.5519 -0.8278 -0.1007
vn 0.0791 -0.9544 0.2880
vn -0.6678 -0.6768 -0.3099
vn 0.0648 -0.9562 -0.2855
vn 0.0814 -0.8947 -0.4392
vn 0.2461 -0.8727 -0.4218
vn 0.5333 -0.7579 -0.3757
vn 0.7186 -0.6661 -0.1998
vn 0.7062 -0.7080 0.0047
vn 0.6927 -0.6916 0.2047
vn 0.5096 -0.7766 0.3703
vn 0.2683 -0.8763 0.4001
vn 0.1183 -0.9002 0.4190
vn 0.2100 0.9609 -0.1807
vn 0.2071 0.9609 0.1837
vn 0.2840 0.8946 -0.3450
vn 0.2789 0.9603 0.0021
vn 0.2792 0.8951 0.3475
vn 0.3807 0.9088 -0.1710
vn 0.3781 0.9087 0.1768
vn 0.5225 0.7893 -0.3226
vn 0.5209 0.8536 0.0040
vn 0.5191 0.7881 0.3307
vn 0.6819 0.7179 -0.1406
vn 0.6787 0.7186 0.1513
vn 0.1561 0.9301 -0.3326
vn 0.1297 0.9916 0.0009
vn 0.1511 0.9309 0.3326
vn 0.2342 0.8321 0.5028
vn 0.4033 0.7626 0.5057
vn 0.6640 0.6027 0.4425
vn 0.7993 0.5412 0.2610
vn 0.8254 0.5646 0.0056
vn 0.8164 0.5245 -0.2417
vn 0.6723 0.6037 -0.4284
vn 0.4020 0.7610 -0.5091
vn 0.2362 0.8197 -0.5218
vn -0.6294 0.7605 -0.1595
vn -0.6317 0.7606 0.1498
vn -0.4621 0.8193 -0.3396
vn -0.4588 0.8885 -0.0037
vn -0.4692 0.8188 0.3309
vn -0.3302 0.9277 -0.1739
vn -0.3376 0.9266 0.1653
vn -0.2484 0.9049 -0.3455
vn -0.2455 0.9694 -0.0020
vn -0.2182 0.9190 0.3285
vn -0.1746 0.9688 -0.1760
vn -0.1774 0.9688 0.1730
vn -0.7779 0.5648 -0.2753
vn -0.7945 0.6072 -0.0058
vn -0.7732 0.5755 0.2663
vn -0.6250 0.6396 0.4476
vn -0.3803 0.7683 0.5149
vn -0.1808 0.8413 0.5095
vn -0.1027 0.9407 0.3232
vn -0.0880 0.9961 -0.0008
vn -0.1013 0.9374 -0.3332
vn -0.1950 0.8233 -0.5331
vn -0.3497 0.7745 -0.5272
vn -0.6137 0.6365 -0.4672
vn -0.5712 -0.8128 0.1140
vn -0.5592 -0.8242 -0.0899
vn -0.3952 -0.8789 0.2670
vn -0.4384 -0.8987 -0.0090
vn -0.3767 -0.8891 -0.2598
vn -0.7614 -0.5820 0.2856
vn -0.2631 -0.9493 -0.1721
vn -0.1363 -0.9441 0.3003
vn -0.0495 -0.5945 -0.8026
vn -0.1184 -0.9439 -0.3082
vn 0.6361 -0.6078 0.4754
vn -0.0299 -0.9824 -0.1842
vn -0.6905 -0.6948 0.2011
vn -0.7042 -0.7096 0.0243
vn -0.6911 -0.7077 -0.1469
vn -0.5058 -0.7834 -0.3613
vn -0.2129 -0.8590 -0.4655
vn -0.0425 -0.8813 -0.4707
vn 0.0088 -0.9545 -0.2981
vn 0.0288 -0.9995 -0.0093
vn -0.0233 -0.9612 0.2748
vn -0.0794 -0.8910 0.4470
vn -0.2529 -0.8633 0.4367
vn -0.5162 -0.7697 0.3757
vn -0.5411 0.1472 -0.8280
vn -0.5478 0.2328 -0.8035
vn -0.3453 -0.4107 -0.8438
vn -0.3597 0.2320 -0.9038
vn -0.3953 0.1341 -0.9087
vn -0.2081 0.1265 -0.9699
vn -0.2444 0.2185 -0.9447
vn -0.1205 -0.4568 -0.8814
vn -0.1282 0.2108 -0.9691
vn -0.1386 0.1287 -0.9820
vn -0.0566 0.1036 -0.9930
vn -0.0706 0.2120 -0.9747
vn -0.7294 -0.2880 -0.6206
vn -0.6998 0.2262 -0.6776
vn -0.7342 0.1543 -0.6612
vn -0.5915 0.0400 -0.8053
vn -0.2224 0.0240 -0.9747
vn -0.0590 0.0243 -0.9980
vn -0.0226 0.1290 -0.9914
vn -0.0217 0.2024 -0.9791
vn -0.0229 -0.4742 -0.8801
vn -0.0589 -0.6352 -0.7701
vn -0.2037 -0.6009 -0.7729
vn -0.4963 -0.5239 -0.6922
vn 0.5527 0.0063 0.8333
vn 0.5707 0.1325 0.8104
vn 0.4125 -0.4735 0.7782
vn 0.3925 0.1133 0.9127
vn 0.4081 0.1135 0.9058
vn 0.2600 0.0286 0.9652
vn 0.2743 0.1349 0.9521
vn 0.1655 -0.4872 0.8575
vn 0.1675 0.1167 0.9789
vn 0.1661 0.1147 0.9794
vn 0.0818 0.0294 0.9962
vn 0.0863 0.1384 0.9866
vn 0.7018 -0.4159 0.5783
vn 0.7300 0.0985 0.6764
vn 0.7556 0.1151 0.6448
vn 0.5760 0.0876 0.8128
vn 0.2702 0.0799 0.9595
vn 0.0797 0.0765 0.9939
vn 0.0273 0.1171 0.9927
vn 0.0282 0.1173 0.9927
vn 0.0284 -0.4884 0.8722
vn 0.0880 -0.6383 0.7648
vn 0.2810 -0.6187 0.7337
vn 0.5439 -0.5365 0.6453
vn 0.8218 -0.3476 0.4514
vn -0.8809 0.0162 0.4730
vn -0.8613 0.0960 -0.4989
vn 0.9153 0.0118 -0.4026
vn 0.0088 0.0992 -0.9950
vn -0.0083 0.0289 0.9995
vn -0.0924 -0.3215 0.9424
vn -0.2682 -0.3240 0.9073
vn -0.5363 -0.3266 0.7783
vn -0.9428 -0.2795 0.1818
vn -0.9756 -0.2189 0.0145
vn -0.9679 -0.1752 -0.1803
vn 0.0911 -0.2651 -0.9599
vn 0.3031 -0.2494 -0.9198
vn 0.6679 -0.1825 -0.7215
vn 0.9482 -0.0775 -0.3082
vn 0.9778 -0.1968 -0.0715
vn 0.9251 -0.2943 0.2400
vn -0.5574 -0.1888 -0.8085
vn -0.2100 -0.2478 -0.9458
vn -0.0602 -0.2640 -0.9627
vn 0.5577 -0.3593 0.7483
vn 0.2663 -0.3297 0.9058
vn 0.0800 -0.3234 0.9429
vn 0.0261 -0.1336 0.9907
vn 0.7336 -0.2135 0.6452
vn 0.1578 -0.1341 0.9783
vn 0.3869 -0.1549 0.9090
vn -0.0188 -0.0655 -0.9977
vn -0.7533 -0.0088 -0.6576
vn -0.1122 -0.0573 -0.9920
vn -0.3564 -0.0279 -0.9339
vn 0.9169 -0.2204 0.3326
vn 0.9437 -0.0233 -0.3299
vn 0.9864 -0.1422 0.0822
vn 0.9619 -0.0410 -0.2704
vn 0.8329 -0.0437 -0.5517
vn 0.0404 -0.0661 -0.9970
vn 0.4870 -0.0609 -0.8713
vn 0.1774 -0.0655 -0.9820
vn -0.9444 -0.0388 -0.3264
vn -0.9430 -0.1379 0.3029
vn -0.9949 -0.0559 -0.0838
vn -0.9920 -0.0965 0.0820
vn -0.7236 -0.1590 0.6717
vn -0.0421 -0.1330 0.9902
vn -0.3900 -0.1514 0.9083
vn -0.1652 -0.1345 0.9770
vn 0.8839 0.0903 0.4589
vn -0.8712 0.1389 0.4708
vn -0.8887 0.1287 -0.4401
vn 0.9213 0.0984 -0.3762
vn 0.0081 0.1438 -0.9896
vn -0.0053 0.1093 0.9940
vn -0.0871 0.1097 0.9901
vn -0.2716 0.1118 0.9559
vn -0.5565 0.1156 0.8227
vn -0.9682 0.1704 0.1833
vn -0.9837 0.1797 0.0005
vn -0.9626 0.1696 -0.2111
vn 0.0891 0.1462 -0.9852
vn 0.2940 0.1456 -0.9446
vn 0.6864 0.1123 -0.7185
vn 0.9798 0.1153 -0.1632
vn 0.9917 0.1288 0.0031
vn 0.9781 0.1197 0.1703
vn -0.6085 0.1247 -0.7837
vn -0.2518 0.1482 -0.9564
vn -0.0691 0.1455 -0.9869
vn 0.5774 0.1461 0.8033
vn 0.3195 0.1386 0.9374
vn 0.1063 0.1178 0.9873
vn 0.0280 0.0558 0.9980
vn 0.1712 0.0675 0.9829
vn 0.4168 0.0846 0.9051
vn 0.7401 0.0875 0.6668
vn -0.0182 0.0276 -0.9995
vn -0.1212 0.0276 -0.9922
vn -0.3895 0.0274 -0.9206
vn -0.7732 0.0353 -0.6332
vn 0.9531 0.0906 0.2889
vn 0.9902 0.1127 0.0826
vn 0.9914 0.0939 -0.0912
vn 0.9632 0.0667 -0.2602
vn 0.8307 0.0390 -0.5554
vn 0.4508 0.0258 -0.8922
vn 0.1474 0.0275 -0.9887
vn 0.0345 0.0277 -0.9990
vn -0.9410 0.0860 -0.3272
vn -0.9873 0.1177 -0.1064
vn -0.9886 0.1194 0.0921
vn -0.9486 0.0790 0.3064
vn -0.7097 0.0423 0.7032
vn -0.3887 0.0475 0.9201
vn -0.1549 0.0520 0.9866
vn -0.0374 0.0540 0.9978
vn 0.8658 0.1244 0.4847
vn -0.8250 0.3622 0.4339
vn -0.8511 0.3116 -0.4226
vn 0.8909 0.2618 -0.3711
vn 0.0156 0.4393 -0.8982
vn 0.0065 0.4707 0.8823
vn -0.1462 0.4806 0.8647
vn -0.3560 0.4879 0.7970
vn -0.6290 0.4366 0.6432
vn -0.9173 0.3382 0.2102
vn -0.9435 0.3313 -0.0001
vn -0.9217 0.3143 -0.2273
vn 0.1546 0.4596 -0.8746
vn 0.3754 0.4647 -0.8020
vn 0.6798 0.3852 -0.6241
vn 0.9459 0.2666 -0.1852
vn 0.9590 0.2833 0.0041
vn 0.9307 0.3039 0.2036
vn -0.6063 0.4127 -0.6797
vn -0.3266 0.4633 -0.8238
vn -0.1261 0.4524 -0.8828
vn 0.6324 0.3981 0.6645
vn 0.4002 0.4665 0.7888
vn 0.1904 0.4923 0.8494
vn 0.0574 0.2741 0.9600
vn 0.2464 0.2936 0.9236
vn 0.4947 0.2840 0.8213
vn 0.7228 0.2412 0.6476
vn -0.0329 0.2866 -0.9575
vn -0.1715 0.3014 -0.9379
vn -0.4413 0.2989 -0.8461
vn -0.7702 0.2407 -0.5906
vn 0.9244 0.2005 0.3244
vn 0.9780 0.1901 0.0853
vn 0.9793 0.1853 -0.0816
vn 0.9489 0.1747 -0.2630
vn 0.8315 0.2001 -0.5182
vn 0.5044 0.2879 -0.8141
vn 0.2017 0.3040 -0.9311
vn 0.0527 0.2896 -0.9557
vn -0.9223 0.2312 -0.3097
vn -0.9626 0.2458 -0.1143
vn -0.9625 0.2501 0.1047
vn -0.9182 0.2533 0.3045
vn -0.7443 0.2694 0.6111
vn -0.4586 0.2853 0.8416
vn -0.1925 0.2817 0.9400
vn -0.0482 0.2678 0.9623
vn -0.1629 0.0279 0.9862
vn -0.1690 0.1404 0.9756
vn -0.3940 0.0184 0.9189
vn -0.4245 0.1553 0.8920
vn -0.0373 -0.6337 0.7727
vn -0.0428 0.0291 0.9987
vn -0.0433 0.1390 0.9893
vn -0.0705 0.4709 0.8793
vn -0.2350 0.4895 0.8398
vn -0.4941 0.4698 0.7316
vn -0.7394 0.3971 0.5437
vn -0.7532 0.1714 0.6351
vn -0.7417 0.0178 0.6704
vn -0.6493 -0.5225 0.5527
vn -0.3838 -0.5915 0.7091
vn -0.1649 -0.6247 0.7633
vn -0.9967 0.0306 0.0752
vn -0.9894 0.1133 0.0912
vn -0.9948 0.0497 -0.0885
vn -0.9862 0.1265 -0.1067
vn -0.8336 -0.4836 0.2667
vn -0.9522 0.0235 0.3045
vn -0.9264 0.1452 0.3473
vn -0.8824 0.3475 0.3172
vn -0.9365 0.3331 0.1096
vn -0.9378 0.3257 -0.1205
vn -0.8991 0.3048 -0.3142
vn -0.9084 0.1913 -0.3718
vn -0.9399 0.0740 -0.3334
vn -0.8916 -0.3953 -0.2211
vn -0.8825 -0.4677 -0.0492
vn -0.8659 -0.4866 0.1155
vn 0.1797 0.0985 -0.9788
vn 0.1849 0.2074 -0.9606
vn 0.4863 0.0867 -0.8695
vn 0.4790 0.1855 -0.8580
vn 0.0345 -0.6476 -0.7612
vn 0.0409 0.0990 -0.9942
vn 0.0418 0.2108 -0.9766
vn 0.0835 0.4470 -0.8906
vn 0.2483 0.4684 -0.8479
vn 0.5252 0.4389 -0.7291
vn 0.8066 0.3152 -0.5001
vn 0.7988 0.1219 -0.5891
vn 0.8299 0.0350 -0.5569
vn 0.7398 -0.3709 -0.5614
vn 0.4158 -0.5529 -0.7221
vn 0.1442 -0.6282 -0.7646
vn 0.9603 0.0202 -0.2781
vn 0.9693 0.0905 -0.2288
vn 0.9981 -0.0235 0.0573
vn 0.9910 0.1214 0.0562
vn 0.9150 -0.2703 -0.2994
vn 0.9455 0.0061 -0.3257
vn 0.9485 0.0583 -0.3115
vn 0.9279 0.2558 -0.2711
vn 0.9568 0.2764 -0.0904
vn 0.9518 0.2916 0.0956
vn 0.8888 0.3129 0.3348
vn 0.9267 0.1319 0.3519
vn 0.9380 -0.0619 0.3411
vn 0.8614 -0.3942 0.3203
vn 0.8828 -0.4524 0.1261
vn 0.9067 -0.3933 -0.1525
vn 0.7633 -0.5593 0.3234
vn 0.2021 -0.9623 -0.1820
vn 0.4108 -0.9041 0.1176
vn 0.4012 -0.9089 -0.1139
vn 0.0689 -0.8996 0.4313
vn -0.6173 -0.7101 0.3387
vn 0.0571 -0.9831 -0.1739
vn 0.0462 -0.8948 -0.4441
vn 0.1450 -0.8900 -0.4323
vn 0.3784 -0.8322 -0.4053
vn 0.7014 -0.6337 -0.3263
vn 0.7151 -0.6923 -0.0964
vn 0.7007 -0.7058 0.1040
vn 0.6674 -0.6674 0.3304
vn 0.3758 -0.8404 0.3905
vn 0.1831 -0.8942 0.4085
vn 0.2773 0.9439 -0.1795
vn 0.2745 0.9439 0.1837
vn 0.5206 0.8390 -0.1582
vn 0.5184 0.8388 0.1663
vn 0.1608 0.8344 -0.5272
vn 0.1388 0.9747 -0.1753
vn 0.1360 0.9747 0.1772
vn 0.1592 0.8527 0.4976
vn 0.3014 0.8079 0.5065
vn 0.5290 0.6956 0.4860
vn 0.7704 0.5068 0.3869
vn 0.8176 0.5606 0.1316
vn 0.8249 0.5525 -0.1194
vn 0.7986 0.4850 -0.3564
vn 0.5306 0.6982 -0.4806
vn 0.3021 0.7990 -0.5199
vn -0.4583 0.8725 -0.1695
vn -0.4614 0.8722 0.1623
vn -0.2435 0.9537 -0.1765
vn -0.2392 0.9563 0.1684
vn -0.7522 0.5250 -0.3983
vn -0.7906 0.5953 -0.1435
vn -0.7898 0.5991 0.1315
vn -0.7467 0.5398 0.3888
vn -0.4840 0.7256 0.4891
vn -0.2999 0.8060 0.5104
vn -0.1260 0.8586 0.4969
vn -0.0933 0.9809 0.1707
vn -0.0906 0.9809 -0.1724
vn -0.1085 0.8381 -0.5347
vn -0.2598 0.8054 -0.5328
vn -0.4700 0.7210 -0.5092
vn -0.4353 -0.8915 0.1252
vn -0.4056 -0.9051 -0.1274
vn -0.0418 -0.6160 0.7866
vn -0.1263 -0.9713 -0.2018
vn -0.6560 -0.6854 0.3161
vn -0.7036 -0.7020 0.1104
vn -0.7004 -0.7112 -0.0602
vn -0.6685 -0.6928 -0.2704
vn -0.3486 -0.8335 -0.4286
vn -0.1105 -0.8724 -0.4762
vn 0.0003 -0.8881 -0.4597
vn 0.0161 -0.9879 -0.1545
vn -0.0000 -0.9906 0.1368
vn -0.0255 -0.8935 0.4484
vn -0.1515 -0.8827 0.4448
vn -0.3773 -0.8275 0.4157
vn -0.3514 0.1428 -0.9253
vn -0.3833 0.2253 -0.8957
vn -0.1148 0.1120 -0.9870
vn -0.1414 0.2142 -0.9665
vn -0.6857 -0.4432 -0.5774
vn -0.7275 0.1270 -0.6742
vn -0.7046 0.2348 -0.6696
vn -0.7447 0.3596 -0.5622
vn -0.4624 0.4480 -0.7651
vn -0.2110 0.4622 -0.8613
vn -0.0551 0.4421 -0.8953
vn -0.0240 0.2112 -0.9771
vn -0.0189 0.1002 -0.9948
vn -0.0204 -0.6440 -0.7647
vn -0.1153 -0.6209 -0.7754
vn -0.3310 -0.5722 -0.7504
vn 0.3848 0.0223 0.9227
vn 0.4033 0.1335 0.9053
vn 0.1613 0.0298 0.9865
vn 0.1702 0.1369 0.9758
vn 0.6836 -0.4630 0.5642
vn 0.7353 -0.0212 0.6774
vn 0.7409 0.1320 0.6585
vn 0.7283 0.3592 0.5837
vn 0.5314 0.4295 0.7302
vn 0.2779 0.4947 0.8234
vn 0.0927 0.4821 0.8712
vn 0.0286 0.1391 0.9899
vn 0.0269 0.0290 0.9992
vn 0.0331 -0.6374 0.7698
vn 0.1702 -0.6339 0.7544
vn 0.4090 -0.5876 0.6982
vn 0.0266 -0.3229 0.9461
vn 0.7129 -0.3617 0.6008
vn 0.1601 -0.3245 0.9322
vn 0.3992 -0.3434 0.8501
vn -0.0211 -0.2664 -0.9636
vn -0.7535 -0.1444 -0.6414
vn -0.1177 -0.2583 -0.9589
vn -0.3562 -0.2274 -0.9063
vn 0.8840 -0.3250 0.3360
vn 0.9412 -0.0616 -0.3321
vn 0.9620 -0.2505 0.1085
vn 0.9619 -0.1273 -0.2420
vn 0.8190 -0.1255 -0.5599
vn 0.0398 -0.2669 -0.9629
vn 0.4776 -0.2266 -0.8489
vn 0.1748 -0.2600 -0.9497
vn -0.9393 -0.1491 -0.3090
vn -0.9093 -0.2935 0.2950
vn -0.9778 -0.1955 -0.0751
vn -0.9630 -0.2515 0.0966
vn -0.7001 -0.3179 0.6394
vn -0.0411 -0.3221 0.9458
vn -0.3903 -0.3273 0.8606
vn -0.1678 -0.3216 0.9319
vn 0.0258 0.0758 0.9968
vn 0.1611 0.0777 0.9839
vn 0.4076 0.0841 0.9093
vn 0.7551 0.0874 0.6498
vn -0.0186 0.0247 -0.9995
vn -0.1223 0.0239 -0.9922
vn -0.3850 0.0282 -0.9225
vn -0.7583 0.0545 -0.6496
vn 0.9459 0.1027 0.3079
vn 0.9892 0.1215 0.0825
vn 0.9883 0.0867 -0.1257
vn 0.9600 0.0518 -0.2753
vn 0.8121 0.0424 -0.5819
vn 0.4438 0.0221 -0.8959
vn 0.1478 0.0232 -0.9887
vn 0.0344 0.0247 -0.9991
vn -0.9287 0.0800 -0.3621
vn -0.9893 0.0946 -0.1110
vn -0.9911 0.0928 0.0956
vn -0.9383 0.0622 0.3403
vn -0.7206 0.0510 0.6914
vn -0.4061 0.0695 0.9112
vn -0.1618 0.0731 0.9841
vn -0.0394 0.0752 0.9964
vn 0.0360 0.1116 0.9931
vn 0.2036 0.1281 0.9706
vn 0.4474 0.1452 0.8825
vn 0.7234 0.1387 0.6764
vn -0.0227 0.1441 -0.9893
vn -0.1412 0.1474 -0.9789
vn -0.4145 0.1420 -0.8989
vn -0.7799 0.1135 -0.6155
vn 0.9474 0.1159 0.2984
vn 0.9885 0.1273 0.0815
vn 0.9893 0.1227 -0.0785
vn 0.9604 0.1079 -0.2569
vn 0.8393 0.0958 -0.5351
vn 0.4780 0.1350 -0.8679
vn 0.1691 0.1472 -0.9745
vn 0.0396 0.1447 -0.9887
vn -0.9381 0.1539 -0.3102
vn -0.9783 0.1762 -0.1087
vn -0.9791 0.1785 0.0971
vn -0.9427 0.1558 0.2949
vn -0.7256 0.1245 0.6768
vn -0.4068 0.1126 0.9065
vn -0.1623 0.1108 0.9805
vn -0.0388 0.1090 0.9933
vn 0.1661 -0.9811 0.0998
vn 0.8546 -0.5099 0.0986
vn -0.7035 -0.6975 0.1365
vn -0.7727 -0.6286 -0.0884
vn -0.7639 -0.6411 0.0734
vn -0.1148 -0.9923 0.0460
vn 0.8132 -0.5755 0.0870
vn 0.8390 -0.5434 -0.0281
vn 0.1108 -0.9925 0.0508
vn 0.9153 -0.3998 -0.0485
vn -0.6468 -0.7626 0.0095
vn -0.0907 -0.9952 -0.0374
vn -0.9572 0.1037 0.2702
vn -0.0328 0.2943 0.9551
vn 0.9710 -0.0284 0.2375
vn 0.9975 0.0695 -0.0146
vn -0.0695 0.3168 -0.9459
vn -0.9759 0.1293 -0.1756
vn -0.1815 -0.9081 0.3773
vn 0.1985 -0.7686 0.6082
vn 0.6611 -0.6566 0.3630
vn 0.1301 0.6518 0.7471
vn 0.9608 0.2156 0.1742
vn 0.9581 0.1927 -0.2119
vn 0.1091 0.3398 -0.9342
vn -0.9690 0.1721 0.1770
vn -0.9550 0.1223 -0.2703
vn -0.4975 -0.3624 -0.7881
vn -0.0538 -0.4765 -0.8775
vn 0.5600 -0.4060 -0.7222
vn -0.4519 -0.3569 -0.8176
vn -0.0202 -0.4469 -0.8944
vn 0.5869 -0.3755 -0.7173
vn 0.4214 0.4814 -0.7686
vn -0.4992 0.4940 -0.7119
vn 0.1936 0.4541 -0.8697
vn -0.6506 0.4283 -0.6272
vn -0.2273 0.5058 -0.8321
vn 0.1027 0.5563 -0.8246
vn 0.0571 -0.9837 0.1705
vn 0.8326 -0.4075 0.3752
vn -0.7909 -0.6065 0.0816
vn -0.8190 -0.5693 0.0714
vn -0.1054 -0.9786 0.1767
vn 0.8421 -0.3969 0.3652
vn 0.1116 0.9565 0.2695
vn -0.9329 0.3227 0.1600
vn -0.8856 0.4400 0.1488
vn -0.0803 0.9616 0.2626
vn 0.8681 0.3520 0.3499
vn 0.7663 0.5198 0.3776
vn -0.0335 -0.3884 0.9209
vn 0.2646 -0.3329 0.9051
vn -0.1739 -0.3566 0.9179
vn -0.2771 -0.5032 0.8185
vn -0.1124 -0.5191 0.8473
vn 0.2511 -0.4120 0.8759
vn 0.0390 0.4186 0.9073
vn -0.2797 0.4963 0.8219
vn -0.2033 0.4148 0.8869
vn -0.0635 0.5246 0.8490
vn 0.0432 0.5106 0.8587
vn 0.1340 0.4077 0.9032
vn -0.0649 0.9832 -0.1707
vn 0.8392 0.5386 -0.0756
vn -0.7645 -0.6407 0.0713
vn -0.9616 0.2710 -0.0428
vn 0.0959 -0.9954 -0.0025
vn 0.9566 -0.2913 -0.0083
vn -0.8610 -0.5083 0.0152
vn -0.1014 -0.9932 0.0566
vn 0.1115 0.9888 -0.0990
vn 0.8576 0.5024 0.1102
vn 0.9114 -0.3870 0.1402
vn -0.9210 0.3811 -0.0812
vn -0.8831 -0.4648 -0.0641
vn 0.1662 -0.9851 -0.0446
vn -0.1728 0.9812 -0.0864
vn -0.9009 0.4257 -0.0847
vn 0.9141 -0.3899 -0.1112
vn 0.8239 0.5308 -0.1983
vn -0.8912 0.4320 -0.1383
vn 0.1301 0.9778 -0.1642
vn -0.8817 -0.4602 -0.1040
vn -0.1047 -0.9931 -0.0522
vn 0.8908 -0.4226 -0.1672
vn 0.8173 0.5287 -0.2289
vn 0.0249 -0.7854 0.6185
vn 0.0703 -0.7892 0.6101
vn 0.1342 -0.7885 0.6003
vn 0.2218 -0.7771 0.5890
vn 0.3308 -0.7488 0.5744
vn 0.4508 -0.7007 0.5530
vn 0.5807 -0.6295 0.5164
vn 0.7184 -0.5289 0.4518
vn 0.7955 -0.4276 0.4293
vn 0.8093 -0.3807 0.4474
vn 0.8644 -0.1407 0.4828
vn 0.8630 0.0285 0.5044
vn 0.8554 0.1193 0.5040
vn 0.8635 0.1315 0.4869
vn 0.8288 0.2747 0.4875
vn 0.8357 0.3537 0.4201
vn -0.0444 0.6730 0.7383
vn -0.1544 0.6723 0.7240
vn -0.2324 0.6667 0.7082
vn -0.3220 0.6590 0.6797
vn -0.4351 0.6304 0.6429
vn -0.5630 0.5804 0.5884
vn -0.6836 0.5150 0.5172
vn -0.7660 0.4573 0.4517
vn -0.8642 0.0390 0.5017
vn -0.8563 0.0744 0.5111
vn -0.8552 0.1450 0.4976
vn -0.8648 0.1636 0.4748
vn -0.8521 -0.2322 0.4690
vn -0.8196 -0.3633 0.4429
vn -0.7915 -0.4488 0.4148
vn -0.7603 -0.5213 0.3875
vn -0.8092 -0.5258 -0.2622
vn -0.8152 -0.5590 -0.1515
vn -0.8109 -0.5795 -0.0812
vn -0.8083 -0.5888 -0.0075
vn -0.8051 -0.5884 0.0751
vn -0.7986 -0.5830 0.1497
vn -0.7849 -0.5783 0.2223
vn -0.7574 -0.5708 0.3171
vn -0.8153 0.4363 0.3806
vn -0.8500 0.4420 0.2865
vn -0.8789 0.4441 0.1740
vn -0.8931 0.4461 0.0578
vn -0.8939 0.4431 -0.0676
vn -0.8836 0.4288 -0.1880
vn -0.8653 0.4090 -0.2899
vn -0.8387 0.3947 -0.3754
vn -0.8735 0.0490 -0.4843
vn -0.8514 0.1055 -0.5138
vn -0.8290 0.1979 -0.5230
vn -0.8270 0.2242 -0.5155
vn -0.8779 -0.0757 -0.4729
vn -0.8735 -0.1885 -0.4488
vn -0.8581 -0.3101 -0.4094
vn -0.8232 -0.4391 -0.3599
vn 0.0020 -0.7860 -0.6182
vn -0.0292 -0.7783 -0.6272
vn -0.0767 -0.7671 -0.6369
vn -0.1511 -0.7535 -0.6399
vn -0.2621 -0.7354 -0.6249
vn -0.4036 -0.7059 -0.5821
vn -0.5648 -0.6527 -0.5050
vn -0.7251 -0.5638 -0.3954
vn 0.0810 0.6475 -0.7577
vn 0.1725 0.6503 -0.7398
vn 0.2488 0.6495 -0.7185
vn 0.3457 0.6358 -0.6901
vn 0.4680 0.6021 -0.6468
vn 0.6036 0.5436 -0.5832
vn 0.7334 0.4620 -0.4988
vn 0.8291 0.3789 -0.4111
vn 0.9148 0.0476 -0.4010
vn 0.9056 0.0574 -0.4203
vn 0.9014 0.0778 -0.4260
vn 0.9057 0.0743 -0.4173
vn 0.9118 -0.0522 -0.4074
vn 0.9003 -0.1168 -0.4193
vn 0.8799 -0.2159 -0.4233
vn 0.8471 -0.3398 -0.4085
vn 0.7963 -0.4896 0.3553
vn 0.8170 -0.5191 0.2509
vn 0.8178 -0.5529 0.1597
vn 0.8174 -0.5733 0.0570
vn 0.8280 -0.5574 -0.0602
vn 0.8456 -0.5093 -0.1599
vn 0.8550 -0.4592 -0.2411
vn 0.8407 -0.4249 -0.3357
vn 0.8757 0.3509 -0.3318
vn 0.8955 0.3684 -0.2499
vn 0.9088 0.3876 -0.1542
vn 0.9146 0.4014 -0.0487
vn 0.9105 0.4095 0.0581
vn 0.8936 0.4163 0.1679
vn 0.8617 0.4182 0.2873
vn 0.8297 0.4171 0.3709
vn -0.6862 -0.5964 0.4163
vn -0.5633 -0.6579 0.4999
vn -0.4373 -0.7040 0.5596
vn -0.3166 -0.7385 0.5953
vn -0.2057 -0.7619 0.6141
vn -0.1179 -0.7739 0.6222
vn -0.0559 -0.7788 0.6248
vn -0.0119 -0.7816 0.6237
vn 0.7711 0.4520 0.4485
vn 0.7021 0.4906 0.5161
vn 0.5997 0.5473 0.5838
vn 0.4750 0.6080 0.6362
vn 0.3700 0.6462 0.6674
vn 0.2597 0.6804 0.6853
vn 0.1797 0.6790 0.7118
vn 0.0774 0.6795 0.7296
vn 0.7626 -0.4727 -0.4416
vn 0.6159 -0.5927 -0.5190
vn 0.4628 -0.6798 -0.5689
vn 0.3134 -0.7375 -0.5982
vn 0.1834 -0.7697 -0.6116
vn 0.0958 -0.7833 -0.6142
vn 0.0493 -0.7884 -0.6132
vn 0.0232 -0.7893 -0.6136
vn -0.7785 0.4229 -0.4638
vn -0.6697 0.4967 -0.5521
vn -0.5385 0.5627 -0.6272
vn -0.4097 0.6093 -0.6789
vn -0.2962 0.6358 -0.7128
vn -0.2090 0.6455 -0.7346
vn -0.1351 0.6465 -0.7509
vn -0.0346 0.6463 -0.7623
vn 0.0337 0.7865 0.6167
vn 0.0338 0.9126 0.4075
vn 0.0263 0.9679 0.2498
vn 0.0237 0.9958 0.0882
vn 0.0251 0.9958 -0.0880
vn 0.0302 0.9677 -0.2502
vn 0.0324 0.9054 -0.4234
vn 0.0283 0.7560 -0.6539
vn 0.0183 -0.8460 -0.5329
vn 0.0325 -0.9289 -0.3688
vn 0.0440 -0.9752 -0.2169
vn 0.0354 -0.9958 -0.0849
vn -0.0021 -0.9988 0.0493
vn 0.0216 -0.9778 0.2083
vn 0.0321 -0.9332 0.3580
vn 0.0142 -0.8465 0.5321
vn 0.0077 0.0075 -0.9999
vn 0.0076 0.0701 -0.9975
vn 0.0077 0.1807 -0.9835
vn 0.0080 0.2190 -0.9757
vn 0.0084 -0.1618 -0.9868
vn 0.0074 -0.3745 -0.9272
vn 0.0070 -0.5670 -0.8237
vn 0.0096 -0.7213 -0.6925
vn -0.0073 0.0596 0.9982
vn -0.0079 0.0964 0.9953
vn -0.0080 0.1328 0.9911
vn -0.0081 0.1351 0.9908
vn -0.0078 -0.2285 0.9735
vn -0.0068 -0.4096 0.9123
vn -0.0048 -0.5612 0.8277
vn 0.0008 -0.7105 0.7037
vn -0.0926 -0.0444 0.9947
vn -0.0926 0.0830 0.9922
vn -0.0938 0.1351 0.9864
vn -0.0940 0.1323 0.9867
vn -0.1262 -0.4841 0.8658
vn -0.2167 -0.4796 0.8503
vn -0.1255 0.1175 0.9851
vn -0.2109 0.1187 0.9703
vn -0.1272 0.1164 0.9850
vn -0.2205 0.1177 0.9683
vn -0.2617 -0.0527 0.9637
vn -0.2628 0.0815 0.9614
vn -0.2719 0.1407 0.9520
vn -0.2813 0.1378 0.9497
vn -0.3283 -0.4726 0.8178
vn -0.4547 -0.4618 0.7616
vn -0.3320 0.1222 0.9353
vn -0.4911 0.1296 0.8614
vn -0.3505 0.1215 0.9286
vn -0.5081 0.1255 0.8521
vn -0.5540 -0.0688 0.8297
vn -0.5710 0.0851 0.8165
vn -0.5902 0.1618 0.7909
vn -0.5978 0.1536 0.7868
vn -0.0214 -0.4874 0.8729
vn -0.0626 -0.4864 0.8715
vn -0.0243 0.1173 0.9928
vn -0.0660 0.1173 0.9909
vn -0.0235 0.1171 0.9928
vn -0.0646 0.1167 0.9911
vn -0.0849 0.0583 0.9947
vn -0.0903 0.0952 0.9913
vn -0.2625 0.0549 0.9634
vn -0.2766 0.0951 0.9563
vn -0.5428 0.0444 0.8387
vn -0.5763 0.0916 0.8121
vn -0.8047 0.1156 0.5823
vn -0.6705 0.1238 0.7315
vn -0.8187 0.1490 0.5545
vn -0.6708 0.1394 0.7284
vn -0.7480 -0.4191 0.5146
vn -0.6006 -0.4430 0.6656
vn -0.5027 -0.6233 0.5991
vn -0.5180 -0.5076 0.6885
vn -0.2636 -0.6819 0.6823
vn -0.2698 -0.5432 0.7951
vn -0.0864 -0.7050 0.7040
vn -0.0900 -0.5580 0.8249
vn -0.9838 -0.0424 0.1739
vn -0.9813 0.0739 0.1775
vn -0.9727 0.1219 0.1976
vn -0.9680 0.1181 0.2212
vn -0.9070 -0.3946 0.1469
vn -0.9244 -0.3748 0.0705
vn -0.9866 0.0999 0.1292
vn -0.9947 0.0965 0.0348
vn -0.9819 0.1028 0.1589
vn -0.9938 0.1019 0.0441
vn -0.9999 -0.0100 -0.0029
vn -0.9971 0.0755 -0.0067
vn -0.9938 0.1106 -0.0073
vn -0.9938 0.1107 -0.0073
vn -0.9352 -0.3538 -0.0170
vn -0.9373 -0.3315 -0.1076
vn -0.9934 0.1031 -0.0496
vn -0.9818 0.1205 -0.1465
vn -0.9926 0.1060 -0.0588
vn -0.9775 0.1170 -0.1754
vn -0.9812 0.0090 -0.1928
vn -0.9748 0.1028 -0.1980
vn -0.9646 0.1509 -0.2161
vn -0.9602 0.1447 -0.2390
vn -0.8446 -0.4064 0.3485
vn -0.8859 -0.4040 0.2277
vn -0.9114 0.1333 0.3893
vn -0.9619 0.1140 0.2484
vn -0.8940 0.1085 0.4347
vn -0.9500 0.1053 0.2938
vn -0.9769 0.0865 0.1953
vn -0.9716 0.0893 0.2192
vn -0.9947 0.1030 -0.0054
vn -0.9953 0.0962 -0.0071
vn -0.9714 0.0910 -0.2195
vn -0.9654 0.1035 -0.2392
vn -0.8781 0.1501 -0.4543
vn -0.9398 0.1342 -0.3144
vn -0.8860 0.1838 -0.4258
vn -0.9507 0.1493 -0.2719
vn -0.9028 -0.2560 -0.3457
vn -0.9321 -0.2954 -0.2096
vn -0.8559 -0.5040 -0.1161
vn -0.9140 -0.3805 -0.1405
vn -0.8451 -0.5334 0.0357
vn -0.9047 -0.4248 0.0324
vn -0.8266 -0.5319 0.1837
vn -0.8753 -0.4469 0.1847
vn 0.0930 0.0210 -0.9954
vn 0.0951 0.1602 -0.9825
vn 0.0973 0.2182 -0.9710
vn 0.0942 0.1795 -0.9792
vn 0.1189 -0.4656 -0.8770
vn 0.2198 -0.4482 -0.8665
vn 0.1355 0.2006 -0.9703
vn 0.2440 0.1974 -0.9495
vn 0.1249 0.1269 -0.9840
vn 0.2261 0.1232 -0.9663
vn 0.3080 0.0201 -0.9512
vn 0.3120 0.1549 -0.9374
vn 0.3161 0.2093 -0.9253
vn 0.3074 0.1703 -0.9362
vn 0.3664 -0.4169 -0.8318
vn 0.5413 -0.3621 -0.7588
vn 0.3954 0.1879 -0.8991
vn 0.5748 0.1653 -0.8014
vn 0.3738 0.1164 -0.9202
vn 0.5564 0.1075 -0.8240
vn 0.6836 0.0068 -0.7298
vn 0.6717 0.1134 -0.7321
vn 0.6560 0.1635 -0.7368
vn 0.6468 0.1387 -0.7499
vn 0.0212 -0.4762 -0.8791
vn 0.0583 -0.4739 -0.8787
vn 0.0232 0.2015 -0.9792
vn 0.0657 0.2014 -0.9773
vn 0.0216 0.1290 -0.9914
vn 0.0608 0.1285 -0.9898
vn 0.0753 0.0073 -0.9971
vn 0.0825 0.0691 -0.9942
vn 0.2570 0.0063 -0.9664
vn 0.2766 0.0639 -0.9588
vn 0.6623 0.0168 -0.7490
vn 0.6479 0.0614 -0.7593
vn 0.8562 0.0795 -0.5105
vn 0.7269 0.0967 -0.6799
vn 0.8695 0.0788 -0.4875
vn 0.7446 0.1259 -0.6555
vn 0.8473 -0.1938 -0.4945
vn 0.7141 -0.2797 -0.6417
vn 0.5573 -0.5589 -0.6140
vn 0.6061 -0.3979 -0.6886
vn 0.2513 -0.6807 -0.6881
vn 0.2757 -0.5196 -0.8087
vn 0.0694 -0.7170 -0.6936
vn 0.0792 -0.5607 -0.8242
vn 0.9470 -0.0057 -0.3213
vn 0.9490 0.0344 -0.3133
vn 0.9546 0.0629 -0.2913
vn 0.9647 0.0670 -0.2548
vn 0.9433 -0.2204 -0.2481
vn 0.9478 -0.2927 -0.1268
vn 0.9535 0.0613 -0.2950
vn 0.9747 0.0757 -0.2102
vn 0.9747 0.0761 -0.2099
vn 0.9862 0.1031 -0.1299
vn 0.9917 -0.0384 -0.1229
vn 0.9897 0.0469 -0.1351
vn 0.9875 0.0989 -0.1224
vn 0.9894 0.1148 -0.0890
vn 0.9391 -0.3403 0.0471
vn 0.9122 -0.3604 0.1950
vn 0.9962 0.0769 -0.0416
vn 0.9890 0.0718 0.1297
vn 0.9923 0.1239 0.0017
vn 0.9808 0.1332 0.1426
vn 0.9691 -0.1231 0.2139
vn 0.9785 0.0163 0.2056
vn 0.9724 0.1077 0.2070
vn 0.9680 0.1356 0.2111
vn 0.9192 -0.1481 -0.3648
vn 0.9407 -0.1614 -0.2985
vn 0.9342 0.0463 -0.3538
vn 0.9506 0.0440 -0.3072
vn 0.9345 0.0597 -0.3510
vn 0.9645 0.0570 -0.2578
vn 0.9817 0.0684 -0.1779
vn 0.9753 0.0625 -0.2120
vn 0.9939 0.1086 -0.0169
vn 0.9924 0.1127 -0.0485
vn 0.9773 0.1085 0.1822
vn 0.9711 0.1262 0.2024
vn 0.9066 0.1238 0.4034
vn 0.9529 0.1320 0.2731
vn 0.9009 0.0791 0.4267
vn 0.9581 0.0711 0.2775
vn 0.8441 -0.3677 0.3901
vn 0.8855 -0.3612 0.2924
vn 0.8542 -0.4728 0.2164
vn 0.8887 -0.3898 0.2414
vn 0.8622 -0.5066 -0.0081
vn 0.9234 -0.3828 -0.0290
vn 0.8917 -0.3983 -0.2152
vn 0.9325 -0.2537 -0.2571
vn 0.1318 -0.9132 0.3857
vn -0.0430 -0.9908 0.1280
vn 0.0560 -0.9243 -0.3774
vn 0.1103 -0.9687 -0.2224
vn 0.1675 -0.9439 0.2848
vn 0.2350 -0.9350 0.2656
vn 0.2045 -0.6629 -0.7203
vn 0.4461 -0.8914 -0.0804
vn 0.1323 -0.9510 -0.2793
vn 0.2125 -0.9400 -0.2670
vn 0.2915 -0.9358 0.1982
vn 0.3305 -0.9429 0.0424
vn 0.3106 -0.9469 -0.0831
vn 0.2751 -0.9414 -0.1951
vn 0.3257 -0.9111 0.2525
vn 0.4505 -0.8614 0.2347
vn 0.3592 -0.9332 -0.0097
vn 0.4753 -0.8798 0.0045
vn 0.3198 -0.9137 -0.2507
vn 0.4614 -0.8561 -0.2328
vn 0.5368 -0.8274 0.1651
vn 0.5490 -0.8338 0.0579
vn 0.5524 -0.8323 -0.0465
vn 0.5495 -0.8204 -0.1583
vn 0.0570 -0.9575 0.2827
vn 0.1071 -0.9504 0.2919
vn -0.1476 -0.9850 -0.0891
vn -0.3316 -0.6379 -0.6950
vn 0.0514 -0.9565 -0.2873
vn 0.0815 -0.9553 -0.2841
vn 0.0727 -0.8469 -0.5268
vn 0.0928 -0.9298 -0.3563
vn 0.2429 -0.8222 -0.5147
vn 0.2528 -0.9076 -0.3351
vn 0.5323 -0.7086 -0.4631
vn 0.5388 -0.7895 -0.2939
vn 0.7940 -0.5754 -0.1960
vn 0.6329 -0.7453 -0.2098
vn 0.7699 -0.6382 0.0024
vn 0.6317 -0.7752 0.0059
vn 0.7643 -0.6127 0.2012
vn 0.6105 -0.7626 0.2136
vn 0.5078 -0.7313 0.4554
vn 0.5172 -0.8045 0.2920
vn 0.2705 -0.8289 0.4897
vn 0.2686 -0.9079 0.3217
vn 0.1083 -0.8531 0.5104
vn 0.1284 -0.9325 0.3377
vn 0.2160 0.9407 -0.2617
vn 0.2067 0.9740 -0.0929
vn 0.2052 0.9740 0.0960
vn 0.2119 0.9408 0.2644
vn 0.2504 0.9053 -0.3432
vn 0.3286 0.8795 -0.3442
vn 0.2392 0.9710 0.0018
vn 0.3264 0.9452 0.0024
vn 0.2454 0.9059 0.3450
vn 0.3240 0.8798 0.3478
vn 0.3807 0.8885 -0.2562
vn 0.3822 0.9202 -0.0846
vn 0.3809 0.9202 0.0904
vn 0.3771 0.8884 0.2618
vn 0.4503 0.8283 -0.3333
vn 0.5994 0.7389 -0.3076
vn 0.4478 0.8941 0.0034
vn 0.6002 0.7998 0.0046
vn 0.4465 0.8278 0.3397
vn 0.5956 0.7378 0.3177
vn 0.6804 0.7008 -0.2143
vn 0.6824 0.7279 -0.0675
vn 0.6808 0.7283 0.0779
vn 0.6758 0.7017 0.2257
vn 0.1010 0.9383 -0.3309
vn 0.1963 0.9213 -0.3357
vn 0.0804 0.9968 0.0006
vn 0.1707 0.9853 0.0013
vn 0.0960 0.9391 0.3299
vn 0.1912 0.9221 0.3363
vn 0.2265 0.7697 0.5969
vn 0.2279 0.8783 0.4203
vn 0.4185 0.6998 0.5789
vn 0.3891 0.8160 0.4275
vn 0.6598 0.5602 0.5009
vn 0.6680 0.6434 0.3739
vn 0.8446 0.4772 0.2428
vn 0.7417 0.6090 0.2809
vn 0.8767 0.4811 0.0053
vn 0.7594 0.6506 0.0055
vn 0.8666 0.4477 -0.2205
vn 0.7524 0.6029 -0.2654
vn 0.6709 0.5568 -0.4897
vn 0.6749 0.6438 -0.3605
vn 0.4072 0.6956 -0.5919
vn 0.3930 0.8156 -0.4247
vn 0.2292 0.7441 -0.6275
vn 0.2329 0.8751 -0.4242
vn -0.6273 0.7418 -0.2373
vn -0.6307 0.7716 -0.0821
vn -0.6319 0.7717 0.0722
vn -0.6306 0.7419 0.2279
vn -0.5400 0.7741 -0.3303
vn -0.3936 0.8523 -0.3444
vn -0.5415 0.8407 -0.0043
vn -0.3885 0.9215 -0.0031
vn -0.5467 0.7733 0.3210
vn -0.4123 0.8494 0.3294
vn -0.3315 0.9070 -0.2596
vn -0.3308 0.9395 -0.0885
vn -0.3322 0.9395 0.0832
vn -0.3593 0.9022 0.2385
vn -0.2879 0.8928 -0.3466
vn -0.2152 0.9142 -0.3433
vn -0.2854 0.9584 -0.0023
vn -0.2092 0.9779 -0.0017
vn -0.2833 0.9039 0.3204
vn -0.2290 0.9205 0.3167
vn -0.1785 0.9495 -0.2580
vn -0.1732 0.9807 -0.0908
vn -0.1747 0.9807 0.0879
vn -0.1763 0.9518 0.2511
vn -0.8346 0.4877 -0.2561
vn -0.7060 0.6432 -0.2964
vn -0.8531 0.5217 -0.0054
vn -0.7190 0.6950 -0.0056
vn -0.8263 0.5062 0.2471
vn -0.7065 0.6470 0.2868
vn -0.6253 0.5948 0.5052
vn -0.6264 0.6803 0.3805
vn -0.3686 0.7122 0.5974
vn -0.4000 0.8199 0.4095
vn -0.1945 0.7606 0.6194
vn -0.1608 0.9007 0.4035
vn -0.0408 0.9445 0.3260
vn -0.1562 0.9330 0.3241
vn -0.0345 0.9994 -0.0004
vn -0.1343 0.9909 -0.0011
vn -0.0394 0.9427 -0.3312
vn -0.1496 0.9298 -0.3363
vn -0.1893 0.7435 -0.6414
vn -0.1919 0.8821 -0.4303
vn -0.3532 0.7041 -0.6161
vn -0.3427 0.8322 -0.4358
vn -0.6089 0.5862 -0.5344
vn -0.6191 0.6798 -0.3932
vn -0.5629 -0.8084 0.1722
vn -0.5724 -0.8178 0.0603
vn -0.5662 -0.8234 -0.0388
vn -0.5491 -0.8232 -0.1442
vn -0.4715 -0.8454 0.2512
vn -0.3250 -0.9030 0.2809
vn -0.4956 -0.8685 0.0029
vn -0.5238 -0.8491 -0.0677
vn -0.4558 -0.8586 -0.2345
vn -0.3016 -0.9113 -0.2801
vn -0.3548 -0.8848 0.3021
vn -0.8725 -0.4882 0.0203
vn -0.3697 -0.9064 -0.2043
vn -0.2430 -0.9443 -0.2220
vn -0.1924 -0.9338 0.3016
vn -0.0945 -0.9516 0.2925
vn -0.3925 -0.5905 -0.7051
vn 0.1709 -0.6267 -0.7603
vn -0.1704 -0.9373 -0.3041
vn -0.0756 -0.9482 -0.3085
vn 0.0407 -0.9485 0.3140
vn 0.9029 -0.4285 0.0343
vn 0.0927 -0.9621 -0.2565
vn -0.0416 -0.9716 -0.2329
vn -0.7481 -0.6356 0.1906
vn -0.6224 -0.7523 0.2160
vn -0.7602 -0.6490 0.0298
vn -0.6400 -0.7682 0.0180
vn -0.7576 -0.6405 -0.1256
vn -0.6163 -0.7678 -0.1750
vn -0.4913 -0.7433 -0.4541
vn -0.5220 -0.8066 -0.2773
vn -0.2061 -0.8077 -0.5525
vn -0.2219 -0.8987 -0.3782
vn -0.0460 -0.8318 -0.5531
vn -0.0408 -0.9210 -0.3875
vn 0.0260 -0.9555 -0.2938
vn -0.0132 -0.9531 -0.3024
vn 0.0259 -0.9996 -0.0088
vn 0.2075 -0.9759 -0.0679
vn 0.0050 -0.9608 0.2773
vn -0.0449 -0.9602 0.2755
vn -0.0816 -0.8402 0.5361
vn -0.0771 -0.9310 0.3568
vn -0.2552 -0.8139 0.5219
vn -0.2513 -0.9001 0.3559
vn -0.5049 -0.7332 0.4555
vn -0.5316 -0.7919 0.3005
vn -0.5532 0.0733 -0.8298
vn -0.5312 0.2026 -0.8227
vn -0.5343 0.2471 -0.8084
vn -0.5641 0.1977 -0.8017
vn -0.4318 -0.3888 -0.8139
vn -0.2716 -0.4269 -0.8626
vn -0.4410 0.2359 -0.8660
vn -0.2871 0.2266 -0.9307
vn -0.4856 0.1386 -0.8631
vn -0.3135 0.1312 -0.9405
vn -0.2053 0.0468 -0.9776
vn -0.2148 0.1851 -0.9590
vn -0.2354 0.2319 -0.9438
vn -0.2482 0.1840 -0.9511
vn -0.1602 -0.4488 -0.8791
vn -0.0887 -0.4633 -0.8817
vn -0.1718 0.2153 -0.9613
vn -0.0926 0.2073 -0.9739
vn -0.1862 0.1289 -0.9740
vn -0.0997 0.1287 -0.9867
vn -0.0552 0.0250 -0.9982
vn -0.0598 0.1646 -0.9845
vn -0.0680 0.2210 -0.9729
vn -0.0709 0.1809 -0.9809
vn -0.8096 -0.2606 -0.5259
vn -0.6325 -0.3240 -0.7036
vn -0.7741 0.2148 -0.5955
vn -0.6163 0.2337 -0.7520
vn -0.7923 0.1561 -0.5899
vn -0.6625 0.1500 -0.7339
vn -0.5958 0.0183 -0.8029
vn -0.5863 0.0856 -0.8056
vn -0.2174 0.0071 -0.9761
vn -0.2332 0.0693 -0.9700
vn -0.0569 0.0072 -0.9984
vn -0.0634 0.0696 -0.9956
vn -0.0062 0.1291 -0.9916
vn -0.0428 0.1289 -0.9907
vn -0.0058 0.2019 -0.9794
vn -0.0408 0.2033 -0.9783
vn -0.0070 -0.4755 -0.8797
vn -0.0414 -0.4719 -0.8807
vn -0.0549 -0.7069 -0.7052
vn -0.0617 -0.5567 -0.8284
vn -0.2015 -0.6752 -0.7096
vn -0.2072 -0.5227 -0.8269
vn -0.4853 -0.6066 -0.6297
vn -0.5124 -0.4409 -0.7369
vn 0.5549 -0.0814 0.8279
vn 0.5526 0.0693 0.8305
vn 0.5627 0.1276 0.8168
vn 0.5775 0.1273 0.8064
vn 0.4849 -0.4652 0.7406
vn 0.3432 -0.4789 0.8080
vn 0.4694 0.1112 0.8759
vn 0.3260 0.1146 0.9384
vn 0.4902 0.1141 0.8641
vn 0.3361 0.1132 0.9350
vn 0.2577 -0.0472 0.9651
vn 0.2638 0.0823 0.9610
vn 0.2720 0.1319 0.9532
vn 0.2748 0.1281 0.9529
vn 0.2182 -0.4854 0.8466
vn 0.1203 -0.4883 0.8644
vn 0.2160 0.1162 0.9695
vn 0.1235 0.1171 0.9854
vn 0.2169 0.1139 0.9695
vn 0.1213 0.1156 0.9859
vn 0.0803 -0.0447 0.9958
vn 0.0836 0.0831 0.9930
vn 0.0863 0.1347 0.9871
vn 0.0853 0.1319 0.9876
vn 0.7618 -0.3956 0.5130
vn 0.6326 -0.4361 0.6400
vn 0.8014 0.0921 0.5910
vn 0.6460 0.1039 0.7563
vn 0.8222 0.1166 0.5571
vn 0.6728 0.1147 0.7309
vn 0.5714 0.0831 0.8164
vn 0.5798 0.0994 0.8087
vn 0.2735 0.0720 0.9592
vn 0.2709 0.0952 0.9579
vn 0.0811 0.0626 0.9947
vn 0.0809 0.0960 0.9921
vn 0.0079 0.1172 0.9931
vn 0.0520 0.1168 0.9918
vn 0.0083 0.1173 0.9931
vn 0.0535 0.1173 0.9917
vn 0.0095 -0.4880 0.8728
vn 0.0524 -0.4887 0.8709
vn 0.0926 -0.7152 0.6927
vn 0.0849 -0.5627 0.8223
vn 0.2784 -0.6921 0.6660
vn 0.2810 -0.5491 0.7871
vn 0.5286 -0.5983 0.6021
vn 0.5549 -0.4887 0.6732
vn 0.8124 -0.3723 0.4488
vn 0.8370 -0.2996 0.4579
vn -0.8799 0.0931 0.4660
vn -0.8761 -0.0615 0.4782
vn -0.8492 0.1546 -0.5050
vn -0.8703 0.0329 -0.4914
vn 0.9131 0.0370 -0.4061
vn 0.9159 -0.0125 -0.4013
vn 0.0086 0.1605 -0.9870
vn 0.0089 0.0212 -0.9997
vn -0.0082 0.0827 0.9965
vn -0.0082 -0.0451 0.9989
vn -0.0919 -0.4081 0.9083
vn -0.0926 -0.2276 0.9693
vn -0.2699 -0.4051 0.8735
vn -0.2659 -0.2343 0.9351
vn -0.5310 -0.3952 0.7496
vn -0.5416 -0.2469 0.8036
vn -0.9201 -0.3460 0.1836
vn -0.9627 -0.2028 0.1791
vn -0.9554 -0.2946 0.0215
vn -0.9898 -0.1424 0.0074
vn -0.9543 -0.2460 -0.1695
vn -0.9763 -0.1079 -0.1873
vn 0.0887 -0.3707 -0.9245
vn 0.0921 -0.1612 -0.9826
vn 0.2973 -0.3444 -0.8905
vn 0.3059 -0.1542 -0.9395
vn 0.6515 -0.2520 -0.7156
vn 0.6787 -0.1163 -0.7251
vn 0.9470 -0.1255 -0.2956
vn 0.9476 -0.0441 -0.3164
vn 0.9647 -0.2575 -0.0551
vn 0.9862 -0.1386 -0.0906
vn 0.9106 -0.3319 0.2464
vn 0.9413 -0.2467 0.2305
vn -0.5454 -0.2763 -0.7913
vn -0.5633 -0.0988 -0.8203
vn -0.2112 -0.3473 -0.9137
vn -0.2076 -0.1450 -0.9674
vn -0.0623 -0.3694 -0.9272
vn -0.0576 -0.1596 -0.9855
vn 0.5588 -0.4148 0.7181
vn 0.5574 -0.2810 0.7813
vn 0.2725 -0.4119 0.8695
vn 0.2610 -0.2366 0.9359
vn 0.0811 -0.4105 0.9082
vn 0.0793 -0.2291 0.9702
vn 0.0497 -0.1336 0.9898
vn 0.0074 -0.1335 0.9910
vn 0.8022 -0.2237 0.5536
vn 0.6492 -0.1994 0.7340
vn 0.2053 -0.1356 0.9693
vn 0.1156 -0.1336 0.9843
vn 0.4671 -0.1678 0.8681
vn 0.3176 -0.1453 0.9370
vn -0.0356 -0.0647 -0.9973
vn -0.0043 -0.0658 -0.9978
vn -0.8232 -0.0153 -0.5675
vn -0.6649 -0.0069 -0.7469
vn -0.1530 -0.0523 -0.9868
vn -0.0805 -0.0609 -0.9949
vn -0.4548 -0.0183 -0.8904
vn -0.2728 -0.0374 -0.9613
vn 0.9384 -0.2076 0.2764
vn 0.8899 -0.2274 0.3954
vn 0.9345 -0.0272 -0.3550
vn 0.9466 -0.0216 -0.3217
vn 0.9933 -0.1152 -0.0077
vn 0.9731 -0.1671 0.1585
vn 0.9508 -0.0291 -0.3085
vn 0.9773 -0.0600 -0.2032
vn 0.7671 -0.0491 -0.6397
vn 0.8814 -0.0380 -0.4709
vn 0.0228 -0.0661 -0.9976
vn 0.0631 -0.0661 -0.9958
vn 0.3913 -0.0629 -0.9181
vn 0.5874 -0.0579 -0.8072
vn 0.1300 -0.0658 -0.9893
vn 0.2359 -0.0650 -0.9696
vn -0.9658 -0.0437 -0.2557
vn -0.9150 -0.0322 -0.4022
vn -0.9121 -0.1441 0.3838
vn -0.9634 -0.1306 0.2343
vn -0.9973 -0.0625 -0.0395
vn -0.9897 -0.0511 -0.1337
vn -0.9859 -0.1096 0.1262
vn -0.9957 -0.0833 0.0412
vn -0.6354 -0.1604 0.7553
vn -0.8027 -0.1552 0.5758
vn -0.0235 -0.1333 0.9908
vn -0.0649 -0.1327 0.9890
vn -0.3230 -0.1462 0.9350
vn -0.4648 -0.1560 0.8716
vn -0.1259 -0.1331 0.9831
vn -0.2110 -0.1373 0.9678
vn 0.8788 0.1036 0.4658
vn 0.8856 0.0830 0.4570
vn -0.8652 0.1983 0.4606
vn -0.8720 0.0886 0.4814
vn -0.8847 0.1773 -0.4311
vn -0.8876 0.0861 -0.4525
vn 0.9184 0.1339 -0.3723
vn 0.9212 0.0718 -0.3823
vn 0.0087 0.2149 -0.9766
vn 0.0079 0.0780 -0.9969
vn -0.0042 0.1771 0.9842
vn -0.0061 0.0685 0.9976
vn -0.0945 0.1804 0.9790
vn -0.0837 0.0677 0.9942
vn -0.2905 0.1876 0.9383
vn -0.2609 0.0664 0.9631
vn -0.5808 0.1897 0.7916
vn -0.5399 0.0662 0.8391
vn -0.9596 0.2094 0.1881
vn -0.9740 0.1348 0.1821
vn -0.9768 0.2139 0.0019
vn -0.9890 0.1482 -0.0016
vn -0.9550 0.2045 -0.2149
vn -0.9682 0.1362 -0.2097
vn 0.0984 0.2213 -0.9702
vn 0.0822 0.0786 -0.9935
vn 0.3135 0.2236 -0.9229
vn 0.2764 0.0774 -0.9579
vn 0.6884 0.1761 -0.7036
vn 0.6810 0.0614 -0.7297
vn 0.9754 0.1443 -0.1668
vn 0.9822 0.0933 -0.1631
vn 0.9882 0.1534 0.0044
vn 0.9934 0.1146 -0.0003
vn 0.9733 0.1480 0.1752
vn 0.9798 0.1057 0.1697
vn -0.6095 0.1967 -0.7680
vn -0.6056 0.0661 -0.7930
vn -0.2709 0.2265 -0.9356
vn -0.2348 0.0788 -0.9688
vn -0.0778 0.2193 -0.9726
vn -0.0627 0.0784 -0.9949
vn 0.5898 0.1994 0.7825
vn 0.5703 0.1097 0.8141
vn 0.3464 0.2048 0.9155
vn 0.2981 0.0971 0.9496
vn 0.1210 0.1869 0.9749
vn 0.0946 0.0761 0.9926
vn 0.0534 0.0575 0.9969
vn 0.0084 0.0549 0.9985
vn 0.2236 0.0719 0.9720
vn 0.1252 0.0634 0.9901
vn 0.4907 0.0878 0.8669
vn 0.3472 0.0806 0.9343
vn 0.8198 0.0854 0.5662
vn 0.6530 0.0893 0.7521
vn -0.0359 0.0276 -0.9990
vn -0.0040 0.0276 -0.9996
vn -0.1654 0.0275 -0.9858
vn -0.0863 0.0276 -0.9959
vn -0.4949 0.0274 -0.8685
vn -0.2962 0.0274 -0.9547
vn -0.8350 0.0441 -0.5485
vn -0.6954 0.0302 -0.7180
vn 0.9693 0.0968 0.2261
vn 0.9264 0.0863 0.3666
vn 0.9929 0.1128 0.0380
vn 0.9858 0.1092 0.1272
vn 0.9879 0.0854 -0.1297
vn 0.9935 0.1024 -0.0504
vn 0.9453 0.0613 -0.3204
vn 0.9751 0.0719 -0.2099
vn 0.7621 0.0322 -0.6467
vn 0.8816 0.0470 -0.4697
vn 0.3469 0.0263 -0.9375
vn 0.5643 0.0259 -0.8252
vn 0.1081 0.0276 -0.9938
vn 0.1978 0.0273 -0.9799
vn 0.0199 0.0277 -0.9994
vn 0.0532 0.0277 -0.9982
vn -0.9585 0.0986 -0.2676
vn -0.9166 0.0714 -0.3933
vn -0.9913 0.1201 -0.0546
vn -0.9807 0.1140 -0.1589
vn -0.9838 0.1141 0.1382
vn -0.9916 0.1216 0.0453
vn -0.9185 0.0650 0.3900
vn -0.9663 0.0931 0.2400
vn -0.6190 0.0422 0.7843
vn -0.7970 0.0456 0.6023
vn -0.3214 0.0490 0.9457
vn -0.4599 0.0457 0.8868
vn -0.1153 0.0527 0.9919
vn -0.2026 0.0512 0.9779
vn -0.0210 0.0542 0.9983
vn -0.0578 0.0536 0.9969
vn 0.8765 0.0976 0.4715
vn 0.8524 0.1666 0.4957
vn -0.8108 0.4008 0.4265
vn -0.8396 0.3161 0.4418
vn -0.8358 0.3512 -0.4220
vn -0.8646 0.2714 -0.4230
vn 0.8773 0.3036 -0.3718
vn 0.9025 0.2199 -0.3702
vn 0.0198 0.5359 -0.8441
vn 0.0122 0.3573 -0.9339
vn 0.0106 0.5712 0.8207
vn 0.0012 0.3682 0.9297
vn -0.1717 0.5782 0.7976
vn -0.1243 0.3777 0.9176
vn -0.3675 0.5735 0.7322
vn -0.3379 0.3916 0.8559
vn -0.6298 0.4966 0.5973
vn -0.6217 0.3642 0.6934
vn -0.8954 0.3876 0.2193
vn -0.9345 0.2930 0.2023
vn -0.9239 0.3827 -0.0022
vn -0.9576 0.2880 0.0016
vn -0.9030 0.3612 -0.2327
vn -0.9352 0.2747 -0.2234
vn 0.1829 0.5522 -0.8134
vn 0.1301 0.3752 -0.9178
vn 0.3931 0.5438 -0.7414
vn 0.3548 0.3848 -0.8521
vn 0.6751 0.4472 -0.5868
vn 0.6844 0.3184 -0.6559
vn 0.9282 0.3182 -0.1931
vn 0.9588 0.2210 -0.1786
vn 0.9403 0.3404 0.0043
vn 0.9725 0.2330 0.0042
vn 0.9072 0.3617 0.2149
vn 0.9498 0.2462 0.1931
vn -0.6054 0.4737 -0.6396
vn -0.6079 0.3465 -0.7144
vn -0.3410 0.5432 -0.7672
vn -0.3092 0.3848 -0.8697
vn -0.1500 0.5454 -0.8247
vn -0.1054 0.3693 -0.9233
vn 0.6454 0.4629 0.6076
vn 0.6193 0.3332 0.7110
vn 0.4024 0.5516 0.7306
vn 0.3949 0.3812 0.8359
vn 0.1985 0.5856 0.7859
vn 0.1679 0.3989 0.9015
vn 0.0916 0.2810 0.9553
vn 0.0223 0.2682 0.9631
vn 0.3098 0.2923 0.9047
vn 0.1920 0.2922 0.9369
vn 0.5516 0.2753 0.7874
vn 0.4371 0.2894 0.8516
vn 0.7807 0.2331 0.5798
vn 0.6604 0.2539 0.7067
vn -0.0588 0.2896 -0.9554
vn -0.0104 0.2850 -0.9585
vn -0.2261 0.3046 -0.9252
vn -0.1263 0.2975 -0.9463
vn -0.5241 0.2882 -0.8014
vn -0.3629 0.3047 -0.8806
vn -0.8323 0.2303 -0.5042
vn -0.6933 0.2562 -0.6736
vn 0.9490 0.1946 0.2479
vn 0.8874 0.2099 0.4104
vn 0.9808 0.1897 0.0447
vn 0.9730 0.1905 0.1300
vn 0.9749 0.1828 -0.1269
vn 0.9816 0.1874 -0.0375
vn 0.9338 0.1736 -0.3127
vn 0.9599 0.1772 -0.2174
vn 0.7674 0.2222 -0.6014
vn 0.8792 0.1843 -0.4394
vn 0.4151 0.2990 -0.8592
vn 0.5972 0.2703 -0.7552
vn 0.1517 0.3011 -0.9415
vn 0.2624 0.3055 -0.9153
vn 0.0302 0.2866 -0.9576
vn 0.0792 0.2933 -0.9527
vn -0.9353 0.2353 -0.2644
vn -0.9043 0.2275 -0.3613
vn -0.9671 0.2482 -0.0558
vn -0.9551 0.2427 -0.1698
vn -0.9566 0.2500 0.1496
vn -0.9666 0.2502 0.0564
vn -0.8915 0.2562 0.3736
vn -0.9363 0.2514 0.2454
vn -0.6768 0.2741 0.6832
vn -0.8043 0.2646 0.5320
vn -0.3856 0.2869 0.8769
vn -0.5322 0.2822 0.7982
vn -0.1453 0.2780 0.9495
vn -0.2492 0.2848 0.9256
vn -0.0246 0.2663 0.9636
vn -0.0751 0.2706 0.9598
vn -0.1247 0.0289 0.9918
vn -0.1630 0.0825 0.9832
vn -0.2081 0.0262 0.9778
vn -0.1638 -0.0463 0.9854
vn -0.1280 0.1394 0.9819
vn -0.1703 0.1334 0.9763
vn -0.2184 0.1424 0.9654
vn -0.1666 0.1363 0.9766
vn -0.3231 0.0210 0.9461
vn -0.3993 0.0815 0.9132
vn -0.4740 0.0166 0.8804
vn -0.3911 -0.0619 0.9183
vn -0.3466 0.1499 0.9260
vn -0.4290 0.1460 0.8914
vn -0.5092 0.1612 0.8454
vn -0.4162 0.1497 0.8969
vn -0.0187 -0.6345 0.7727
vn -0.0387 -0.5601 0.8275
vn -0.0602 -0.6326 0.7721
vn -0.0352 -0.7080 0.7053
vn -0.0241 0.0290 0.9993
vn -0.0430 0.0829 0.9956
vn -0.0654 0.0293 0.9974
vn -0.0425 -0.0447 0.9981
vn -0.0243 0.1391 0.9900
vn -0.0428 0.1326 0.9902
vn -0.0663 0.1389 0.9881
vn -0.0434 0.1350 0.9899
vn -0.0315 0.4693 0.8825
vn -0.0871 0.5714 0.8160
vn -0.1085 0.4751 0.8732
vn -0.0575 0.3686 0.9278
vn -0.1868 0.4858 0.8539
vn -0.2533 0.5828 0.7721
vn -0.2916 0.4905 0.8212
vn -0.2136 0.3877 0.8967
vn -0.4245 0.4810 0.7671
vn -0.4989 0.5438 0.6748
vn -0.5629 0.4547 0.6902
vn -0.4809 0.3834 0.7885
vn -0.6886 0.4169 0.5934
vn -0.7320 0.4452 0.5158
vn -0.7847 0.3778 0.4914
vn -0.7447 0.3394 0.5747
vn -0.6803 0.1703 0.7129
vn -0.7501 0.1536 0.6432
vn -0.8124 0.1691 0.5580
vn -0.7532 0.1696 0.6356
vn -0.6540 0.0169 0.7563
vn -0.7434 0.0885 0.6629
vn -0.8172 0.0155 0.5761
vn -0.7343 -0.0685 0.6754
vn -0.5779 -0.5452 0.6073
vn -0.6650 -0.4758 0.5757
vn -0.7200 -0.4988 0.4825
vn -0.6323 -0.5759 0.5181
vn -0.3247 -0.6022 0.7293
vn -0.3873 -0.5288 0.7552
vn -0.4452 -0.5789 0.6832
vn -0.3796 -0.6569 0.6514
vn -0.1232 -0.6286 0.7679
vn -0.1671 -0.5530 0.8163
vn -0.2133 -0.6190 0.7558
vn -0.1619 -0.6977 0.6979
vn -0.9923 0.0270 0.1212
vn -0.9946 0.0712 0.0760
vn -0.9988 0.0350 0.0338
vn -0.9967 -0.0264 0.0772
vn -0.9820 0.1176 0.1478
vn -0.9892 0.1099 0.0964
vn -0.9929 0.1121 0.0402
vn -0.9903 0.1100 0.0850
vn -0.9980 0.0447 -0.0453
vn -0.9921 0.0858 -0.0912
vn -0.9890 0.0550 -0.1375
vn -0.9963 0.0017 -0.0864
vn -0.9914 0.1185 -0.0551
vn -0.9863 0.1216 -0.1118
vn -0.9767 0.1383 -0.1641
vn -0.9872 0.1235 -0.1007
vn -0.8141 -0.4803 0.3264
vn -0.8520 -0.4461 0.2741
vn -0.8448 -0.4873 0.2211
vn -0.8104 -0.5245 0.2612
vn -0.9239 0.0214 0.3820
vn -0.9478 0.0832 0.3078
vn -0.9718 0.0235 0.2347
vn -0.9512 -0.0534 0.3039
vn -0.8959 0.1554 0.4162
vn -0.9235 0.1318 0.3601
vn -0.9510 0.1345 0.2785
vn -0.9327 0.1438 0.3309
vn -0.8576 0.3529 0.3741
vn -0.8609 0.3925 0.3236
vn -0.9019 0.3427 0.2629
vn -0.9011 0.3019 0.3113
vn -0.9287 0.3348 0.1596
vn -0.9165 0.3840 0.1124
vn -0.9415 0.3322 0.0571
vn -0.9512 0.2893 0.1074
vn -0.9423 0.3294 -0.0606
vn -0.9183 0.3759 -0.1245
vn -0.9306 0.3203 -0.1770
vn -0.9518 0.2833 -0.1173
vn -0.9114 0.3089 -0.2720
vn -0.8816 0.3479 -0.3190
vn -0.8814 0.3039 -0.3617
vn -0.9117 0.2675 -0.3117
vn -0.9387 0.1722 -0.2988
vn -0.9072 0.1751 -0.3825
vn -0.8704 0.2086 -0.4460
vn -0.9144 0.1892 -0.3579
vn -0.9633 0.0667 -0.2600
vn -0.9328 0.1259 -0.3378
vn -0.9066 0.0835 -0.4137
vn -0.9437 0.0163 -0.3304
vn -0.8916 -0.4204 -0.1681
vn -0.9092 -0.3350 -0.2471
vn -0.8801 -0.3741 -0.2923
vn -0.8638 -0.4624 -0.1999
vn -0.8801 -0.4748 -0.0081
vn -0.9111 -0.4086 -0.0550
vn -0.8850 -0.4571 -0.0881
vn -0.8496 -0.5254 -0.0457
vn -0.8595 -0.4884 0.1504
vn -0.8915 -0.4386 0.1137
vn -0.8718 -0.4837 0.0773
vn -0.8374 -0.5344 0.1152
vn 0.1319 0.0989 -0.9863
vn 0.1819 0.1592 -0.9703
vn 0.2386 0.0977 -0.9662
vn 0.1782 0.0210 -0.9838
vn 0.1360 0.2090 -0.9684
vn 0.1800 0.1768 -0.9677
vn 0.2443 0.2046 -0.9479
vn 0.1859 0.2160 -0.9585
vn 0.3928 0.0926 -0.9149
vn 0.4849 0.1420 -0.8630
vn 0.5843 0.0776 -0.8078
vn 0.4873 0.0163 -0.8731
vn 0.3936 0.1941 -0.8985
vn 0.4731 0.1579 -0.8667
vn 0.5660 0.1741 -0.8058
vn 0.4820 0.1935 -0.8545
vn 0.0204 -0.6483 -0.7611
vn 0.0361 -0.5664 -0.8233
vn 0.0516 -0.6455 -0.7620
vn 0.0337 -0.7216 -0.6915
vn 0.0230 0.0991 -0.9948
vn 0.0413 0.1603 -0.9862
vn 0.0640 0.0990 -0.9930
vn 0.0406 0.0210 -0.9990
vn 0.0230 0.2109 -0.9772
vn 0.0408 0.1805 -0.9827
vn 0.0659 0.2105 -0.9754
vn 0.0421 0.2188 -0.9749
vn 0.0499 0.4421 -0.8956
vn 0.1061 0.5424 -0.8334
vn 0.1178 0.4532 -0.8836
vn 0.0654 0.3639 -0.9291
vn 0.1973 0.4650 -0.8630
vn 0.2734 0.5557 -0.7851
vn 0.3080 0.4687 -0.8279
vn 0.2233 0.3847 -0.8956
vn 0.4485 0.4551 -0.7692
vn 0.5319 0.5091 -0.6767
vn 0.6033 0.4155 -0.6807
vn 0.5157 0.3652 -0.7751
vn 0.7485 0.3506 -0.5629
vn 0.7920 0.3703 -0.4853
vn 0.8548 0.2832 -0.4349
vn 0.8209 0.2587 -0.5091
vn 0.7286 0.1422 -0.6700
vn 0.7957 0.1112 -0.5953
vn 0.8576 0.1003 -0.5045
vn 0.8055 0.1194 -0.5804
vn 0.7624 0.0502 -0.6451
vn 0.8230 0.0723 -0.5634
vn 0.8804 0.0216 -0.4737
vn 0.8334 -0.0055 -0.5527
vn 0.6623 -0.4267 -0.6159
vn 0.7658 -0.2989 -0.5694
vn 0.8099 -0.3150 -0.4949
vn 0.7114 -0.4529 -0.5374
vn 0.3367 -0.5801 -0.7417
vn 0.4343 -0.4728 -0.7667
vn 0.4978 -0.5186 -0.6951
vn 0.3991 -0.6337 -0.6626
vn 0.1034 -0.6363 -0.7645
vn 0.1541 -0.5464 -0.8232
vn 0.1973 -0.6169 -0.7619
vn 0.1366 -0.7056 -0.6954
vn 0.9503 0.0188 -0.3106
vn 0.9605 0.0477 -0.2741
vn 0.9757 0.0169 -0.2183
vn 0.9609 -0.0101 -0.2768
vn 0.9625 0.0786 -0.2597
vn 0.9747 0.0916 -0.2039
vn 0.9788 0.1014 -0.1782
vn 0.9647 0.0841 -0.2494
vn 0.9994 -0.0074 -0.0346
vn 0.9983 0.0310 0.0497
vn 0.9896 -0.0385 0.1385
vn 0.9941 -0.0839 0.0688
vn 0.9928 0.1166 -0.0260
vn 0.9895 0.1291 0.0648
vn 0.9829 0.1249 0.1352
vn 0.9933 0.1043 0.0497
vn 0.9005 -0.2592 -0.3493
vn 0.9269 -0.2052 -0.3142
vn 0.9187 -0.2934 -0.2644
vn 0.8929 -0.3478 -0.2859
vn 0.9360 0.0067 -0.3519
vn 0.9459 0.0247 -0.3234
vn 0.9480 0.0092 -0.3180
vn 0.9447 -0.0107 -0.3278
vn 0.9322 0.0652 -0.3559
vn 0.9508 0.0585 -0.3043
vn 0.9561 0.0595 -0.2868
vn 0.9470 0.0532 -0.3168
vn 0.9139 0.2543 -0.3165
vn 0.9121 0.3025 -0.2765
vn 0.9378 0.2609 -0.2292
vn 0.9395 0.2143 -0.2672
vn 0.9523 0.2718 -0.1384
vn 0.9386 0.3315 -0.0957
vn 0.9591 0.2800 -0.0425
vn 0.9699 0.2280 -0.0857
vn 0.9567 0.2869 0.0495
vn 0.9311 0.3498 0.1032
vn 0.9436 0.2973 0.1458
vn 0.9671 0.2381 0.0897
vn 0.9121 0.3099 0.2684
vn 0.8725 0.3617 0.3285
vn 0.8633 0.3104 0.3979
vn 0.9064 0.2591 0.3337
vn 0.9507 0.1302 0.2813
vn 0.9280 0.1358 0.3469
vn 0.8963 0.1327 0.4231
vn 0.9288 0.1132 0.3528
vn 0.9599 -0.0592 0.2740
vn 0.9380 0.0143 0.3465
vn 0.9083 -0.0586 0.4143
vn 0.9308 -0.1446 0.3356
vn 0.8707 -0.4086 0.2737
vn 0.8664 -0.3725 0.3326
vn 0.8427 -0.3861 0.3753
vn 0.8462 -0.4360 0.3062
vn 0.8887 -0.4547 0.0591
vn 0.9058 -0.4032 0.1301
vn 0.8787 -0.4412 0.1825
vn 0.8545 -0.5057 0.1186
vn 0.9120 -0.3583 -0.1998
vn 0.9289 -0.3265 -0.1746
vn 0.9012 -0.4236 -0.0913
vn 0.8770 -0.4622 -0.1311
vn 0.3089 -0.6494 0.6949
vn 0.9015 -0.4328 -0.0036
vn 0.4220 -0.8945 0.1474
vn 0.2976 -0.9070 0.2979
vn 0.1506 -0.9683 -0.1992
vn 0.1815 -0.9595 -0.2153
vn 0.2482 -0.9556 -0.1587
vn 0.3015 -0.9213 -0.2454
vn 0.3561 -0.9268 0.1189
vn 0.4148 -0.9082 0.0558
vn 0.4708 -0.8748 0.1147
vn 0.3983 -0.8990 0.1818
vn 0.3425 -0.9312 -0.1249
vn 0.3930 -0.9028 -0.1749
vn 0.4710 -0.8757 -0.1062
vn 0.4082 -0.9112 -0.0561
vn 0.0466 -0.8978 0.4379
vn 0.0807 -0.9338 0.3485
vn 0.0921 -0.9005 0.4249
vn 0.0563 -0.8511 0.5220
vn -0.1238 -0.9773 0.1720
vn -0.7598 -0.6501 0.0134
vn -0.1863 -0.6656 0.7227
vn -0.0091 -0.9555 0.2948
vn 0.0495 -0.9863 -0.1573
vn 0.0694 -0.9734 -0.2185
vn 0.0767 -0.9784 -0.1919
vn -0.0591 -0.9740 -0.2187
vn 0.0347 -0.8940 -0.4468
vn 0.0388 -0.8479 -0.5287
vn 0.0612 -0.8951 -0.4417
vn 0.0557 -0.9305 -0.3621
vn 0.1087 -0.8933 -0.4362
vn 0.1368 -0.8410 -0.5234
vn 0.1908 -0.8836 -0.4276
vn 0.1563 -0.9245 -0.3476
vn 0.3091 -0.8559 -0.4146
vn 0.3799 -0.7804 -0.4967
vn 0.4534 -0.8002 -0.3927
vn 0.3809 -0.8678 -0.3191
vn 0.6164 -0.7036 -0.3535
vn 0.6884 -0.6009 -0.4062
vn 0.7846 -0.5429 -0.2994
vn 0.7132 -0.6517 -0.2583
vn 0.6361 -0.7655 -0.0968
vn 0.7185 -0.6798 -0.1469
vn 0.7829 -0.6138 -0.1014
vn 0.7105 -0.7022 -0.0461
vn 0.6246 -0.7737 0.1061
vn 0.7030 -0.7090 0.0551
vn 0.7656 -0.6346 0.1053
vn 0.6979 -0.6997 0.1530
vn 0.5863 -0.7292 0.3528
vn 0.6829 -0.6817 0.2625
vn 0.7470 -0.5887 0.3088
vn 0.6510 -0.6388 0.4101
vn 0.3191 -0.8611 0.3959
vn 0.3764 -0.8726 0.3114
vn 0.4392 -0.8129 0.3825
vn 0.3807 -0.7917 0.4778
vn 0.1484 -0.8983 0.4135
vn 0.1882 -0.9256 0.3284
vn 0.2230 -0.8871 0.4041
vn 0.1785 -0.8477 0.4996
vn 0.2403 0.9536 -0.1812
vn 0.2785 0.9561 -0.0909
vn 0.3238 0.9296 -0.1760
vn 0.2784 0.9236 -0.2636
vn 0.2374 0.9537 0.1847
vn 0.2744 0.9237 0.2674
vn 0.3211 0.9296 0.1809
vn 0.2770 0.9562 0.0951
vn 0.4468 0.8793 -0.1651
vn 0.5209 0.8501 -0.0768
vn 0.6002 0.7857 -0.1501
vn 0.5208 0.8192 -0.2403
vn 0.4444 0.8792 0.1720
vn 0.5177 0.8186 0.2486
vn 0.5978 0.7856 0.1596
vn 0.5198 0.8501 0.0848
vn 0.1029 0.8407 -0.5316
vn 0.1620 0.8924 -0.4211
vn 0.2042 0.8271 -0.5236
vn 0.1500 0.7518 -0.6421
vn 0.0880 0.9811 -0.1725
vn 0.1324 0.9871 -0.0904
vn 0.1787 0.9676 -0.1784
vn 0.1473 0.9558 -0.2545
vn 0.0853 0.9811 0.1737
vn 0.1434 0.9560 0.2561
vn 0.1759 0.9676 0.1809
vn 0.1310 0.9871 0.0923
vn 0.1035 0.8606 0.4987
vn 0.1564 0.7812 0.6044
vn 0.2063 0.8419 0.4987
vn 0.1568 0.8964 0.4145
vn 0.2636 0.8219 0.5050
vn 0.3151 0.7495 0.5822
vn 0.3478 0.7885 0.5073
vn 0.2891 0.8562 0.4282
vn 0.4625 0.7325 0.4995
vn 0.5352 0.6395 0.5520
vn 0.5973 0.6520 0.4670
vn 0.5231 0.7468 0.4106
vn 0.7229 0.5527 0.4148
vn 0.7540 0.4895 0.4380
vn 0.8097 0.4639 0.3593
vn 0.7861 0.5254 0.3257
vn 0.7541 0.6413 0.1418
vn 0.8099 0.5530 0.1956
vn 0.8671 0.4831 0.1215
vn 0.8226 0.5645 0.0685
vn 0.7591 0.6379 -0.1300
vn 0.8261 0.5607 -0.0572
vn 0.8759 0.4697 -0.1098
vn 0.8218 0.5403 -0.1809
vn 0.7397 0.5457 -0.3937
vn 0.8084 0.5061 -0.3005
vn 0.8481 0.4225 -0.3197
vn 0.7890 0.4579 -0.4097
vn 0.4638 0.7331 -0.4974
vn 0.5261 0.7487 -0.4034
vn 0.6009 0.6553 -0.4578
vn 0.5341 0.6399 -0.5524
vn 0.2660 0.8109 -0.5213
vn 0.2935 0.8542 -0.4292
vn 0.3474 0.7828 -0.5163
vn 0.3035 0.7284 -0.6142
vn -0.5404 0.8250 -0.1655
vn -0.4583 0.8846 -0.0863
vn -0.3878 0.9055 -0.1721
vn -0.4594 0.8511 -0.2539
vn -0.5433 0.8247 0.1571
vn -0.4643 0.8507 0.2465
vn -0.3908 0.9054 0.1660
vn -0.4597 0.8845 0.0790
vn -0.2833 0.9429 -0.1754
vn -0.2444 0.9654 -0.0904
vn -0.2083 0.9620 -0.1768
vn -0.2444 0.9340 -0.2608
vn -0.2877 0.9437 0.1633
vn -0.2194 0.9445 0.2446
vn -0.2111 0.9620 0.1733
vn -0.2458 0.9654 0.0865
vn -0.8098 0.4626 -0.3607
vn -0.7668 0.5458 -0.3378
vn -0.6859 0.5831 -0.4353
vn -0.7360 0.4985 -0.4580
vn -0.8484 0.5115 -0.1359
vn -0.7935 0.6039 -0.0752
vn -0.7160 0.6814 -0.1518
vn -0.7856 0.5819 -0.2102
vn -0.8466 0.5177 0.1232
vn -0.7832 0.5891 0.1991
vn -0.7168 0.6829 0.1409
vn -0.7934 0.6054 0.0634
vn -0.7947 0.4895 0.3589
vn -0.7341 0.5162 0.4412
vn -0.6906 0.5895 0.4191
vn -0.7605 0.5589 0.3305
vn -0.5537 0.6863 0.4717
vn -0.4918 0.6688 0.5575
vn -0.4451 0.7462 0.4950
vn -0.4760 0.7765 0.4129
vn -0.2912 0.7964 0.5300
vn -0.2904 0.7382 0.6089
vn -0.2378 0.8258 0.5113
vn -0.2640 0.8696 0.4173
vn -0.1655 0.8487 0.5023
vn -0.1256 0.7737 0.6209
vn -0.0325 0.8678 0.4959
vn -0.1111 0.9109 0.3974
vn -0.1399 0.9751 0.1719
vn -0.0991 0.9632 0.2500
vn -0.0374 0.9847 0.1702
vn -0.0896 0.9921 0.0874
vn -0.1371 0.9751 -0.1743
vn -0.0882 0.9921 -0.0889
vn -0.0348 0.9847 -0.1710
vn -0.0952 0.9630 -0.2523
vn -0.1588 0.8308 -0.5334
vn -0.1070 0.8986 -0.4255
vn -0.0436 0.8433 -0.5357
vn -0.1025 0.7522 -0.6509
vn -0.3007 0.7922 -0.5310
vn -0.2547 0.8634 -0.4355
vn -0.2257 0.8153 -0.5333
vn -0.2589 0.7305 -0.6320
vn -0.5398 0.6830 -0.4920
vn -0.4659 0.7758 -0.4255
vn -0.4064 0.7511 -0.5203
vn -0.4728 0.6573 -0.5869
vn -0.4963 -0.8601 0.1177
vn -0.4459 -0.8934 0.0538
vn -0.5072 -0.8457 0.1656
vn -0.4137 -0.8885 0.1987
vn -0.4826 -0.8691 -0.1082
vn -0.3911 -0.9007 -0.1890
vn -0.3330 -0.9312 -0.1484
vn -0.4212 -0.9044 -0.0684
vn -0.3759 -0.6059 0.7011
vn 0.3562 -0.9276 0.1123
vn 0.1479 -0.6393 0.7546
vn -0.1126 -0.9044 0.4116
vn -0.1909 -0.9625 -0.1927
vn -0.1235 -0.9641 -0.2352
vn -0.0732 -0.9774 -0.1984
vn -0.1148 -0.9171 -0.3818
vn -0.7193 -0.6333 0.2853
vn -0.6759 -0.6918 0.2540
vn -0.5875 -0.7307 0.3476
vn -0.6357 -0.6674 0.3879
vn -0.7582 -0.6424 0.1114
vn -0.7047 -0.7063 0.0675
vn -0.6401 -0.7602 0.1113
vn -0.6993 -0.6980 0.1542
vn -0.7597 -0.6483 -0.0507
vn -0.6968 -0.7100 -0.1020
vn -0.6326 -0.7710 -0.0736
vn -0.7027 -0.7112 -0.0186
vn -0.7460 -0.6263 -0.2261
vn -0.6525 -0.6678 -0.3583
vn -0.5878 -0.7441 -0.3175
vn -0.6822 -0.7031 -0.2007
vn -0.4252 -0.8125 -0.3987
vn -0.3369 -0.7854 -0.5192
vn -0.2775 -0.8484 -0.4507
vn -0.3625 -0.8675 -0.3407
vn -0.1569 -0.8666 -0.4736
vn -0.1092 -0.8212 -0.5602
vn -0.0727 -0.8771 -0.4748
vn -0.1137 -0.9134 -0.3909
vn -0.0184 -0.8849 -0.4654
vn -0.0058 -0.8405 -0.5417
vn 0.0144 -0.8906 -0.4545
vn 0.0053 -0.9258 -0.3780
vn -0.0025 -0.9861 -0.1663
vn 0.0117 -0.9746 -0.2237
vn 0.0332 -0.9882 -0.1492
vn 0.0238 -0.9962 -0.0841
vn 0.1693 -0.9680 0.1852
vn 0.0205 -0.9976 0.0662
vn 0.0019 -0.9914 0.1308
vn -0.0176 -0.9792 0.2024
vn -0.0516 -0.8926 0.4480
vn -0.0237 -0.9327 0.3599
vn -0.0003 -0.8945 0.4471
vn -0.0287 -0.8433 0.5367
vn -0.1986 -0.8748 0.4419
vn -0.1460 -0.9220 0.3587
vn -0.1118 -0.8880 0.4461
vn -0.1550 -0.8322 0.5323
vn -0.4454 -0.8018 0.3984
vn -0.3839 -0.8596 0.3373
vn -0.3130 -0.8478 0.4282
vn -0.3748 -0.7815 0.4988
vn -0.4423 0.1477 -0.8846
vn -0.3530 0.1991 -0.9142
vn -0.2729 0.1351 -0.9525
vn -0.3535 0.0645 -0.9332
vn -0.4640 0.2292 -0.8557
vn -0.3929 0.1892 -0.8999
vn -0.3095 0.2216 -0.9247
vn -0.3708 0.2407 -0.8970
vn -0.1561 0.1186 -0.9806
vn -0.1206 0.1723 -0.9776
vn -0.0822 0.1071 -0.9908
vn -0.1120 0.0327 -0.9932
vn -0.1885 0.2161 -0.9580
vn -0.1428 0.1818 -0.9729
vn -0.1024 0.2129 -0.9717
vn -0.1359 0.2250 -0.9648
vn -0.7767 -0.3977 -0.4884
vn -0.7103 -0.3623 -0.6035
vn -0.5899 -0.4877 -0.6435
vn -0.6589 -0.5318 -0.5320
vn -0.8021 0.1112 -0.5868
vn -0.7113 0.1851 -0.6781
vn -0.6390 0.1399 -0.7564
vn -0.7429 0.0590 -0.6668
vn -0.7697 0.2308 -0.5953
vn -0.7185 0.2040 -0.6650
vn -0.6297 0.2351 -0.7404
vn -0.6972 0.2437 -0.6742
vn -0.8041 0.3319 -0.4932
vn -0.7315 0.4121 -0.5432
vn -0.6779 0.3877 -0.6246
vn -0.7588 0.3034 -0.5763
vn -0.5337 0.4330 -0.7264
vn -0.4692 0.5185 -0.7149
vn -0.3932 0.4580 -0.7972
vn -0.4529 0.3755 -0.8086
vn -0.2649 0.4644 -0.8451
vn -0.2319 0.5500 -0.8023
vn -0.1651 0.4579 -0.8735
vn -0.1902 0.3799 -0.9053
vn -0.0904 0.4468 -0.8900
vn -0.0714 0.5379 -0.8400
vn -0.0197 0.4394 -0.8981
vn -0.0421 0.3598 -0.9321
vn -0.0449 0.2115 -0.9763
vn -0.0239 0.1807 -0.9832
vn -0.0069 0.2111 -0.9774
vn -0.0232 0.2194 -0.9754
vn -0.0360 0.1015 -0.9942
vn -0.0201 0.1614 -0.9867
vn -0.0044 0.0995 -0.9950
vn -0.0185 0.0220 -0.9996
vn -0.0381 -0.6403 -0.7672
vn -0.0223 -0.5642 -0.8254
vn -0.0053 -0.6465 -0.7629
vn -0.0169 -0.7165 -0.6974
vn -0.1546 -0.6116 -0.7759
vn -0.1186 -0.5429 -0.8314
vn -0.0840 -0.6287 -0.7731
vn -0.1120 -0.6931 -0.7121
vn -0.4090 -0.5515 -0.7270
vn -0.3377 -0.4926 -0.8021
vn -0.2627 -0.5881 -0.7650
vn -0.3276 -0.6497 -0.6860
vn 0.4633 0.0158 0.8861
vn 0.3877 0.0788 0.9184
vn 0.3176 0.0263 0.9479
vn 0.3844 -0.0580 0.9213
vn 0.4824 0.1330 0.8658
vn 0.4069 0.1272 0.9046
vn 0.3344 0.1341 0.9329
vn 0.3981 0.1301 0.9081
vn 0.2086 0.0295 0.9776
vn 0.1645 0.0832 0.9829
vn 0.1187 0.0297 0.9925
vn 0.1589 -0.0445 0.9863
vn 0.2202 0.1359 0.9659
vn 0.1690 0.1301 0.9770
vn 0.1252 0.1378 0.9825
vn 0.1696 0.1336 0.9764
vn 0.7501 -0.4234 0.5080
vn 0.6963 -0.4317 0.5734
vn 0.6137 -0.5022 0.6092
vn 0.6646 -0.5158 0.5406
vn 0.8098 -0.0365 0.5855
vn 0.7312 0.0509 0.6803
vn 0.6468 -0.0063 0.7627
vn 0.7377 -0.1143 0.6654
vn 0.8070 0.1323 0.5755
vn 0.7493 0.1280 0.6498
vn 0.6601 0.1321 0.7395
vn 0.7335 0.1240 0.6683
vn 0.7957 0.3191 0.5148
vn 0.7284 0.4285 0.5347
vn 0.6776 0.3826 0.6281
vn 0.7307 0.2932 0.6165
vn 0.5823 0.4145 0.6994
vn 0.5402 0.5053 0.6730
vn 0.4722 0.4467 0.7599
vn 0.5161 0.3604 0.7770
vn 0.3214 0.4860 0.8127
vn 0.3111 0.5684 0.7617
vn 0.2492 0.4922 0.8341
vn 0.2583 0.4054 0.8769
vn 0.1436 0.4873 0.8613
vn 0.1206 0.5764 0.8082
vn 0.0525 0.4756 0.8781
vn 0.0740 0.3771 0.9232
vn 0.0542 0.1389 0.9888
vn 0.0282 0.1327 0.9908
vn 0.0085 0.1392 0.9902
vn 0.0286 0.1350 0.9904
vn 0.0512 0.0291 0.9983
vn 0.0276 0.0828 0.9962
vn 0.0076 0.0289 0.9996
vn 0.0263 -0.0451 0.9986
vn 0.0575 -0.6382 0.7677
vn 0.0301 -0.5623 0.8264
vn 0.0135 -0.6364 0.7712
vn 0.0380 -0.7136 0.6995
vn 0.2223 -0.6281 0.7457
vn 0.1680 -0.5596 0.8116
vn 0.1254 -0.6371 0.7605
vn 0.1723 -0.7103 0.6825
vn 0.4756 -0.5648 0.6744
vn 0.4137 -0.5272 0.7422
vn 0.3439 -0.6053 0.7178
vn 0.4000 -0.6557 0.6404
vn 0.0502 -0.3231 0.9450
vn 0.0262 -0.2287 0.9731
vn 0.0080 -0.3227 0.9465
vn 0.0273 -0.4101 0.9117
vn 0.7743 -0.3562 0.5230
vn 0.7235 -0.2999 0.6217
vn 0.6389 -0.3629 0.6783
vn 0.7058 -0.3982 0.5859
vn 0.2101 -0.3262 0.9217
vn 0.1582 -0.2303 0.9602
vn 0.1166 -0.3238 0.9389
vn 0.1627 -0.4106 0.8972
vn 0.4761 -0.3521 0.8058
vn 0.3921 -0.2545 0.8840
vn 0.3292 -0.3355 0.8826
vn 0.4069 -0.4158 0.8134
vn -0.0391 -0.2655 -0.9633
vn -0.0198 -0.1614 -0.9867
vn -0.0058 -0.2668 -0.9637
vn -0.0223 -0.3733 -0.9274
vn -0.8252 -0.1321 -0.5491
vn -0.7569 -0.0755 -0.6491
vn -0.6622 -0.1649 -0.7310
vn -0.7439 -0.2155 -0.6326
vn -0.1582 -0.2538 -0.9542
vn -0.1145 -0.1548 -0.9813
vn -0.0857 -0.2616 -0.9614
vn -0.1201 -0.3610 -0.9248
vn -0.4517 -0.2105 -0.8670
vn -0.3576 -0.1270 -0.9252
vn -0.2754 -0.2394 -0.9310
vn -0.3519 -0.3230 -0.8785
vn 0.9057 -0.3110 0.2879
vn 0.8998 -0.2816 0.3332
vn 0.8573 -0.3371 0.3892
vn 0.8732 -0.3506 0.3386
vn 0.9296 -0.0665 -0.3625
vn 0.9427 -0.0375 -0.3316
vn 0.9462 -0.0653 -0.3170
vn 0.9388 -0.0987 -0.3301
vn 0.9740 -0.2254 0.0229
vn 0.9757 -0.1971 0.0957
vn 0.9443 -0.2741 0.1823
vn 0.9453 -0.3032 0.1202
vn 0.9525 -0.0985 -0.2881
vn 0.9628 -0.0779 -0.2588
vn 0.9725 -0.1617 -0.1678
vn 0.9568 -0.1891 -0.2207
vn 0.7510 -0.1542 -0.6420
vn 0.8281 -0.0818 -0.5545
vn 0.8706 -0.0998 -0.4817
vn 0.8055 -0.1764 -0.5658
vn 0.0223 -0.2670 -0.9634
vn 0.0402 -0.1618 -0.9860
vn 0.0623 -0.2663 -0.9619
vn 0.0390 -0.3741 -0.9266
vn 0.3854 -0.2402 -0.8909
vn 0.4841 -0.1420 -0.8634
vn 0.5741 -0.2073 -0.7921
vn 0.4668 -0.3112 -0.8278
vn 0.1280 -0.2630 -0.9563
vn 0.1766 -0.1592 -0.9713
vn 0.2329 -0.2556 -0.9383
vn 0.1707 -0.3618 -0.9165
vn -0.9566 -0.1627 -0.2417
vn -0.9430 -0.0918 -0.3199
vn -0.9138 -0.1370 -0.3825
vn -0.9326 -0.2105 -0.2931
vn -0.8799 -0.2983 0.3699
vn -0.9282 -0.2199 0.3001
vn -0.9289 -0.2878 0.2329
vn -0.8892 -0.3552 0.2886
vn -0.9781 -0.2060 -0.0291
vn -0.9893 -0.1217 -0.0802
vn -0.9746 -0.1859 -0.1249
vn -0.9600 -0.2714 -0.0688
vn -0.9538 -0.2671 0.1376
vn -0.9808 -0.1736 0.0889
vn -0.9705 -0.2346 0.0562
vn -0.9406 -0.3233 0.1039
vn -0.6179 -0.3233 0.7167
vn -0.7119 -0.2435 0.6587
vn -0.7750 -0.3110 0.5501
vn -0.6887 -0.3798 0.6177
vn -0.0226 -0.3224 0.9463
vn -0.0416 -0.2281 0.9728
vn -0.0640 -0.3218 0.9446
vn -0.0404 -0.4091 0.9116
vn -0.3266 -0.3258 0.8872
vn -0.3900 -0.2420 0.8884
vn -0.4601 -0.3278 0.8252
vn -0.3902 -0.4026 0.8280
vn -0.1269 -0.3213 0.9384
vn -0.1667 -0.2289 0.9591
vn -0.2151 -0.3225 0.9218
vn -0.1684 -0.4066 0.8980
vn 0.0495 0.0761 0.9959
vn 0.0262 0.0604 0.9978
vn 0.0073 0.0757 0.9971
vn 0.0263 0.0963 0.9950
vn 0.2123 0.0786 0.9740
vn 0.1634 0.0667 0.9843
vn 0.1169 0.0770 0.9902
vn 0.1627 0.0953 0.9821
vn 0.4883 0.0863 0.8684
vn 0.4100 0.0785 0.9087
vn 0.3351 0.0818 0.9386
vn 0.4077 0.0971 0.9080
vn 0.8287 0.0878 0.5527
vn 0.7487 0.0823 0.6577
vn 0.6677 0.0878 0.7393
vn 0.7576 0.0996 0.6450
vn -0.0365 0.0245 -0.9990
vn -0.0177 0.0074 -0.9998
vn -0.0043 0.0248 -0.9997
vn -0.0205 0.0700 -0.9973
vn -0.1664 0.0237 -0.9858
vn -0.1184 0.0069 -0.9929
vn -0.0871 0.0241 -0.9959
vn -0.1303 0.0691 -0.9891
vn -0.4877 0.0332 -0.8724
vn -0.3834 0.0099 -0.9235
vn -0.2946 0.0252 -0.9553
vn -0.3908 0.0738 -0.9175
vn -0.8171 0.0610 -0.5733
vn -0.7664 0.0311 -0.6416
vn -0.6836 0.0474 -0.7283
vn -0.7479 0.0988 -0.6564
vn 0.9625 0.1105 0.2479
vn 0.9508 0.0936 0.2955
vn 0.9213 0.0955 0.3770
vn 0.9394 0.1154 0.3229
vn 0.9927 0.1179 0.0256
vn 0.9897 0.1161 0.0833
vn 0.9830 0.1210 0.1382
vn 0.9888 0.1266 0.0792
vn 0.9841 0.0741 -0.1614
vn 0.9904 0.0886 -0.1057
vn 0.9916 0.0993 -0.0825
vn 0.9848 0.0873 -0.1499
vn 0.9403 0.0502 -0.3365
vn 0.9622 0.0562 -0.2665
vn 0.9720 0.0559 -0.2284
vn 0.9570 0.0520 -0.2854
vn 0.7415 0.0362 -0.6700
vn 0.8219 0.0331 -0.5686
vn 0.8676 0.0469 -0.4951
vn 0.8032 0.0629 -0.5923
vn 0.3446 0.0212 -0.9385
vn 0.4430 0.0078 -0.8965
vn 0.5509 0.0249 -0.8342
vn 0.4518 0.0608 -0.8901
vn 0.1083 0.0238 -0.9938
vn 0.1438 0.0068 -0.9896
vn 0.1983 0.0224 -0.9799
vn 0.1579 0.0672 -0.9852
vn 0.0197 0.0248 -0.9995
vn 0.0337 0.0074 -0.9994
vn 0.0532 0.0245 -0.9983
vn 0.0364 0.0699 -0.9969
vn -0.9516 0.0858 -0.2952
vn -0.9364 0.0719 -0.3436
vn -0.8996 0.0736 -0.4304
vn -0.9198 0.1063 -0.3776
vn -0.9938 0.0951 -0.0575
vn -0.9891 0.1001 -0.1080
vn -0.9813 0.0932 -0.1683
vn -0.9885 0.0993 -0.1137
vn -0.9847 0.0888 0.1499
vn -0.9906 0.1006 0.0929
vn -0.9945 0.0946 0.0439
vn -0.9907 0.0943 0.0983
vn -0.9063 0.0531 0.4192
vn -0.9448 0.0607 0.3219
vn -0.9599 0.0726 0.2708
vn -0.9311 0.0796 0.3561
vn -0.6388 0.0567 0.7672
vn -0.7119 0.0360 0.7014
vn -0.7965 0.0473 0.6028
vn -0.7324 0.0813 0.6760
vn -0.3352 0.0710 0.9395
vn -0.3947 0.0514 0.9174
vn -0.4808 0.0667 0.8743
vn -0.4183 0.0955 0.9033
vn -0.1208 0.0737 0.9899
vn -0.1574 0.0568 0.9859
vn -0.2112 0.0725 0.9747
vn -0.1663 0.0946 0.9815
vn -0.0222 0.0754 0.9969
vn -0.0382 0.0591 0.9975
vn -0.0607 0.0748 0.9954
vn -0.0407 0.0960 0.9945
vn 0.0670 0.1141 0.9912
vn 0.0425 0.1801 0.9827
vn 0.0125 0.1100 0.9938
vn 0.0312 0.0704 0.9970
vn 0.2594 0.1336 0.9565
vn 0.2252 0.1963 0.9543
vn 0.1524 0.1226 0.9807
vn 0.1850 0.0861 0.9790
vn 0.5122 0.1465 0.8463
vn 0.4705 0.2055 0.8581
vn 0.3828 0.1425 0.9128
vn 0.4292 0.1059 0.8970
vn 0.7993 0.1318 0.5863
vn 0.7194 0.1865 0.6691
vn 0.6472 0.1436 0.7486
vn 0.7309 0.1056 0.6743
vn -0.0433 0.1447 -0.9885
vn -0.0268 0.2157 -0.9761
vn -0.0060 0.1437 -0.9896
vn -0.0200 0.0781 -0.9967
vn -0.1908 0.1482 -0.9704
vn -0.1553 0.2239 -0.9622
vn -0.1013 0.1465 -0.9840
vn -0.1296 0.0789 -0.9884
vn -0.5107 0.1344 -0.8492
vn -0.4283 0.2194 -0.8766
vn -0.3267 0.1465 -0.9337
vn -0.4010 0.0751 -0.9130
vn -0.8432 0.1180 -0.5245
vn -0.7774 0.1747 -0.6042
vn -0.7002 0.1164 -0.7044
vn -0.7781 0.0649 -0.6248
vn 0.9668 0.1166 0.2275
vn 0.9384 0.1504 0.3111
vn 0.9153 0.1186 0.3849
vn 0.9521 0.0969 0.2901
vn 0.9907 0.1292 0.0423
vn 0.9849 0.1522 0.0826
vn 0.9847 0.1237 0.1230
vn 0.9900 0.1149 0.0816
vn 0.9856 0.1189 -0.1204
vn 0.9856 0.1496 -0.0787
vn 0.9913 0.1263 -0.0372
vn 0.9911 0.1045 -0.0822
vn 0.9444 0.1033 -0.3120
vn 0.9559 0.1385 -0.2591
vn 0.9717 0.1118 -0.2080
vn 0.9628 0.0839 -0.2570
vn 0.7729 0.1017 -0.6264
vn 0.8377 0.1436 -0.5269
vn 0.8876 0.0952 -0.4506
vn 0.8368 0.0603 -0.5442
vn 0.3786 0.1420 -0.9146
vn 0.4917 0.2094 -0.8452
vn 0.5843 0.1245 -0.8019
vn 0.4639 0.0715 -0.8830
vn 0.1244 0.1468 -0.9813
vn 0.1840 0.2245 -0.9569
vn 0.2249 0.1470 -0.9632
vn 0.1567 0.0786 -0.9845
vn 0.0224 0.1441 -0.9893
vn 0.0445 0.2173 -0.9751
vn 0.0613 0.1455 -0.9875
vn 0.0365 0.0783 -0.9963
vn -0.9519 0.1633 -0.2592
vn -0.9314 0.1933 -0.3086
vn -0.9186 0.1418 -0.3688
vn -0.9416 0.1164 -0.3161
vn -0.9825 0.1783 -0.0540
vn -0.9712 0.2105 -0.1114
vn -0.9715 0.1735 -0.1615
vn -0.9837 0.1445 -0.1068
vn -0.9745 0.1754 0.1400
vn -0.9717 0.2134 0.1011
vn -0.9824 0.1798 0.0513
vn -0.9848 0.1465 0.0938
vn -0.9156 0.1473 0.3740
vn -0.9326 0.2036 0.2980
vn -0.9587 0.1638 0.2327
vn -0.9481 0.1129 0.2973
vn -0.6392 0.1192 0.7597
vn -0.7370 0.1935 0.6476
vn -0.8061 0.1312 0.5770
vn -0.7149 0.0723 0.6955
vn -0.3372 0.1122 0.9347
vn -0.4310 0.1887 0.8824
vn -0.4799 0.1136 0.8699
vn -0.3920 0.0656 0.9176
vn -0.1207 0.1103 0.9865
vn -0.1746 0.1843 0.9672
vn -0.2126 0.1113 0.9708
vn -0.1559 0.0672 0.9855
vn -0.0211 0.1090 0.9938
vn -0.0420 0.1775 0.9832
vn -0.0603 0.1093 0.9922
vn -0.0375 0.0681 0.9970
vn -0.6556 -0.7548 -0.0212
vn -0.3088 -0.9489 0.0654
vn 0.0999 -0.9922 0.0746
vn 0.7191 -0.6946 0.0171
vn 0.2724 -0.9622 0.0033
vn 0.8341 -0.5510 0.0245
vn -0.5865 -0.8095 0.0287
vn -0.1150 -0.9933 0.0121
vn -0.3045 -0.9499 -0.0710
vn 0.1420 -0.9883 -0.0550
vn -0.8476 -0.5274 -0.0586
vn 0.9124 -0.0900 0.3994
vn -0.9881 0.1521 0.0240
vn -0.0073 -0.0474 0.9988
vn 0.9760 -0.2160 0.0289
vn 0.0428 -0.1360 -0.9898
vn -0.9988 -0.0376 -0.0301
vn -0.9994 -0.0217 -0.0273
vn 0.9219 -0.1675 0.3494
vn 0.9799 -0.1903 0.0607
vn -0.1613 -0.1853 -0.9693
vn -0.9946 0.1039 -0.0054
vn -0.9264 -0.0048 0.3766
vn -0.0965 -0.9896 0.1069
vn 0.9922 -0.1241 -0.0117
vn 0.9073 -0.1826 -0.3787
vn -0.9156 0.3794 -0.1336
vn -0.8995 -0.0758 -0.4303
vn 0.9995 -0.0192 0.0263
vn -0.4158 0.2669 -0.8694
vn -0.9980 0.0406 -0.0485
vn 0.7572 0.3031 -0.5786
vn 0.5247 0.1845 0.8311
vn -0.4426 0.3340 0.8322
vn 0.3327 -0.7577 0.5614
vn 0.5560 -0.8089 0.1914
vn -0.2433 -0.6799 0.6917
vn 0.8896 -0.4557 -0.0319
vn 0.6792 -0.6470 0.3466
vn -0.2134 -0.8801 0.4241
vn 0.2123 -0.7672 0.6052
vn 0.0621 -0.0279 0.9977
vn 0.9757 -0.2187 0.0121
vn 0.9169 -0.1212 -0.3803
vn 0.1236 0.8979 -0.4224
vn -0.9326 -0.1059 0.3451
vn -0.9149 -0.1101 -0.3884
vn -0.2341 0.4112 -0.8810
vn -0.9995 0.0192 -0.0261
vn 0.9972 0.0730 0.0142
vn -0.2467 0.6578 0.7117
vn 0.4924 0.5922 0.6379
vn 0.4291 0.3472 -0.8338
vn -0.2398 -0.4495 -0.8605
vn 0.1548 -0.4663 -0.8710
vn -0.2092 -0.4247 -0.8808
vn 0.2003 -0.4309 -0.8799
vn 0.6088 0.0957 -0.7875
vn -0.6202 0.0551 -0.7825
vn 0.5207 0.0328 -0.8531
vn -0.7245 0.0600 -0.6867
vn -0.1676 0.0499 -0.9846
vn -0.3715 0.4865 -0.7907
vn -0.0843 0.5025 -0.8605
vn 0.0493 0.1043 -0.9933
vn -0.0653 0.5476 -0.8342
vn 0.2207 0.5412 -0.8114
vn -0.7950 -0.4305 -0.4273
vn -0.1132 -0.9925 0.0463
vn -0.7979 -0.4338 -0.4186
vn 0.1782 -0.9808 0.0788
vn -0.2278 0.8709 -0.4355
vn -0.8974 0.4412 -0.0027
vn 0.9003 -0.4353 0.0031
vn 0.8087 -0.4496 -0.3793
vn 0.8572 0.5139 -0.0332
vn 0.7031 0.5342 -0.4694
vn 0.3775 -0.8899 0.2562
vn -0.2198 -0.9649 0.1438
vn -0.3733 -0.9170 0.1403
vn 0.2514 -0.9337 0.2551
vn 0.7672 -0.4192 0.4855
vn -0.9808 0.0505 0.1885
vn -0.9797 0.1663 0.1116
vn 0.5606 0.5033 0.6576
vn 0.9261 -0.0099 0.3771
vn 0.0896 0.9420 0.3233
vn -0.2755 0.9206 0.2768
vn 0.9189 0.0161 0.3942
vn -0.1589 0.9489 0.2725
vn 0.3355 0.8913 0.3051
vn -0.0829 0.9947 -0.0602
vn 0.7832 0.6190 -0.0590
vn 0.1099 0.9935 0.0311
vn 0.8937 0.4418 0.0776
vn -0.7879 -0.6151 0.0292
vn -0.9247 0.3771 0.0530
vn 0.8760 -0.3907 0.2829
vn -0.9289 0.3691 -0.0302
vn 0.0848 -0.9917 0.0972
vn 0.9262 -0.3552 -0.1264
vn 0.0172 -0.3726 0.9278
vn -0.0978 -0.3975 0.9124
vn -0.1913 -0.5351 0.8229
vn -0.0503 -0.4829 0.8742
vn -0.0465 -0.0411 0.9981
vn -0.4060 0.0655 0.9115
vn -0.4493 -0.0722 0.8905
vn -0.0646 0.1152 0.9912
vn 0.1912 0.0858 0.9778
vn -0.0582 0.5273 0.8477
vn -0.0792 0.5011 0.8617
vn 0.2250 0.0042 0.9744
vn 0.0161 0.4045 0.9144
vn 0.0575 0.4286 0.9017
vn 0.0098 -0.8078 0.5894
vn -0.6336 -0.5579 0.5361
vn 0.4594 0.5690 0.6820
vn 0.7269 -0.4418 0.5257
vn -0.7218 0.5034 0.4749
vn -0.6858 0.5448 0.4826
vn 0.0956 0.7639 0.6382
vn -0.1300 -0.8441 0.5202
vn -0.6721 -0.6073 0.4236
vn -0.0611 0.7732 0.6312
vn -0.0682 0.9976 0.0096
vn 0.6049 0.7927 0.0757
vn -0.8008 -0.5911 0.0965
vn -0.9545 0.2979 0.0102
vn 0.0862 -0.9962 -0.0100
vn 0.9240 -0.3223 0.2057
vn 0.4203 -0.9073 -0.0144
vn 0.9990 0.0163 -0.0423
vn -0.1663 -0.9852 0.0426
vn -0.4110 0.9021 -0.1316
vn 0.1224 0.9777 -0.1706
vn -0.9763 -0.2137 0.0340
vn -0.8248 -0.5637 0.0439
vn -0.0977 -0.9952 0.0011
vn 0.1237 0.9814 0.1470
vn 0.8007 0.5498 0.2378
vn 0.9018 -0.4315 0.0232
vn -0.9225 0.3861 -0.0039
vn -0.1837 0.9764 -0.1133
vn 0.9835 -0.1262 0.1296
vn -0.9917 0.1166 -0.0535
vn 0.2551 -0.9622 0.0959
vn -0.4025 -0.9140 0.0502
vn 0.3596 0.9319 -0.0472
vn -0.8272 -0.5484 0.1223
vn 0.1045 -0.9051 -0.4123
vn -0.1379 0.9896 0.0413
vn -0.8241 0.4615 -0.3284
vn 0.9144 -0.4021 0.0459
vn 0.6246 0.5505 -0.5540
vn -0.9799 0.1923 -0.0538
vn 0.0953 0.9885 -0.1173
vn 0.4829 -0.8718 -0.0824
vn 0.9804 -0.1547 -0.1224
vn -0.1770 -0.9835 -0.0368
vn -0.4306 0.8965 -0.1045
vn -0.7650 0.5112 -0.3918
vn 0.1496 0.8488 -0.5072
vn -0.8548 -0.5160 0.0561
vn -0.0719 -0.9072 -0.4145
vn 0.7828 -0.4542 -0.4252
vn 0.8882 0.4231 -0.1793
vn 0.9762 -0.1535 -0.1534
vn -0.9792 0.1720 -0.1073
vn 0.3526 0.9171 -0.1861
vn 0.2622 -0.9598 -0.1004
vn -0.1587 0.9714 -0.1766
vn -0.4208 -0.9053 -0.0587
vn -0.1252 -0.0449 0.9911
vn -0.1247 0.0829 0.9887
vn -0.2086 0.0820 0.9746
vn -0.2091 -0.0489 0.9767
vn -0.1268 0.1354 0.9826
vn -0.1284 0.1326 0.9828
vn -0.2210 0.1351 0.9659
vn -0.2145 0.1380 0.9669
vn -0.3223 -0.0572 0.9449
vn -0.3263 0.0812 0.9418
vn -0.4815 0.0828 0.8725
vn -0.4685 -0.0660 0.8810
vn -0.3393 0.1446 0.9295
vn -0.3512 0.1416 0.9255
vn -0.5126 0.1503 0.8454
vn -0.5010 0.1556 0.8513
vn -0.0160 -0.7091 0.7049
vn -0.0203 -0.5606 0.8278
vn -0.0616 -0.5593 0.8267
vn -0.0582 -0.7067 0.7051
vn -0.0239 -0.0449 0.9987
vn -0.0243 0.0828 0.9963
vn -0.0656 0.0829 0.9944
vn -0.0651 -0.0444 0.9969
vn -0.0244 0.1350 0.9905
vn -0.0240 0.1328 0.9909
vn -0.0658 0.1324 0.9890
vn -0.0663 0.1350 0.9886
vn -0.0274 0.3672 0.9297
vn -0.0386 0.5696 0.8210
vn -0.1307 0.5751 0.8076
vn -0.0895 0.3725 0.9237
vn -0.1647 0.3830 0.9089
vn -0.2106 0.5817 0.7857
vn -0.3083 0.5801 0.7539
vn -0.2715 0.3909 0.8795
vn -0.4088 0.3891 0.8255
vn -0.4323 0.5611 0.7059
vn -0.5655 0.5220 0.6385
vn -0.5524 0.3749 0.7445
vn -0.6866 0.3521 0.6361
vn -0.6862 0.4703 0.5550
vn -0.7721 0.4210 0.4761
vn -0.7960 0.3269 0.5094
vn -0.6768 0.1668 0.7170
vn -0.6788 0.1548 0.7178
vn -0.8088 0.1502 0.5686
vn -0.8162 0.1688 0.5526
vn -0.6448 -0.0697 0.7611
vn -0.6627 0.0883 0.7436
vn -0.8185 0.0902 0.5674
vn -0.8134 -0.0654 0.5780
vn -0.5667 -0.6019 0.5626
vn -0.5903 -0.4929 0.6392
vn -0.7352 -0.4595 0.4984
vn -0.6992 -0.5447 0.4631
vn -0.3209 -0.6704 0.6691
vn -0.3273 -0.5366 0.7778
vn -0.4505 -0.5194 0.7262
vn -0.4401 -0.6414 0.6284
vn -0.1207 -0.7021 0.7017
vn -0.1250 -0.5560 0.8217
vn -0.2157 -0.5487 0.8077
vn -0.2098 -0.6910 0.6917
vn -0.9919 -0.0349 0.1223
vn -0.9898 0.0716 0.1234
vn -0.9968 0.0726 0.0334
vn -0.9992 -0.0178 0.0363
vn -0.9838 0.1143 0.1380
vn -0.9813 0.1130 0.1557
vn -0.9931 0.1091 0.0427
vn -0.9934 0.1088 0.0373
vn -0.9991 -0.0035 -0.0429
vn -0.9957 0.0799 -0.0473
vn -0.9856 0.0935 -0.1408
vn -0.9907 0.0057 -0.1357
vn -0.9919 0.1154 -0.0522
vn -0.9917 0.1147 -0.0576
vn -0.9763 0.1316 -0.1719
vn -0.9786 0.1353 -0.1548
vn -0.7944 -0.5185 0.3163
vn -0.8293 -0.4453 0.3375
vn -0.8657 -0.4474 0.2244
vn -0.8197 -0.5292 0.2192
vn -0.9210 -0.0575 0.3853
vn -0.9198 0.0894 0.3820
vn -0.9679 0.0780 0.2389
vn -0.9710 -0.0486 0.2339
vn -0.9026 0.1549 0.4015
vn -0.8926 0.1387 0.4289
vn -0.9487 0.1247 0.2906
vn -0.9558 0.1322 0.2627
vn -0.8745 0.3080 0.3746
vn -0.8404 0.3937 0.3725
vn -0.8792 0.3905 0.2729
vn -0.9205 0.2969 0.2540
vn -0.9443 0.2905 0.1545
vn -0.9078 0.3852 0.1657
vn -0.9218 0.3835 0.0571
vn -0.9557 0.2888 0.0572
vn -0.9564 0.2863 -0.0578
vn -0.9226 0.3805 -0.0639
vn -0.9115 0.3691 -0.1814
vn -0.9444 0.2792 -0.1734
vn -0.9246 0.2706 -0.2680
vn -0.8930 0.3538 -0.2781
vn -0.8662 0.3442 -0.3622
vn -0.8935 0.2668 -0.3612
vn -0.9436 0.1694 -0.2844
vn -0.9370 0.1598 -0.3105
vn -0.8712 0.1883 -0.4535
vn -0.8758 0.2081 -0.4355
vn -0.9660 0.0121 -0.2581
vn -0.9578 0.1136 -0.2639
vn -0.8973 0.1396 -0.4188
vn -0.9124 0.0229 -0.4086
vn -0.8606 -0.4858 -0.1529
vn -0.9141 -0.3590 -0.1887
vn -0.8933 -0.3154 -0.3201
vn -0.8579 -0.4388 -0.2673
vn -0.8475 -0.5307 -0.0065
vn -0.9087 -0.4174 -0.0119
vn -0.9127 -0.3969 -0.0973
vn -0.8522 -0.5168 -0.0818
vn -0.8324 -0.5334 0.1502
vn -0.8836 -0.4438 0.1494
vn -0.8987 -0.4320 0.0750
vn -0.8416 -0.5345 0.0773
vn 0.1307 0.0210 -0.9912
vn 0.1336 0.1599 -0.9781
vn 0.2412 0.1577 -0.9576
vn 0.2369 0.0207 -0.9713
vn 0.1368 0.2175 -0.9664
vn 0.1323 0.1785 -0.9750
vn 0.2382 0.1741 -0.9555
vn 0.2456 0.2135 -0.9456
vn 0.3921 0.0188 -0.9197
vn 0.3939 0.1501 -0.9068
vn 0.5797 0.1299 -0.8044
vn 0.5874 0.0123 -0.8092
vn 0.3959 0.2029 -0.8956
vn 0.3868 0.1649 -0.9073
vn 0.5616 0.1492 -0.8139
vn 0.5703 0.1805 -0.8014
vn 0.0210 -0.7220 -0.6915
vn 0.0206 -0.5672 -0.8233
vn 0.0550 -0.5644 -0.8237
vn 0.0492 -0.7199 -0.6923
vn 0.0229 0.0210 -0.9995
vn 0.0231 0.1603 -0.9868
vn 0.0648 0.1603 -0.9849
vn 0.0635 0.0210 -0.9978
vn 0.0232 0.2189 -0.9755
vn 0.0226 0.1806 -0.9833
vn 0.0642 0.1801 -0.9815
vn 0.0663 0.2186 -0.9736
vn 0.0382 0.3596 -0.9323
vn 0.0648 0.5382 -0.8403
vn 0.1448 0.5475 -0.8242
vn 0.0954 0.3694 -0.9244
vn 0.1721 0.3806 -0.9086
vn 0.2247 0.5554 -0.8007
vn 0.3299 0.5522 -0.7657
vn 0.2844 0.3865 -0.8773
vn 0.4326 0.3782 -0.8184
vn 0.4610 0.5297 -0.7120
vn 0.6041 0.4815 -0.6350
vn 0.6010 0.3450 -0.7209
vn 0.7591 0.2881 -0.5837
vn 0.7387 0.4091 -0.5358
vn 0.8379 0.3320 -0.4332
vn 0.8688 0.2347 -0.4360
vn 0.7355 0.1428 -0.6623
vn 0.7255 0.1262 -0.6765
vn 0.8550 0.0945 -0.5099
vn 0.8629 0.0955 -0.4963
vn 0.7671 0.0005 -0.6416
vn 0.7543 0.0935 -0.6498
vn 0.8759 0.0527 -0.4797
vn 0.8823 -0.0100 -0.4705
vn 0.6355 -0.5099 -0.5798
vn 0.6895 -0.3500 -0.6341
vn 0.8306 -0.2511 -0.4970
vn 0.7843 -0.3908 -0.4818
vn 0.3230 -0.6603 -0.6779
vn 0.3520 -0.4992 -0.7917
vn 0.5199 -0.4392 -0.7326
vn 0.4777 -0.6002 -0.6415
vn 0.0974 -0.7124 -0.6950
vn 0.1113 -0.5548 -0.8245
vn 0.2088 -0.5350 -0.8186
vn 0.1879 -0.6954 -0.6936
vn 0.9502 -0.0057 -0.3117
vn 0.9514 0.0420 -0.3051
vn 0.9748 0.0497 -0.2173
vn 0.9767 -0.0206 -0.2135
vn 0.9573 0.0736 -0.2797
vn 0.9686 0.0786 -0.2359
vn 0.9824 0.1041 -0.1552
vn 0.9760 0.0928 -0.1970
vn 0.9979 -0.0610 -0.0230
vn 0.9984 0.0398 -0.0411
vn 0.9910 0.0227 0.1321
vn 0.9835 -0.1049 0.1477
vn 0.9941 0.1024 -0.0362
vn 0.9923 0.1231 -0.0126
vn 0.9812 0.1332 0.1398
vn 0.9857 0.1059 0.1311
vn 0.8824 -0.3318 -0.3335
vn 0.9112 -0.2006 -0.3599
vn 0.9326 -0.2243 -0.2827
vn 0.8949 -0.3704 -0.2489
vn 0.9357 -0.0125 -0.3527
vn 0.9354 0.0275 -0.3525
vn 0.9492 0.0276 -0.3136
vn 0.9472 -0.0080 -0.3207
vn 0.9329 0.0595 -0.3553
vn 0.9327 0.0648 -0.3548
vn 0.9601 0.0595 -0.2731
vn 0.9529 0.0550 -0.2983
vn 0.9247 0.2141 -0.3147
vn 0.9002 0.2965 -0.3188
vn 0.9207 0.3103 -0.2368
vn 0.9503 0.2172 -0.2232
vn 0.9654 0.2247 -0.1325
vn 0.9343 0.3254 -0.1453
vn 0.9407 0.3363 -0.0455
vn 0.9722 0.2307 -0.0398
vn 0.9708 0.2353 0.0466
vn 0.9372 0.3446 0.0534
vn 0.9214 0.3557 0.1562
vn 0.9607 0.2416 0.1371
vn 0.9324 0.2519 0.2592
vn 0.8888 0.3655 0.2765
vn 0.8597 0.3492 0.3729
vn 0.8707 0.2677 0.4127
vn 0.9537 0.1101 0.2800
vn 0.9504 0.1364 0.2796
vn 0.8999 0.1339 0.4151
vn 0.8967 0.1164 0.4270
vn 0.9520 -0.1368 0.2739
vn 0.9613 0.0132 0.2753
vn 0.9062 0.0196 0.4223
vn 0.9030 -0.1460 0.4040
vn 0.8524 -0.4536 0.2600
vn 0.8798 -0.3799 0.2858
vn 0.8445 -0.3712 0.3860
vn 0.8320 -0.4229 0.3591
vn 0.8570 -0.5119 0.0589
vn 0.9156 -0.3983 0.0555
vn 0.8967 -0.3990 0.1916
vn 0.8541 -0.4913 0.1706
vn 0.8851 -0.4302 -0.1777
vn 0.9306 -0.2897 -0.2237
vn 0.9271 -0.3586 -0.1093
vn 0.8690 -0.4892 -0.0741
vn 0.2063 -0.9078 0.3652
vn -0.9986 -0.0398 0.0334
vn 0.4830 -0.8751 0.0298
vn 0.3037 -0.9248 0.2292
vn 0.1660 -0.9213 -0.3516
vn 0.1419 -0.9649 -0.2209
vn 0.2264 -0.9520 -0.2060
vn 0.3237 -0.9364 -0.1357
vn 0.3408 -0.9208 0.1898
vn 0.3617 -0.9310 0.0496
vn 0.4749 -0.8781 0.0585
vn 0.4616 -0.8700 0.1733
vn 0.3532 -0.9332 -0.0666
vn 0.3297 -0.9259 -0.1844
vn 0.4665 -0.8687 -0.1664
vn 0.4740 -0.8791 -0.0498
vn 0.0347 -0.8488 0.5276
vn 0.0576 -0.9336 0.3538
vn 0.1035 -0.9336 0.3430
vn 0.0805 -0.8527 0.5161
vn 0.0064 -0.9719 0.2354
vn -0.2052 -0.9780 0.0362
vn -0.4285 0.8082 -0.4040
vn 0.0518 -0.9326 0.3571
vn -0.0128 -0.9916 -0.1290
vn 0.0560 -0.9746 -0.2167
vn 0.0867 -0.9714 -0.2210
vn -0.0258 -0.9474 -0.3191
vn 0.0432 -0.9299 -0.3652
vn 0.0277 -0.8474 -0.5303
vn 0.0532 -0.8478 -0.5277
vn 0.0717 -0.9304 -0.3593
vn 0.1205 -0.9280 -0.3525
vn 0.0998 -0.8449 -0.5255
vn 0.1846 -0.8340 -0.5200
vn 0.2005 -0.9182 -0.3417
vn 0.3130 -0.8914 -0.3277
vn 0.3089 -0.8046 -0.5072
vn 0.4547 -0.7487 -0.4824
vn 0.4564 -0.8347 -0.3081
vn 0.6259 -0.7292 -0.2766
vn 0.6102 -0.6601 -0.4382
vn 0.7674 -0.5260 -0.3666
vn 0.7930 -0.5580 -0.2445
vn 0.6343 -0.7717 -0.0451
vn 0.6360 -0.7568 -0.1510
vn 0.7898 -0.5949 -0.1493
vn 0.7756 -0.6292 -0.0509
vn 0.6188 -0.7695 0.1577
vn 0.6285 -0.7758 0.0562
vn 0.7666 -0.6398 0.0553
vn 0.7656 -0.6248 0.1533
vn 0.5774 -0.6901 0.4363
vn 0.5992 -0.7509 0.2777
vn 0.7590 -0.6005 0.2517
vn 0.7268 -0.5741 0.3772
vn 0.3237 -0.8128 0.4843
vn 0.3188 -0.8931 0.3174
vn 0.4423 -0.8441 0.3032
vn 0.4420 -0.7649 0.4686
vn 0.1408 -0.8517 0.5048
vn 0.1563 -0.9300 0.3327
vn 0.2253 -0.9185 0.3250
vn 0.2217 -0.8403 0.4946
vn 0.2435 0.9333 -0.2638
vn 0.2396 0.9664 -0.0926
vn 0.3257 0.9414 -0.0881
vn 0.3239 0.9094 -0.2610
vn 0.2381 0.9665 0.0962
vn 0.2394 0.9335 0.2670
vn 0.3201 0.9094 0.2656
vn 0.3243 0.9414 0.0930
vn 0.4471 0.8590 -0.2493
vn 0.4476 0.8906 -0.0808
vn 0.6004 0.7964 -0.0724
vn 0.5997 0.7669 -0.2287
vn 0.4464 0.8905 0.0877
vn 0.4438 0.8587 0.2562
vn 0.5964 0.7664 0.2385
vn 0.5992 0.7964 0.0817
vn 0.0948 0.7546 -0.6493
vn 0.1046 0.9005 -0.4220
vn 0.2037 0.8835 -0.4217
vn 0.1939 0.7484 -0.6343
vn 0.0947 0.9632 -0.2516
vn 0.0828 0.9926 -0.0888
vn 0.1731 0.9806 -0.0920
vn 0.1869 0.9478 -0.2582
vn 0.0814 0.9926 0.0900
vn 0.0908 0.9634 0.2523
vn 0.1829 0.9480 0.2604
vn 0.1716 0.9806 0.0945
vn 0.1010 0.9053 0.4126
vn 0.0943 0.7867 0.6101
vn 0.2053 0.7729 0.6005
vn 0.1986 0.8871 0.4166
vn 0.2549 0.8687 0.4247
vn 0.2629 0.7647 0.5883
vn 0.3647 0.7267 0.5821
vn 0.3335 0.8392 0.4296
vn 0.4533 0.7855 0.4213
vn 0.4704 0.6731 0.5706
vn 0.5991 0.6010 0.5291
vn 0.5959 0.6993 0.3948
vn 0.7329 0.5836 0.3497
vn 0.7122 0.5219 0.4695
vn 0.7892 0.4613 0.4055
vn 0.8285 0.4703 0.3040
vn 0.7575 0.6487 0.0735
vn 0.7489 0.6282 0.2109
vn 0.8576 0.4814 0.1810
vn 0.8733 0.4831 0.0633
vn 0.7566 0.6232 -0.1977
vn 0.7599 0.6470 -0.0623
vn 0.8774 0.4768 -0.0526
vn 0.8723 0.4598 -0.1660
vn 0.7344 0.5076 -0.4505
vn 0.7463 0.5772 -0.3314
vn 0.8585 0.4349 -0.2717
vn 0.8356 0.4074 -0.3684
vn 0.4686 0.6709 -0.5747
vn 0.4566 0.7862 -0.4164
vn 0.5998 0.7015 -0.3849
vn 0.6024 0.6019 -0.5242
vn 0.2635 0.7380 -0.6213
vn 0.2596 0.8660 -0.4273
vn 0.3378 0.8379 -0.4287
vn 0.3515 0.7146 -0.6048
vn -0.5401 0.8044 -0.2474
vn -0.5409 0.8368 -0.0846
vn -0.3878 0.9176 -0.0875
vn -0.3895 0.8843 -0.2576
vn -0.5423 0.8367 0.0760
vn -0.5447 0.8038 0.2390
vn -0.3964 0.8836 0.2494
vn -0.3893 0.9175 0.0813
vn -0.2840 0.9227 -0.2605
vn -0.2843 0.9545 -0.0895
vn -0.2084 0.9738 -0.0909
vn -0.2103 0.9424 -0.2600
vn -0.2857 0.9545 0.0849
vn -0.2919 0.9278 0.2322
vn -0.2163 0.9438 0.2498
vn -0.2098 0.9738 0.0875
vn -0.7915 0.4505 -0.4129
vn -0.8238 0.4745 -0.3102
vn -0.6970 0.6159 -0.3672
vn -0.6754 0.5434 -0.4986
vn -0.8427 0.5007 -0.1977
vn -0.8519 0.5187 -0.0714
vn -0.7181 0.6915 -0.0789
vn -0.7121 0.6653 -0.2243
vn -0.8514 0.5211 0.0599
vn -0.8384 0.5127 0.1853
vn -0.7128 0.6680 0.2140
vn -0.7187 0.6920 0.0678
vn -0.8112 0.4984 0.3060
vn -0.7772 0.4791 0.4080
vn -0.6849 0.5541 0.4732
vn -0.6985 0.6205 0.3564
vn -0.5496 0.7335 0.3998
vn -0.5585 0.6344 0.5343
vn -0.4404 0.6900 0.5744
vn -0.4346 0.8019 0.4100
vn -0.2693 0.8596 0.4343
vn -0.3209 0.7293 0.6043
vn -0.2407 0.7464 0.6205
vn -0.2373 0.8857 0.3991
vn -0.1632 0.9024 0.3989
vn -0.1674 0.7664 0.6202
vn -0.0407 0.7821 0.6218
vn -0.0337 0.9161 0.3994
vn -0.1360 0.9868 0.0877
vn -0.1463 0.9566 0.2521
vn -0.0404 0.9676 0.2491
vn -0.0356 0.9955 0.0874
vn -0.1423 0.9564 -0.2551
vn -0.1346 0.9868 -0.0900
vn -0.0342 0.9955 -0.0881
vn -0.0365 0.9674 -0.2505
vn -0.1519 0.7481 -0.6460
vn -0.1566 0.8904 -0.4274
vn -0.0425 0.9045 -0.4244
vn -0.0410 0.7552 -0.6542
vn -0.3023 0.7195 -0.6253
vn -0.2945 0.8501 -0.4365
vn -0.2217 0.8736 -0.4333
vn -0.2223 0.7381 -0.6371
vn -0.5395 0.6249 -0.5642
vn -0.5399 0.7336 -0.4128
vn -0.3999 0.8081 -0.4326
vn -0.4104 0.6835 -0.6036
vn -0.4868 -0.8538 0.1845
vn -0.4977 -0.8655 0.0568
vn -0.5728 -0.8184 0.0457
vn -0.3861 -0.8922 0.2342
vn -0.4914 -0.8694 -0.0517
vn -0.4699 -0.8667 -0.1673
vn -0.3149 -0.9261 -0.2077
vn -0.3972 -0.9105 -0.1146
vn -0.2398 -0.8944 0.3775
vn -0.0979 -0.9951 -0.0140
vn 0.1502 -0.9866 0.0635
vn -0.0324 -0.9221 0.3857
vn -0.2579 -0.9142 -0.3127
vn -0.1784 -0.9564 -0.2311
vn -0.0782 -0.9687 -0.2354
vn -0.0115 -0.9327 -0.3605
vn -0.6968 -0.6265 0.3493
vn -0.7368 -0.6343 0.2342
vn -0.6061 -0.7455 0.2774
vn -0.5713 -0.7025 0.4244
vn -0.7548 -0.6385 0.1505
vn -0.7597 -0.6463 0.0714
vn -0.6413 -0.7646 0.0639
vn -0.6341 -0.7562 0.1615
vn -0.7601 -0.6497 -0.0117
vn -0.7590 -0.6451 -0.0879
vn -0.6258 -0.7704 -0.1216
vn -0.6372 -0.7702 -0.0277
vn -0.7542 -0.6345 -0.1689
vn -0.7317 -0.6099 -0.3044
vn -0.5723 -0.7106 -0.4093
vn -0.6036 -0.7606 -0.2389
vn -0.4408 -0.8417 -0.3119
vn -0.4117 -0.7678 -0.4909
vn -0.2681 -0.7982 -0.5395
vn -0.2891 -0.8859 -0.3628
vn -0.1630 -0.9074 -0.3873
vn -0.1528 -0.8150 -0.5589
vn -0.0740 -0.8267 -0.5578
vn -0.0733 -0.9177 -0.3905
vn -0.0149 -0.9236 -0.3830
vn -0.0236 -0.8365 -0.5474
vn 0.0079 -0.8437 -0.5367
vn 0.0207 -0.9276 -0.3731
vn 0.0723 -0.9881 -0.1356
vn -0.0120 -0.9735 -0.2285
vn 0.0302 -0.9752 -0.2194
vn 0.0331 -0.9964 -0.0783
vn 0.0213 -0.9716 0.2356
vn 0.2506 -0.9660 0.0643
vn 0.0123 -0.9981 0.0596
vn 0.0015 -0.9793 0.2023
vn -0.0534 -0.8420 0.5368
vn -0.0510 -0.9323 0.3581
vn 0.0046 -0.9329 0.3602
vn -0.0064 -0.8447 0.5352
vn -0.2018 -0.8247 0.5283
vn -0.1943 -0.9130 0.3588
vn -0.1071 -0.9278 0.3574
vn -0.1150 -0.8372 0.5347
vn -0.4388 -0.7595 0.4802
vn -0.4565 -0.8298 0.3210
vn -0.3151 -0.8826 0.3489
vn -0.3135 -0.7995 0.5123
vn -0.4492 0.0712 -0.8906
vn -0.4385 0.2031 -0.8755
vn -0.2780 0.1925 -0.9411
vn -0.2716 0.0557 -0.9608
vn -0.4503 0.2446 -0.8587
vn -0.4774 0.1932 -0.8572
vn -0.3156 0.1861 -0.9305
vn -0.2987 0.2362 -0.9247
vn -0.1529 0.0390 -0.9875
vn -0.1627 0.1782 -0.9705
vn -0.0867 0.1678 -0.9820
vn -0.0801 0.0281 -0.9964
vn -0.1813 0.2281 -0.9566
vn -0.1908 0.1826 -0.9645
vn -0.1032 0.1812 -0.9780
vn -0.0984 0.2226 -0.9699
vn -0.7468 -0.4793 -0.4610
vn -0.7963 -0.3268 -0.5090
vn -0.6120 -0.4037 -0.6801
vn -0.5714 -0.5739 -0.5865
vn -0.8149 0.0458 -0.5778
vn -0.7871 0.1704 -0.5928
vn -0.6244 0.1965 -0.7560
vn -0.6543 0.0691 -0.7530
vn -0.7674 0.2362 -0.5960
vn -0.7790 0.2030 -0.5932
vn -0.6463 0.2018 -0.7359
vn -0.6183 0.2471 -0.7461
vn -0.8198 0.2839 -0.4973
vn -0.7869 0.3784 -0.4874
vn -0.6713 0.4444 -0.5932
vn -0.6861 0.3256 -0.6506
vn -0.5294 0.3635 -0.7666
vn -0.5367 0.4986 -0.6806
vn -0.4038 0.5333 -0.7434
vn -0.3792 0.3824 -0.8426
vn -0.2453 0.3836 -0.8903
vn -0.2828 0.5486 -0.7868
vn -0.1882 0.5486 -0.8146
vn -0.1439 0.3748 -0.9159
vn -0.0721 0.3640 -0.9286
vn -0.1125 0.5414 -0.8332
vn -0.0268 0.5358 -0.8439
vn -0.0142 0.3574 -0.9339
vn -0.0433 0.2200 -0.9745
vn -0.0448 0.1808 -0.9825
vn -0.0069 0.1807 -0.9835
vn -0.0065 0.2191 -0.9757
vn -0.0352 0.0231 -0.9991
vn -0.0381 0.1626 -0.9860
vn -0.0050 0.1608 -0.9870
vn -0.0041 0.0214 -0.9998
vn -0.0342 -0.7123 -0.7011
vn -0.0405 -0.5611 -0.8267
vn -0.0067 -0.5660 -0.8243
vn -0.0024 -0.7195 -0.6945
vn -0.1518 -0.6848 -0.7128
vn -0.1579 -0.5337 -0.8308
vn -0.0871 -0.5506 -0.8302
vn -0.0802 -0.7005 -0.7091
vn -0.4028 -0.6313 -0.6627
vn -0.4196 -0.4704 -0.7763
vn -0.2671 -0.5094 -0.8180
vn -0.2604 -0.6638 -0.7011
vn 0.4643 -0.0680 0.8831
vn 0.4650 0.0751 0.8821
vn 0.3212 0.0811 0.9435
vn 0.3161 -0.0513 0.9473
vn 0.4758 0.1290 0.8701
vn 0.4878 0.1272 0.8636
vn 0.3363 0.1275 0.9331
vn 0.3307 0.1310 0.9346
vn 0.2060 -0.0452 0.9775
vn 0.2122 0.0829 0.9737
vn 0.1212 0.0832 0.9891
vn 0.1167 -0.0445 0.9922
vn 0.2189 0.1328 0.9667
vn 0.2195 0.1290 0.9670
vn 0.1240 0.1311 0.9836
vn 0.1250 0.1342 0.9830
vn 0.7333 -0.4674 0.4937
vn 0.7589 -0.4024 0.5120
vn 0.6268 -0.4619 0.6275
vn 0.5957 -0.5604 0.5754
vn 0.8102 -0.1296 0.5717
vn 0.8051 0.0395 0.5918
vn 0.6445 0.0611 0.7622
vn 0.6497 -0.0974 0.7540
vn 0.8019 0.1218 0.5849
vn 0.8146 0.1293 0.5654
vn 0.6682 0.1274 0.7330
vn 0.6517 0.1259 0.7479
vn 0.7870 0.2763 0.5516
vn 0.7771 0.3969 0.4884
vn 0.6905 0.4441 0.5710
vn 0.6682 0.3174 0.6728
vn 0.5688 0.3478 0.7453
vn 0.5946 0.4834 0.6425
vn 0.4752 0.5296 0.7027
vn 0.4605 0.3702 0.8068
vn 0.3228 0.3940 0.8606
vn 0.3385 0.5648 0.7526
vn 0.2599 0.5771 0.7742
vn 0.2215 0.4054 0.8869
vn 0.1220 0.3885 0.9133
vn 0.1538 0.5825 0.7981
vn 0.0660 0.5726 0.8172
vn 0.0340 0.3720 0.9276
vn 0.0542 0.1349 0.9894
vn 0.0534 0.1324 0.9898
vn 0.0083 0.1328 0.9911
vn 0.0085 0.1351 0.9908
vn 0.0502 -0.0449 0.9977
vn 0.0524 0.0830 0.9952
vn 0.0079 0.0828 0.9965
vn 0.0074 -0.0451 0.9990
vn 0.0625 -0.7149 0.6964
vn 0.0543 -0.5628 0.8248
vn 0.0110 -0.5618 0.8272
vn 0.0179 -0.7120 0.7019
vn 0.2223 -0.7033 0.6753
vn 0.2210 -0.5555 0.8016
vn 0.1226 -0.5618 0.8181
vn 0.1291 -0.7140 0.6882
vn 0.4634 -0.6299 0.6233
vn 0.4836 -0.5104 0.7111
vn 0.3459 -0.5398 0.7674
vn 0.3383 -0.6763 0.6544
vn 0.0510 -0.4103 0.9105
vn 0.0497 -0.2289 0.9722
vn 0.0076 -0.2286 0.9735
vn 0.0086 -0.4098 0.9121
vn 0.7655 -0.3853 0.5153
vn 0.7881 -0.3022 0.5362
vn 0.6445 -0.2925 0.7065
vn 0.6353 -0.4085 0.6554
vn 0.2143 -0.4109 0.8861
vn 0.2068 -0.2324 0.9504
vn 0.1156 -0.2294 0.9664
vn 0.1182 -0.4106 0.9041
vn 0.4815 -0.4167 0.7711
vn 0.4711 -0.2675 0.8405
vn 0.3222 -0.2440 0.9147
vn 0.3369 -0.4137 0.8458
vn -0.0407 -0.3718 -0.9274
vn -0.0371 -0.1607 -0.9863
vn -0.0049 -0.1617 -0.9868
vn -0.0065 -0.3742 -0.9273
vn -0.8194 -0.1950 -0.5391
vn -0.8266 -0.0725 -0.5580
vn -0.6677 -0.0849 -0.7396
vn -0.6498 -0.2451 -0.7196
vn -0.1603 -0.3550 -0.9210
vn -0.1552 -0.1507 -0.9763
vn -0.0827 -0.1577 -0.9840
vn -0.0881 -0.3658 -0.9265
vn -0.4432 -0.3030 -0.8437
vn -0.4558 -0.1138 -0.8828
vn -0.2744 -0.1374 -0.9517
vn -0.2746 -0.3372 -0.9005
vn 0.8933 -0.3415 0.2924
vn 0.9218 -0.2663 0.2817
vn 0.8728 -0.2927 0.3905
vn 0.8474 -0.3606 0.3898
vn 0.9254 -0.1019 -0.3651
vn 0.9325 -0.0425 -0.3586
vn 0.9464 -0.0378 -0.3207
vn 0.9448 -0.1068 -0.3099
vn 0.9588 -0.2820 0.0356
vn 0.9854 -0.1699 0.0085
vn 0.9598 -0.2230 0.1704
vn 0.9279 -0.3198 0.1915
vn 0.9504 -0.1539 -0.2704
vn 0.9520 -0.0574 -0.3007
vn 0.9765 -0.1055 -0.1876
vn 0.9631 -0.2261 -0.1461
vn 0.7349 -0.2145 -0.6433
vn 0.7618 -0.0993 -0.6402
vn 0.8775 -0.0657 -0.4750
vn 0.8606 -0.1426 -0.4889
vn 0.0218 -0.3746 -0.9269
vn 0.0226 -0.1619 -0.9866
vn 0.0629 -0.1616 -0.9848
vn 0.0608 -0.3730 -0.9259
vn 0.3778 -0.3305 -0.8649
vn 0.3896 -0.1495 -0.9088
vn 0.5833 -0.1309 -0.8017
vn 0.5599 -0.2850 -0.7780
vn 0.1247 -0.3671 -0.9218
vn 0.1295 -0.1604 -0.9785
vn 0.2351 -0.1572 -0.9592
vn 0.2280 -0.3544 -0.9069
vn -0.9464 -0.2288 -0.2277
vn -0.9628 -0.1004 -0.2508
vn -0.9154 -0.0829 -0.3939
vn -0.9097 -0.1952 -0.3666
vn -0.8616 -0.3583 0.3595
vn -0.8976 -0.2260 0.3784
vn -0.9487 -0.2126 0.2342
vn -0.9072 -0.3518 0.2307
vn -0.9590 -0.2824 -0.0230
vn -0.9908 -0.1306 -0.0348
vn -0.9848 -0.1147 -0.1304
vn -0.9585 -0.2600 -0.1171
vn -0.9309 -0.3363 0.1429
vn -0.9730 -0.1895 0.1317
vn -0.9864 -0.1572 0.0482
vn -0.9490 -0.3087 0.0640
vn -0.6094 -0.3884 0.6913
vn -0.6265 -0.2465 0.7394
vn -0.7894 -0.2384 0.5657
vn -0.7610 -0.3709 0.5323
vn -0.0221 -0.4094 0.9121
vn -0.0231 -0.2283 0.9733
vn -0.0645 -0.2278 0.9716
vn -0.0634 -0.4087 0.9105
vn -0.3279 -0.4042 0.8539
vn -0.3248 -0.2381 0.9153
vn -0.4623 -0.2452 0.8522
vn -0.4577 -0.3998 0.7941
vn -0.1268 -0.4074 0.9044
vn -0.1265 -0.2278 0.9654
vn -0.2131 -0.2310 0.9493
vn -0.2163 -0.4058 0.8880
vn 0.0504 0.0962 0.9941
vn 0.0503 0.0612 0.9969
vn 0.0076 0.0599 0.9982
vn 0.0075 0.0964 0.9953
vn 0.2137 0.0951 0.9723
vn 0.2150 0.0692 0.9742
vn 0.1187 0.0645 0.9908
vn 0.1183 0.0957 0.9884
vn 0.4897 0.0985 0.8663
vn 0.4879 0.0814 0.8691
vn 0.3386 0.0752 0.9379
vn 0.3350 0.0959 0.9373
vn 0.8273 0.1006 0.5526
vn 0.8262 0.0817 0.5574
vn 0.6604 0.0832 0.7463
vn 0.6724 0.0995 0.7334
vn -0.0395 0.0698 -0.9968
vn -0.0350 0.0073 -0.9994
vn -0.0039 0.0074 -1.0000
vn -0.0052 0.0701 -0.9975
vn -0.1762 0.0690 -0.9819
vn -0.1617 0.0069 -0.9868
vn -0.0842 0.0071 -0.9964
vn -0.0932 0.0693 -0.9932
vn -0.4878 0.0789 -0.8694
vn -0.4892 0.0134 -0.8721
vn -0.2905 0.0079 -0.9568
vn -0.3043 0.0707 -0.9499
vn -0.8057 0.1031 -0.5833
vn -0.8267 0.0392 -0.5613
vn -0.6899 0.0242 -0.7235
vn -0.6750 0.0927 -0.7320
vn 0.9574 0.1216 0.2618
vn 0.9667 0.1013 0.2349
vn 0.9256 0.0871 0.3684
vn 0.9145 0.1089 0.3897
vn 0.9925 0.1215 0.0149
vn 0.9929 0.1144 0.0332
vn 0.9846 0.1139 0.1327
vn 0.9815 0.1281 0.1420
vn 0.9801 0.0739 -0.1844
vn 0.9867 0.0777 -0.1428
vn 0.9930 0.0995 -0.0640
vn 0.9893 0.1008 -0.1050
vn 0.9372 0.0535 -0.3447
vn 0.9433 0.0522 -0.3279
vn 0.9742 0.0613 -0.2172
vn 0.9686 0.0549 -0.2424
vn 0.7324 0.0626 -0.6780
vn 0.7521 0.0245 -0.6586
vn 0.8750 0.0412 -0.4823
vn 0.8607 0.0611 -0.5054
vn 0.3575 0.0621 -0.9318
vn 0.3402 0.0064 -0.9403
vn 0.5552 0.0111 -0.8316
vn 0.5518 0.0605 -0.8318
vn 0.1157 0.0683 -0.9909
vn 0.1053 0.0071 -0.9944
vn 0.1932 0.0065 -0.9811
vn 0.2108 0.0658 -0.9753
vn 0.0206 0.0700 -0.9973
vn 0.0195 0.0075 -0.9998
vn 0.0519 0.0074 -0.9986
vn 0.0566 0.0696 -0.9960
vn -0.9454 0.1053 -0.3084
vn -0.9565 0.0825 -0.2799
vn -0.9094 0.0602 -0.4115
vn -0.8887 0.1065 -0.4460
vn -0.9935 0.0975 -0.0587
vn -0.9932 0.1020 -0.0559
vn -0.9820 0.0966 -0.1623
vn -0.9796 0.1014 -0.1736
vn -0.9834 0.0925 0.1563
vn -0.9851 0.0953 0.1428
vn -0.9937 0.1028 0.0439
vn -0.9945 0.0953 0.0443
vn -0.8993 0.0756 0.4308
vn -0.9134 0.0481 0.4042
vn -0.9644 0.0744 0.2536
vn -0.9545 0.0847 0.2860
vn -0.6560 0.0869 0.7498
vn -0.6248 0.0398 0.7798
vn -0.7949 0.0351 0.6057
vn -0.8004 0.0766 0.5946
vn -0.3444 0.0955 0.9339
vn -0.3263 0.0535 0.9438
vn -0.4669 0.0485 0.8830
vn -0.4964 0.0944 0.8630
vn -0.1244 0.0949 0.9877
vn -0.1174 0.0576 0.9914
vn -0.2058 0.0559 0.9770
vn -0.2168 0.0947 0.9716
vn -0.0229 0.0962 0.9951
vn -0.0215 0.0594 0.9980
vn -0.0589 0.0588 0.9965
vn -0.0628 0.0956 0.9934
vn 0.0591 0.0727 0.9956
vn 0.0769 0.1829 0.9801
vn 0.0161 0.1782 0.9839
vn 0.0100 0.0692 0.9976
vn 0.2388 0.0918 0.9667
vn 0.2852 0.2009 0.9372
vn 0.1708 0.1917 0.9665
vn 0.1368 0.0807 0.9873
vn 0.4986 0.1087 0.8600
vn 0.5313 0.2032 0.8225
vn 0.4083 0.2063 0.8892
vn 0.3621 0.1019 0.9266
vn 0.8104 0.1014 0.5771
vn 0.7885 0.1772 0.5889
vn 0.6520 0.1936 0.7331
vn 0.6479 0.1087 0.7540
vn -0.0389 0.0782 -0.9962
vn -0.0497 0.2172 -0.9749
vn -0.0078 0.2149 -0.9766
vn -0.0048 0.0780 -0.9969
vn -0.1761 0.0790 -0.9812
vn -0.2077 0.2258 -0.9518
vn -0.1124 0.2216 -0.9686
vn -0.0925 0.0787 -0.9926
vn -0.5029 0.0709 -0.8615
vn -0.5178 0.2097 -0.8294
vn -0.3449 0.2248 -0.9113
vn -0.3097 0.0777 -0.9477
vn -0.8409 0.0728 -0.5362
vn -0.8404 0.1728 -0.5136
vn -0.6982 0.1836 -0.6920
vn -0.6991 0.0631 -0.7122
vn 0.9695 0.1005 0.2236
vn 0.9604 0.1476 0.2364
vn 0.9033 0.1569 0.3992
vn 0.9230 0.0958 0.3726
vn 0.9924 0.1163 0.0408
vn 0.9872 0.1535 0.0434
vn 0.9807 0.1500 0.1251
vn 0.9861 0.1110 0.1237
vn 0.9876 0.0986 -0.1224
vn 0.9815 0.1470 -0.1225
vn 0.9877 0.1520 -0.0362
vn 0.9930 0.1103 -0.0416
vn 0.9459 0.0783 -0.3150
vn 0.9405 0.1356 -0.3115
vn 0.9670 0.1415 -0.2119
vn 0.9743 0.0886 -0.2070
vn 0.7695 0.0589 -0.6360
vn 0.7721 0.1577 -0.6156
vn 0.8855 0.1358 -0.4442
vn 0.8861 0.0652 -0.4589
vn 0.3612 0.0753 -0.9294
vn 0.3969 0.2189 -0.8914
vn 0.5917 0.1946 -0.7823
vn 0.5750 0.0664 -0.8155
vn 0.1150 0.0787 -0.9902
vn 0.1363 0.2231 -0.9652
vn 0.2426 0.2250 -0.9437
vn 0.2095 0.0783 -0.9747
vn 0.0208 0.0781 -0.9967
vn 0.0252 0.2158 -0.9761
vn 0.0684 0.2192 -0.9733
vn 0.0565 0.0785 -0.9953
vn -0.9568 0.1281 -0.2609
vn -0.9444 0.1998 -0.2610
vn -0.9131 0.1852 -0.3632
vn -0.9199 0.1017 -0.3788
vn -0.9877 0.1467 -0.0540
vn -0.9756 0.2126 -0.0546
vn -0.9640 0.2079 -0.1656
vn -0.9771 0.1413 -0.1589
vn -0.9803 0.1421 0.1375
vn -0.9666 0.2117 0.1444
vn -0.9753 0.2141 0.0544
vn -0.9878 0.1483 0.0480
vn -0.9197 0.1003 0.3797
vn -0.9060 0.2008 0.3725
vn -0.9492 0.2066 0.2375
vn -0.9644 0.1248 0.2331
vn -0.6241 0.0682 0.7783
vn -0.6591 0.1913 0.7273
vn -0.8078 0.1959 0.5560
vn -0.8014 0.0790 0.5928
vn -0.3243 0.0660 0.9437
vn -0.3591 0.1884 0.9141
vn -0.5051 0.1890 0.8421
vn -0.4637 0.0655 0.8836
vn -0.1160 0.0675 0.9910
vn -0.1303 0.1823 0.9746
vn -0.2281 0.1861 0.9557
vn -0.2042 0.0669 0.9766
vn -0.0208 0.0682 0.9975
vn -0.0222 0.1769 0.9840
vn -0.0656 0.1788 0.9817
vn -0.0580 0.0679 0.9960
vn 0.3496 0.9324 0.0915
vn 0.1832 0.9830 -0.0156
vn 0.9705 -0.2399 0.0251
vn -0.9924 -0.1202 -0.0254
vn -0.3782 -0.9209 0.0948
vn -0.1794 -0.8952 -0.4080
vn -0.9966 -0.0045 -0.0823
vn -0.3464 -0.8494 -0.3982
vn 0.9768 -0.2120 0.0289
vn -0.1098 0.8959 -0.4304
vn 0.9904 -0.1380 0.0088
vn -0.4846 -0.1534 -0.8611
vn -0.9983 -0.0553 -0.0170
vn 0.2774 -0.2170 -0.9359
vn 0.4441 -0.1101 0.8892
vn -0.4168 -0.0277 0.9086
vn 0.9056 -0.4208 0.0538
vn -0.1137 -0.7235 0.6809
vn 0.3664 -0.7538 0.5454
vn -0.3444 -0.1159 -0.9317
vn -0.9929 -0.1186 -0.0131
vn 0.9968 -0.0791 0.0109
vn -0.3935 -0.0422 0.9184
vn 0.3829 -0.0363 0.9231
vn 0.3611 -0.1358 -0.9226
vn 0.1946 0.0944 -0.9763
vn -0.0081 0.0319 -0.9995
vn -0.3134 0.0675 -0.9472
vn -0.1089 0.1103 -0.9879
vn 0.2363 -0.8700 -0.4327
vn 0.9140 -0.0638 -0.4007
vn 0.2953 0.8595 -0.4172
vn -0.9352 0.1130 -0.3355
vn 0.3760 -0.8302 -0.4115
vn -0.0188 0.8869 -0.4616
vn 0.9184 -0.0377 -0.3940
vn -0.9530 0.1388 -0.2691
vn -0.9062 0.0643 0.4179
vn 0.7445 -0.0014 0.6676
vn -0.1609 -0.8036 0.5730
vn 0.7715 0.0249 0.6357
vn 0.2818 -0.9421 0.1817
vn -0.9879 0.1548 -0.0016
vn -0.2998 0.9536 -0.0265
vn 0.9531 0.0030 0.3027
vn -0.1718 -0.9802 0.0984
vn 0.9750 0.0218 0.2211
vn -0.2138 0.9765 0.0263
vn 0.4194 -0.8905 0.1763
vn -0.0713 0.1266 0.9894
vn -0.0310 -0.0284 0.9991
vn -0.0615 -0.0509 0.9968
vn -0.0586 0.1068 0.9926
vn -0.0331 0.7777 0.6278
vn -0.3061 -0.8238 0.4772
vn 0.1654 0.7757 0.6090
vn -0.9386 0.1134 0.3259
vn 0.2116 0.7422 0.6360
vn 0.0758 -0.8310 0.5511
vn -0.1723 0.7916 0.5862
vn 0.2031 -0.7768 0.5961
vn 0.3053 -0.9508 -0.0524
vn 0.9922 -0.0431 -0.1170
vn -0.3155 -0.9481 0.0385
vn -0.3563 0.9343 0.0133
vn 0.1153 0.9933 0.0081
vn -0.9968 -0.0216 0.0772
vn -0.1661 0.9789 0.1188
vn 0.9824 -0.1845 0.0304
vn -0.9955 0.0783 -0.0529
vn 0.2361 -0.9717 0.0020
vn -0.3808 -0.9243 -0.0269
vn 0.4044 0.9053 0.1302
vn -0.9832 0.1787 0.0385
vn 0.0502 0.9985 -0.0229
vn 0.4710 -0.8783 0.0817
vn 0.9845 -0.1741 0.0211
vn -0.1399 -0.9836 0.1140
vn -0.3300 0.9426 -0.0515
vn 0.9802 -0.1967 -0.0227
vn -0.9923 0.1204 -0.0287
vn 0.4308 0.8080 -0.4020
vn 0.2305 -0.9717 0.0521
vn -0.1159 0.8723 -0.4750
vn -0.4039 -0.9126 0.0630
vn 0.4707 -0.7641 -0.4411
vn 0.8892 0.0630 -0.4532
vn -0.8364 -0.3951 -0.3799
vn -0.7697 0.4779 -0.4233
vn 0.4800 -0.7971 0.3663
vn 0.8991 0.0147 0.4375
vn -0.8525 -0.4185 0.3132
vn -0.7935 0.4464 0.4137
vn 0.8728 -0.1079 -0.4759
vn -0.8332 0.3503 -0.4279
vn -0.8577 0.3119 0.4088
vn 0.8805 -0.1607 0.4460
vn -0.8947 0.1907 -0.4039
vn -0.9102 0.1719 0.3768
vn 0.8197 -0.2965 0.4901
vn 0.8061 -0.2634 -0.5299
vn 0.8899 0.0463 -0.4538
vn -0.7574 0.5125 -0.4046
vn -0.7766 0.4880 0.3983
vn 0.8995 0.0107 0.4369
vn -0.9599 -0.2799 -0.0166
vn -0.8526 0.5225 0.0111
vn 0.6798 -0.7332 -0.0192
vn 0.9974 0.0712 0.0111
vn 0.9759 -0.2180 0.0013
vn -0.9504 0.3109 0.0024
vn -0.9742 0.2258 -0.0000
vn 0.9602 -0.2794 -0.0021
vn -0.9105 0.4136 0.0065
vn 0.9930 -0.1179 0.0036
vn 0.9467 -0.2657 0.1821
vn 0.5297 0.8207 0.2142
vn -0.6447 -0.7353 0.2091
vn -0.9330 0.3142 0.1755
vn 0.9462 -0.2686 -0.1806
vn 0.4913 0.8533 -0.1746
vn -0.6334 -0.7347 -0.2430
vn -0.9363 0.3179 -0.1491
vn 0.8569 0.4261 0.2900
vn -0.9538 -0.1480 0.2616
vn -0.9452 -0.1418 -0.2942
vn 0.8386 0.4851 -0.2479
vn -0.9300 -0.2629 0.2568
vn -0.9228 -0.2417 -0.3002
vn 0.9166 0.3057 -0.2576
vn 0.9099 0.2900 0.2967
vn -0.9349 -0.2393 0.2621
vn -0.9360 -0.2184 -0.2759
vn 0.9155 0.3062 -0.2611
vn 0.9159 0.2947 0.2726
vn 0.8725 0.4004 0.2800
vn -0.9523 -0.1658 0.2564
vn -0.9493 -0.1349 -0.2840
vn 0.8795 0.4075 -0.2460
vn 0.3826 0.0706 -0.9212
vn 0.4631 -0.7275 -0.5062
vn 0.3206 0.9212 0.2206
vn 0.4808 0.2872 0.8284
vn -0.3761 0.0763 -0.9234
vn -0.4038 -0.7472 -0.5278
vn -0.2884 0.9273 0.2387
vn -0.3380 0.3297 0.8815
vn 0.4873 -0.5993 -0.6351
vn 0.4785 0.4406 0.7596
vn -0.4210 0.4577 0.7831
vn -0.4984 -0.5938 -0.6317
vn 0.5029 0.5874 0.6341
vn -0.4776 0.5654 0.6725
vn -0.6245 -0.4209 -0.6579
vn 0.5945 -0.3892 -0.7036
vn 0.4923 -0.7082 -0.5061
vn 0.4841 0.2643 0.8342
vn -0.3930 0.2733 0.8780
vn -0.4753 -0.7243 -0.4996
vn 0.0097 0.9352 0.3541
vn 0.0332 0.2971 0.9543
vn -0.0368 -0.0523 -0.9980
vn -0.0151 -0.8508 -0.5253
vn -0.0271 -0.6315 -0.7749
vn 0.0289 0.5538 0.8321
vn 0.0259 0.6276 0.7781
vn -0.0268 -0.5771 -0.8162
vn 0.0300 0.4590 0.8879
vn -0.0232 -0.7071 -0.7067
vn -0.6455 -0.5795 -0.4976
vn -0.2642 -0.7662 -0.5858
vn 0.1811 -0.8196 -0.5436
vn 0.8687 -0.1402 -0.4751
vn 0.8769 -0.1290 -0.4630
vn 0.8920 -0.0662 -0.4473
vn 0.7131 0.2548 -0.6531
vn 0.1194 0.5398 -0.8333
vn -0.5302 0.5659 -0.6314
vn -0.9106 0.0287 -0.4123
vn -0.9053 -0.1190 -0.4077
vn -0.8840 -0.2567 -0.3907
vn -0.9582 -0.2829 -0.0437
vn -0.9482 -0.2987 -0.1081
vn -0.9164 -0.3335 -0.2212
vn -0.8548 0.5166 0.0493
vn -0.8562 0.5020 0.1222
vn -0.8439 0.4787 0.2422
vn -0.9274 0.0077 0.3740
vn -0.9223 -0.1422 0.3594
vn -0.9000 -0.2805 0.3337
vn 0.1855 -0.8685 0.4596
vn -0.2753 -0.8215 0.4994
vn -0.6647 -0.6187 0.4188
vn -0.5657 0.5269 0.6343
vn 0.1193 0.4905 0.8632
vn 0.7362 0.1925 0.6488
vn 0.7524 -0.4531 0.4780
vn 0.6766 -0.5846 0.4477
vn 0.5927 -0.6965 0.4045
vn 0.6769 -0.7356 0.0268
vn 0.6586 -0.7455 0.1029
vn 0.6038 -0.7668 0.2178
vn 0.9970 0.0676 -0.0388
vn 0.9902 0.0580 -0.1272
vn 0.9627 0.0525 -0.2654
vn 0.8941 0.0215 -0.4473
vn 0.8917 -0.0138 -0.4524
vn 0.8834 -0.0579 -0.4651
vn -0.8327 0.3700 -0.4120
vn -0.8509 0.3148 -0.4206
vn -0.8494 0.3100 -0.4272
vn -0.8543 0.3376 0.3952
vn -0.8731 0.2801 0.3991
vn -0.8726 0.2730 0.4050
vn 0.8987 -0.1143 0.4234
vn 0.8834 -0.1793 0.4329
vn 0.8756 -0.1925 0.4430
vn 0.9752 -0.2123 -0.0629
vn 0.9693 -0.1989 -0.1449
vn 0.9481 -0.1708 -0.2682
vn -0.6089 0.2816 0.7415
vn 0.0289 0.1376 0.9901
vn 0.6460 -0.0598 0.7610
vn -0.9497 0.3098 0.0450
vn -0.9446 0.3101 0.1077
vn -0.9259 0.3119 0.2134
vn 0.6178 0.0287 -0.7858
vn 0.0297 0.2311 -0.9725
vn -0.5650 0.3450 -0.7495
vn -0.7650 0.4998 -0.4063
vn -0.7973 0.4424 -0.4106
vn -0.8490 0.3357 -0.4081
vn -0.7813 0.4798 0.3991
vn -0.8125 0.4244 0.3997
vn -0.8642 0.3174 0.3905
vn 0.8912 0.0115 0.4535
vn 0.8796 -0.0381 0.4742
vn 0.8602 -0.1455 0.4888
vn 0.5837 -0.6617 -0.4705
vn 0.6651 -0.5487 -0.5065
vn 0.7390 -0.4180 -0.5283
vn 0.4540 -0.1957 -0.8692
vn -0.1494 -0.0469 -0.9877
vn -0.6569 0.1042 -0.7467
vn -0.9741 0.2257 0.0159
vn -0.9725 0.2232 0.0668
vn -0.9622 0.2110 0.1721
vn -0.6940 0.0684 0.7167
vn -0.1642 -0.1079 0.9805
vn 0.4819 -0.2564 0.8378
vn 0.9585 -0.2784 -0.0613
vn 0.9495 -0.2781 -0.1450
vn 0.9183 -0.2769 -0.2828
vn 0.8475 -0.1141 -0.5185
vn 0.8681 -0.0077 -0.4963
vn 0.8809 0.0431 -0.4713
vn -0.8093 0.4092 -0.4215
vn -0.7862 0.4595 -0.4133
vn -0.7677 0.4947 -0.4072
vn -0.8344 0.3712 0.4074
vn -0.8107 0.4244 0.4033
vn -0.7902 0.4645 0.3998
vn 0.8915 -0.1087 0.4397
vn 0.9002 -0.0602 0.4313
vn 0.9031 -0.0195 0.4291
vn 0.6229 0.2412 -0.7442
vn 0.0808 0.4590 -0.8848
vn -0.4646 0.5432 -0.6993
vn -0.9082 0.4168 0.0369
vn -0.8986 0.4288 0.0936
vn -0.8693 0.4517 0.2005
vn -0.4976 0.5113 0.7007
vn 0.0790 0.4177 0.9051
vn 0.6482 0.1895 0.7375
vn 0.9925 -0.1125 -0.0469
vn 0.9881 -0.0954 -0.1209
vn 0.9685 -0.0535 -0.2430
vn -0.9226 -0.3467 0.1693
vn -0.9500 -0.3048 0.0677
vn -0.9585 -0.2848 0.0090
vn -0.8329 0.4989 -0.2396
vn -0.8522 0.5119 -0.1083
vn -0.8537 0.5199 -0.0290
vn 0.6017 -0.7489 -0.2778
vn 0.6593 -0.7367 -0.1502
vn 0.6778 -0.7322 -0.0671
vn 0.9641 0.0222 0.2646
vn 0.9893 0.0425 0.1396
vn 0.9964 0.0618 0.0587
vn 0.9470 -0.1990 0.2521
vn 0.9670 -0.2134 0.1394
vn 0.9738 -0.2185 0.0635
vn -0.9162 0.3330 -0.2228
vn -0.9409 0.3207 -0.1090
vn -0.9485 0.3140 -0.0417
vn -0.9579 0.2204 -0.1839
vn -0.9713 0.2271 -0.0708
vn -0.9738 0.2267 -0.0165
vn 0.9203 -0.2930 0.2593
vn 0.9489 -0.2862 0.1331
vn 0.9579 -0.2818 0.0553
vn -0.8622 0.4659 -0.1987
vn -0.8962 0.4355 -0.0849
vn -0.9075 0.4192 -0.0249
vn 0.9692 -0.0718 0.2355
vn 0.9871 -0.1040 0.1218
vn 0.9919 -0.1157 0.0526
vn 0.9950 -0.1001 0.0041
vn 0.9923 -0.1237 0.0033
vn 0.9819 -0.1892 0.0010
vn -0.9110 0.4123 0.0065
vn -0.9252 0.3794 0.0054
vn -0.9495 0.3136 0.0031
vn 0.9241 -0.3821 -0.0057
vn 0.8737 -0.4864 -0.0095
vn 0.8038 -0.5947 -0.0136
vn -0.9923 0.1238 -0.0035
vn -0.9998 0.0178 -0.0070
vn -0.9946 -0.1028 -0.0110
vn -0.9406 0.3395 0.0034
vn -0.9294 0.3690 0.0045
vn -0.9187 0.3949 0.0056
vn 0.9777 -0.2098 0.0012
vn 0.9822 -0.1880 0.0017
vn 0.9879 -0.1551 0.0025
vn -0.5837 0.8117 0.0227
vn 0.2461 0.9686 0.0342
vn 0.8941 0.4473 0.0223
vn -0.8064 -0.5908 -0.0259
vn -0.2696 -0.9624 -0.0342
vn 0.3850 -0.9225 -0.0278
vn 0.9953 -0.0967 0.0058
vn 0.9848 -0.1734 0.0032
vn 0.9780 -0.2084 0.0019
vn -0.9254 0.3790 0.0057
vn -0.9488 0.3159 0.0031
vn -0.9546 0.2978 0.0022
vn -0.3114 -0.8947 0.3201
vn 0.3824 -0.8329 0.4001
vn 0.8345 -0.4621 0.3001
vn 0.8285 0.4842 0.2813
vn 0.7739 0.5742 0.2670
vn 0.6753 0.6964 0.2430
vn 0.2145 0.9303 0.2974
vn -0.3566 0.8644 0.3544
vn -0.7938 0.5363 0.2869
vn -0.9079 -0.3302 0.2583
vn -0.8607 -0.4432 0.2507
vn -0.7767 -0.5851 0.2335
vn -0.6593 -0.7423 -0.1195
vn -0.6726 -0.7399 -0.0133
vn -0.6666 -0.7399 0.0910
vn -0.9490 0.3007 0.0942
vn -0.9546 0.2975 0.0164
vn -0.9513 0.3019 -0.0622
vn -0.9077 -0.3167 -0.2754
vn -0.8571 -0.4370 -0.2728
vn -0.7679 -0.5847 -0.2616
vn 0.8168 -0.4780 -0.3230
vn 0.3427 -0.8314 -0.4374
vn -0.3072 -0.8806 -0.3608
vn -0.7898 0.5536 -0.2640
vn -0.3496 0.8816 -0.3170
vn 0.1846 0.9490 -0.2555
vn 0.9418 0.2033 -0.2675
vn 0.9613 0.0532 -0.2702
vn 0.9589 -0.1344 -0.2500
vn 0.9600 -0.2643 0.0922
vn 0.9643 -0.2646 0.0045
vn 0.9606 -0.2648 -0.0841
vn 0.5219 0.8503 -0.0680
vn 0.5413 0.8405 0.0231
vn 0.5433 0.8319 0.1127
vn 0.9051 0.3035 0.2979
vn 0.8942 0.3340 0.2981
vn 0.8774 0.3777 0.2957
vn -0.9531 0.1933 0.2328
vn -0.9648 0.0396 0.2601
vn -0.9612 -0.0825 0.2633
vn -0.9536 0.2024 -0.2227
vn -0.9623 0.0426 -0.2686
vn -0.9547 -0.0812 -0.2862
vn 0.6347 0.7451 -0.2048
vn 0.7360 0.6373 -0.2284
vn 0.7981 0.5523 -0.2408
vn 0.8891 0.4536 -0.0620
vn 0.8994 0.4349 0.0442
vn 0.8949 0.4236 0.1407
vn -0.7847 0.0193 -0.6196
vn -0.1702 0.3478 -0.9220
vn 0.6097 0.5165 -0.6012
vn -0.9761 -0.1918 0.1023
vn -0.9795 -0.2017 0.0024
vn -0.9754 -0.1933 -0.1063
vn 0.6668 0.4448 0.5980
vn -0.1862 0.2931 0.9378
vn -0.8212 -0.0122 0.5705
vn -0.9469 -0.1876 0.2609
vn -0.9396 -0.2228 0.2597
vn -0.9334 -0.2492 0.2582
vn -0.9381 -0.1733 -0.2999
vn -0.9314 -0.2029 -0.3021
vn -0.9258 -0.2276 -0.3017
vn 0.8719 0.4188 -0.2538
vn 0.8970 0.3595 -0.2572
vn 0.9112 0.3210 -0.2581
vn 0.8882 0.3593 0.2865
vn 0.9008 0.3219 0.2914
vn 0.9083 0.2970 0.2945
vn 0.7505 0.2505 0.6116
vn -0.0256 0.0310 0.9992
vn -0.7790 -0.2079 0.5916
vn -0.9569 -0.2730 0.0991
vn -0.9620 -0.2729 -0.0008
vn -0.9576 -0.2662 -0.1105
vn -0.7437 -0.1579 -0.6496
vn -0.0371 0.0842 -0.9958
vn 0.7233 0.2787 -0.6319
vn 0.9507 0.3035 -0.0629
vn 0.9526 0.3005 0.0472
vn 0.9435 0.2977 0.1455
vn -0.9563 -0.1365 0.2584
vn -0.9555 -0.1384 0.2606
vn -0.9493 -0.1733 0.2622
vn -0.9547 -0.1036 -0.2791
vn -0.9552 -0.1071 -0.2760
vn -0.9501 -0.1462 -0.2754
vn 0.8696 0.4282 -0.2457
vn 0.8733 0.4191 -0.2484
vn 0.8900 0.3787 -0.2538
vn 0.9591 -0.1308 0.2509
vn 0.9612 0.0507 0.2710
vn 0.9425 0.1922 0.2735
vn 0.9483 0.3068 -0.0813
vn 0.9520 0.3052 0.0211
vn 0.9458 0.3030 0.1170
vn -0.7740 -0.1212 -0.6215
vn -0.0682 0.1079 -0.9918
vn 0.7280 0.2815 -0.6251
vn -0.9605 -0.2588 0.1025
vn -0.9654 -0.2606 0.0056
vn -0.9629 -0.2518 -0.0970
vn 0.7547 0.2549 0.6046
vn -0.0441 0.0594 0.9973
vn -0.7844 -0.1635 0.5983
vn 0.8884 0.3705 0.2711
vn 0.8692 0.4132 0.2716
vn 0.8635 0.4230 0.2747
vn -0.9310 -0.2604 0.2558
vn -0.9365 -0.2401 0.2557
vn -0.9444 -0.2064 0.2559
vn -0.9242 -0.2392 -0.2977
vn -0.9306 -0.2167 -0.2949
vn -0.9400 -0.1794 -0.2903
vn 0.9150 0.3122 -0.2557
vn 0.9075 0.3353 -0.2529
vn 0.8951 0.3696 -0.2494
vn 0.9246 0.3750 -0.0675
vn 0.9287 0.3691 0.0370
vn 0.9165 0.3774 0.1326
vn -0.8001 0.0219 -0.5995
vn -0.1561 0.3490 -0.9240
vn 0.6611 0.4643 -0.5894
vn -0.9745 -0.2003 0.1010
vn -0.9787 -0.2051 0.0032
vn -0.9763 -0.1907 -0.1028
vn 0.6851 0.4365 0.5832
vn -0.1637 0.2939 0.9417
vn -0.8231 -0.0401 0.5665
vn 0.4649 0.8807 -0.0909
vn 0.5362 0.6869 -0.4906
vn 0.4939 0.3702 -0.7868
vn 0.5032 -0.5689 -0.6505
vn 0.5070 -0.5745 -0.6426
vn 0.5075 -0.6239 -0.5943
vn 0.7477 -0.6357 -0.1920
vn 0.9189 -0.3534 0.1753
vn 0.7234 -0.0213 0.6901
vn 0.4686 0.7133 0.5211
vn 0.4338 0.8023 0.4099
vn 0.3946 0.8701 0.2952
vn 0.0385 0.9365 0.3486
vn 0.1063 0.9401 0.3239
vn 0.2204 0.9385 0.2657
vn -0.0080 0.3019 0.9533
vn -0.0901 0.3129 0.9455
vn -0.2236 0.3209 0.9203
vn -0.4547 0.7090 0.5390
vn -0.4015 0.8084 0.4305
vn -0.3624 0.8774 0.3144
vn -0.5252 0.3808 -0.7610
vn -0.5861 0.6826 -0.4365
vn -0.4684 0.8815 -0.0592
vn -0.6378 0.0767 0.7664
vn -0.8846 -0.2975 0.3591
vn -0.6587 -0.7167 -0.2289
vn -0.6066 -0.2445 -0.7565
vn -0.5388 -0.1177 -0.8342
vn -0.4781 0.0078 -0.8783
vn -0.0806 -0.0494 -0.9955
vn -0.1586 -0.0294 -0.9869
vn -0.2782 0.0286 -0.9601
vn 0.0335 -0.8472 -0.5302
vn 0.1243 -0.8326 -0.5397
vn 0.2707 -0.7961 -0.5412
vn 0.4804 -0.6969 -0.5325
vn 0.4788 -0.6723 -0.5646
vn 0.4798 -0.6382 -0.6021
vn 0.5072 0.4108 0.7576
vn 0.5005 0.4680 0.7284
vn 0.4931 0.4729 0.7303
vn -0.4200 0.4207 0.8041
vn -0.4242 0.4818 0.7667
vn -0.4243 0.4910 0.7608
vn -0.4836 -0.6410 -0.5960
vn -0.4952 -0.5840 -0.6432
vn -0.5009 -0.5696 -0.6517
vn 0.0386 -0.6331 -0.7731
vn 0.1235 -0.6345 -0.7630
vn 0.2545 -0.6312 -0.7327
vn -0.7966 0.2231 0.5618
vn -0.9671 -0.1151 0.2268
vn -0.8287 -0.4448 -0.3397
vn -0.0139 0.5532 0.8330
vn -0.0785 0.5476 0.8331
vn -0.1932 0.5278 0.8271
vn 0.8533 -0.4240 -0.3034
vn 0.9798 -0.1992 0.0147
vn 0.8180 0.2110 0.5351
vn 0.4979 0.2700 0.8241
vn 0.5242 0.3219 0.7884
vn 0.5305 0.4365 0.7267
vn -0.3966 0.2769 0.8752
vn -0.4110 0.3273 0.8509
vn -0.4364 0.4265 0.7922
vn -0.4935 -0.7191 -0.4893
vn -0.5242 -0.6793 -0.5137
vn -0.5654 -0.5902 -0.5762
vn 0.4351 -0.0023 -0.9004
vn 0.4947 -0.1230 -0.8603
vn 0.5480 -0.2479 -0.7989
vn 0.9059 -0.1675 -0.3889
vn 0.9974 0.0354 -0.0625
vn 0.8302 0.4272 0.3582
vn 0.0091 0.6269 0.7791
vn -0.0500 0.6254 0.7787
vn -0.1911 0.6175 0.7630
vn -0.8460 0.3754 0.3787
vn -0.9757 0.2152 0.0409
vn -0.9479 -0.0975 -0.3032
vn 0.0369 -0.5738 -0.8181
vn 0.1318 -0.5610 -0.8172
vn 0.2975 -0.5202 -0.8006
vn 0.6160 -0.5309 -0.5820
vn 0.5733 -0.6398 -0.5119
vn 0.5217 -0.6951 -0.4947
vn 0.4756 0.3857 0.7906
vn 0.4795 0.3300 0.8131
vn 0.4807 0.2882 0.8282
vn -0.4151 0.3994 0.8174
vn -0.4057 0.3441 0.8467
vn -0.3973 0.3007 0.8670
vn -0.4886 -0.6376 -0.5956
vn -0.4763 -0.6776 -0.5603
vn -0.4702 -0.7072 -0.5280
vn 0.8150 -0.5643 -0.1318
vn 0.9111 -0.3537 0.2116
vn 0.7901 -0.0165 0.6127
vn -0.0005 0.4545 0.8907
vn -0.0580 0.4374 0.8974
vn -0.1716 0.3931 0.9033
vn -0.6971 0.0116 0.7169
vn -0.8728 -0.3219 0.3670
vn -0.7664 -0.6244 -0.1507
vn 0.0282 -0.7083 -0.7054
vn 0.1061 -0.7134 -0.6926
vn 0.2423 -0.7212 -0.6490
vn -0.1918 0.9413 0.2777
vn -0.0833 0.9409 0.3282
vn -0.0187 0.9368 0.3494
vn 0.2888 0.3101 0.9058
vn 0.1506 0.3049 0.9404
vn 0.0711 0.2988 0.9517
vn 0.2386 0.0356 -0.9705
vn 0.1036 -0.0262 -0.9943
vn 0.0134 -0.0489 -0.9987
vn -0.2727 -0.7976 -0.5380
vn -0.1463 -0.8305 -0.5374
vn -0.0627 -0.8463 -0.5290
vn -0.2871 -0.6247 -0.7262
vn -0.1684 -0.6298 -0.7583
vn -0.0904 -0.6306 -0.7708
vn 0.2594 0.5181 0.8150
vn 0.1411 0.5432 0.8277
vn 0.0731 0.5515 0.8310
vn 0.2398 0.6259 0.7421
vn 0.1019 0.6289 0.7708
vn 0.0427 0.6280 0.7771
vn -0.3335 -0.5358 -0.7757
vn -0.1771 -0.5668 -0.8046
vn -0.0883 -0.5755 -0.8130
vn 0.2520 0.3891 0.8861
vn 0.1271 0.4361 0.8909
vn 0.0628 0.4542 0.8887
vn -0.2605 -0.7250 -0.6376
vn -0.1420 -0.7152 -0.6843
vn -0.0721 -0.7093 -0.7012
vn -0.0221 -0.7195 -0.6941
vn -0.0223 -0.7043 -0.7095
vn -0.0240 -0.6576 -0.7530
vn 0.0297 0.4599 0.8875
vn 0.0291 0.4897 0.8714
vn 0.0279 0.5481 0.8360
vn -0.0299 -0.4775 -0.8781
vn -0.0327 -0.3727 -0.9274
vn -0.0350 -0.2476 -0.9682
vn 0.0234 0.7081 0.7057
vn 0.0204 0.7791 0.6265
vn 0.0165 0.8504 0.5259
vn 0.0294 0.5283 0.8486
vn 0.0297 0.5013 0.8648
vn 0.0299 0.4769 0.8784
vn -0.0272 -0.6380 -0.7696
vn -0.0264 -0.6550 -0.7552
vn -0.0249 -0.6801 -0.7327
vn 0.0362 -0.1366 0.9900
vn 0.0293 -0.7670 0.6409
vn 0.0017 -0.9933 -0.1160
vn -0.0053 0.9999 -0.0131
vn -0.0277 0.7924 -0.6093
vn -0.0366 0.3090 -0.9504
vn -0.0216 -0.7305 -0.6826
vn -0.0244 -0.6681 -0.7436
vn -0.0261 -0.6395 -0.7683
vn 0.0302 0.4821 0.8756
vn 0.0289 0.5485 0.8357
vn 0.0286 0.5653 0.8244
vn 0.6108 -0.0312 -0.7912
vn 0.6231 -0.0291 -0.7816
vn 0.6408 0.0602 -0.7653
vn 0.0093 0.1556 -0.9878
vn 0.0121 0.1558 -0.9877
vn 0.0458 0.2702 -0.9617
vn -0.5911 0.2839 -0.7550
vn -0.5977 0.2856 -0.7492
vn -0.5658 0.3666 -0.7385
vn -0.9543 0.2956 0.0439
vn -0.9488 0.3129 0.0425
vn -0.9259 0.3752 0.0430
vn -0.9505 0.2921 0.1058
vn -0.9461 0.3069 0.1031
vn -0.9243 0.3669 0.1047
vn -0.9346 0.2866 0.2107
vn -0.9320 0.2977 0.2070
vn -0.9116 0.3544 0.2082
vn -0.6350 0.2196 0.7406
vn -0.6416 0.2248 0.7334
vn -0.6088 0.3133 0.7288
vn 0.0067 0.0570 0.9984
vn 0.0079 0.0611 0.9981
vn 0.0423 0.1918 0.9805
vn 0.6378 -0.1206 0.7607
vn 0.6491 -0.1152 0.7519
vn 0.6673 -0.0187 0.7446
vn 0.9768 -0.2051 -0.0615
vn 0.9835 -0.1723 -0.0555
vn 0.9941 -0.0974 -0.0472
vn 0.9695 -0.1992 -0.1431
vn 0.9760 -0.1714 -0.1342
vn 0.9870 -0.1001 -0.1254
vn 0.9462 -0.1836 -0.2664
vn 0.9529 -0.1630 -0.2557
vn 0.9645 -0.0964 -0.2460
vn -0.8032 -0.5956 0.0119
vn -0.7847 -0.6121 0.0976
vn -0.7295 -0.6404 0.2404
vn -0.2691 -0.9630 0.0166
vn -0.2705 -0.9541 0.1290
vn -0.2750 -0.9123 0.3034
vn 0.3814 -0.9242 0.0206
vn 0.3545 -0.9277 0.1169
vn 0.2708 -0.9246 0.2679
vn -0.5886 0.8079 -0.0269
vn -0.5954 0.7900 -0.1463
vn -0.5661 0.7393 -0.3647
vn 0.2454 0.9689 -0.0305
vn 0.2381 0.9498 -0.2029
vn 0.2009 0.8286 -0.5225
vn 0.8966 0.4417 -0.0325
vn 0.8931 0.4215 -0.1573
vn 0.8381 0.3904 -0.3810
vn 0.9878 -0.1478 -0.0490
vn 0.9822 -0.1799 -0.0539
vn 0.9776 -0.2021 -0.0595
vn 0.9844 -0.1268 -0.1223
vn 0.9790 -0.1574 -0.1293
vn 0.9734 -0.1821 -0.1387
vn 0.9671 -0.0805 -0.2415
vn 0.9623 -0.1111 -0.2483
vn 0.9552 -0.1419 -0.2598
vn -0.5124 0.4891 0.7059
vn -0.5390 0.4414 0.7174
vn -0.5730 0.3693 0.7316
vn 0.0868 0.3917 0.9160
vn 0.0796 0.3352 0.9388
vn 0.0587 0.2474 0.9671
vn 0.6641 0.1562 0.7312
vn 0.6684 0.1016 0.7369
vn 0.6609 0.0272 0.7500
vn -0.9167 0.3974 0.0409
vn -0.9279 0.3704 0.0437
vn -0.9395 0.3396 0.0451
vn -0.9075 0.4080 0.0996
vn -0.9197 0.3784 0.1043
vn -0.9328 0.3441 0.1071
vn -0.8795 0.4293 0.2052
vn -0.8942 0.3956 0.2095
vn -0.9105 0.3545 0.2127
vn 0.6379 0.2185 -0.7385
vn 0.6409 0.1747 -0.7475
vn 0.6325 0.1097 -0.7668
vn 0.0886 0.4453 -0.8910
vn 0.0806 0.4028 -0.9117
vn 0.0589 0.3292 -0.9424
vn -0.4746 0.5301 -0.7026
vn -0.4977 0.4915 -0.7147
vn -0.5297 0.4274 -0.7326
vn 0.2092 -0.6956 -0.6873
vn 0.2886 -0.5643 -0.7735
vn 0.3683 -0.4026 -0.8380
vn -0.2513 -0.6239 -0.7400
vn -0.2330 -0.4703 -0.8512
vn -0.2033 -0.2846 -0.9368
vn -0.6393 -0.4490 -0.6243
vn -0.6665 -0.2908 -0.6865
vn -0.6757 -0.1102 -0.7289
vn -0.9943 -0.1061 0.0083
vn -0.9998 0.0158 0.0093
vn -0.9923 0.1230 0.0119
vn -0.9910 -0.1212 0.0576
vn -0.9983 0.0041 0.0584
vn -0.9914 0.1154 0.0622
vn -0.9740 -0.1628 0.1577
vn -0.9857 -0.0357 0.1646
vn -0.9816 0.0866 0.1701
vn -0.6672 -0.4988 0.5532
vn -0.6997 -0.3409 0.6278
vn -0.7126 -0.1551 0.6842
vn -0.2666 -0.6960 0.6667
vn -0.2506 -0.5494 0.7971
vn -0.2212 -0.3606 0.9061
vn 0.2176 -0.7605 0.6117
vn 0.3031 -0.6346 0.7109
vn 0.3902 -0.4717 0.7907
vn 0.8022 -0.5936 -0.0649
vn 0.8718 -0.4854 -0.0659
vn 0.9221 -0.3815 -0.0651
vn 0.7884 -0.5981 -0.1440
vn 0.8589 -0.4902 -0.1484
vn 0.9104 -0.3856 -0.1499
vn 0.7389 -0.6169 -0.2711
vn 0.8128 -0.5094 -0.2828
vn 0.8708 -0.3983 -0.2882
vn 0.5227 0.0110 -0.8524
vn 0.5672 0.1553 -0.8088
vn 0.5988 0.2271 -0.7680
vn -0.0682 0.1866 -0.9801
vn 0.0047 0.3480 -0.9375
vn 0.0535 0.4329 -0.8998
vn -0.5919 0.3038 -0.7466
vn -0.5213 0.4441 -0.7287
vn -0.4779 0.5199 -0.7080
vn -0.9491 0.3143 0.0205
vn -0.9240 0.3815 0.0260
vn -0.9091 0.4154 0.0318
vn -0.9458 0.3165 0.0727
vn -0.9177 0.3892 0.0795
vn -0.9003 0.4265 0.0866
vn -0.9301 0.3195 0.1814
vn -0.8948 0.4038 0.1905
vn -0.8725 0.4477 0.1958
vn -0.6251 0.2757 0.7302
vn -0.5507 0.4201 0.7213
vn -0.5072 0.4944 0.7059
vn -0.0758 0.1434 0.9868
vn 0.0021 0.3145 0.9493
vn 0.0520 0.3993 0.9154
vn 0.5519 -0.0389 0.8330
vn 0.5945 0.1117 0.7963
vn 0.6243 0.1826 0.7595
vn 0.9806 -0.1875 -0.0577
vn 0.9912 -0.1214 -0.0528
vn 0.9941 -0.0966 -0.0484
vn 0.9731 -0.1820 -0.1410
vn 0.9846 -0.1126 -0.1339
vn 0.9885 -0.0842 -0.1256
vn 0.9466 -0.1647 -0.2770
vn 0.9602 -0.0844 -0.2664
vn 0.9664 -0.0486 -0.2526
vn 0.9483 -0.1808 0.2610
vn 0.9615 -0.1002 0.2557
vn 0.9674 -0.0650 0.2448
vn 0.9725 -0.1897 0.1353
vn 0.9839 -0.1200 0.1328
vn 0.9877 -0.0919 0.1267
vn 0.9800 -0.1905 0.0577
vn 0.9906 -0.1242 0.0574
vn 0.9935 -0.0995 0.0549
vn -0.9257 0.3290 -0.1866
vn -0.8902 0.4136 -0.1911
vn -0.8670 0.4590 -0.1939
vn -0.9447 0.3203 -0.0706
vn -0.9166 0.3932 -0.0728
vn -0.8988 0.4315 -0.0776
vn -0.9489 0.3153 -0.0151
vn -0.9238 0.3826 -0.0160
vn -0.9087 0.4170 -0.0195
vn 0.7414 -0.6332 0.2223
vn 0.8153 -0.5261 0.2418
vn 0.8733 -0.4148 0.2555
vn 0.7877 -0.6066 0.1080
vn 0.8584 -0.4987 0.1204
vn 0.9099 -0.3939 0.1297
vn 0.8013 -0.5972 0.0356
vn 0.8710 -0.4892 0.0447
vn 0.9214 -0.3852 0.0516
vn -0.9686 -0.1518 -0.1969
vn -0.9805 -0.0250 -0.1950
vn -0.9767 0.0966 -0.1915
vn -0.9896 -0.1161 -0.0855
vn -0.9969 0.0088 -0.0777
vn -0.9901 0.1197 -0.0738
vn -0.9940 -0.1045 -0.0313
vn -0.9996 0.0171 -0.0242
vn -0.9921 0.1241 -0.0196
vn -0.8707 0.4469 -0.2052
vn -0.8843 0.4158 -0.2123
vn -0.9004 0.3761 -0.2189
vn -0.9043 0.4167 -0.0929
vn -0.9159 0.3887 -0.1002
vn -0.9288 0.3551 -0.1060
vn -0.9157 0.4007 -0.0307
vn -0.9266 0.3744 -0.0358
vn -0.9381 0.3440 -0.0397
vn 0.9673 -0.1016 0.2325
vn 0.9620 -0.1352 0.2371
vn 0.9545 -0.1686 0.2460
vn 0.9831 -0.1367 0.1214
vn 0.9775 -0.1691 0.1264
vn 0.9715 -0.1956 0.1341
vn 0.9870 -0.1517 0.0526
vn 0.9812 -0.1846 0.0557
vn 0.9763 -0.2077 0.0602
vn -0.5851 0.7153 0.3822
vn -0.6023 0.7778 0.1797
vn -0.5905 0.8040 0.0698
vn 0.2022 0.8033 0.5603
vn 0.2379 0.9365 0.2577
vn 0.2452 0.9647 0.0964
vn 0.8485 0.3520 0.3952
vn 0.8954 0.4029 0.1894
vn 0.8971 0.4355 0.0745
vn -0.7197 -0.6193 -0.3137
vn -0.7816 -0.6033 -0.1586
vn -0.8026 -0.5930 -0.0656
vn -0.2687 -0.8804 -0.3907
vn -0.2676 -0.9410 -0.2072
vn -0.2681 -0.9594 -0.0873
vn 0.2691 -0.8987 -0.3464
vn 0.3554 -0.9167 -0.1825
vn 0.3823 -0.9207 -0.0784
vn 0.9448 -0.2117 0.2499
vn 0.9515 -0.1902 0.2417
vn 0.9636 -0.1233 0.2373
vn 0.9670 -0.2139 0.1381
vn 0.9738 -0.1856 0.1317
vn 0.9852 -0.1141 0.1282
vn 0.9754 -0.2115 0.0630
vn 0.9822 -0.1783 0.0596
vn 0.9931 -0.1031 0.0566
vn -0.9258 0.3064 -0.2215
vn -0.9237 0.3162 -0.2163
vn -0.9033 0.3724 -0.2129
vn -0.9472 0.3019 -0.1079
vn -0.9431 0.3159 -0.1035
vn -0.9213 0.3757 -0.1002
vn -0.9532 0.2994 -0.0411
vn -0.9479 0.3163 -0.0379
vn -0.9251 0.3784 -0.0332
vn 0.6198 0.5277 0.5809
vn 0.5290 0.6549 0.5397
vn 0.3756 0.8086 0.4529
vn -0.2489 0.3984 0.8828
vn -0.3236 0.5498 0.7700
vn -0.3668 0.7256 0.5822
vn -0.8346 0.0799 0.5450
vn -0.8495 0.2112 0.4835
vn -0.8492 0.3561 0.3900
vn -0.9838 -0.1460 0.1045
vn -0.9926 -0.0542 0.1082
vn -0.9886 0.1069 0.1059
vn -0.9869 -0.1610 0.0050
vn -0.9971 -0.0761 0.0089
vn -0.9945 0.1033 0.0140
vn -0.9834 -0.1500 -0.1021
vn -0.9936 -0.0582 -0.0964
vn -0.9906 0.1088 -0.0826
vn -0.8038 0.1036 -0.5858
vn -0.8289 0.2330 -0.5086
vn -0.8398 0.3752 -0.3924
vn -0.2285 0.4432 -0.8668
vn -0.3027 0.5841 -0.7531
vn -0.3517 0.7513 -0.5584
vn 0.5554 0.6022 -0.5736
vn 0.4655 0.7173 -0.5185
vn 0.3248 0.8481 -0.4186
vn 0.8566 0.5120 -0.0638
vn 0.8083 0.5851 -0.0652
vn 0.7213 0.6897 -0.0636
vn 0.8716 0.4886 0.0388
vn 0.8275 0.5605 0.0325
vn 0.7394 0.6727 0.0268
vn 0.8695 0.4756 0.1335
vn 0.8252 0.5510 0.1243
vn 0.7400 0.6629 0.1135
vn -0.2673 -0.9547 0.1308
vn -0.2748 -0.9613 -0.0213
vn -0.2658 -0.9483 -0.1733
vn 0.3640 -0.9169 0.1639
vn 0.3559 -0.9343 -0.0183
vn 0.3455 -0.9167 -0.2007
vn 0.8231 -0.5528 0.1300
vn 0.8393 -0.5437 -0.0031
vn 0.8127 -0.5652 -0.1417
vn -0.7617 0.6409 -0.0953
vn -0.7811 0.6240 0.0235
vn -0.7624 0.6321 0.1385
vn -0.3408 0.9327 -0.1178
vn -0.3418 0.9394 0.0248
vn -0.3427 0.9249 0.1649
vn 0.1521 0.9835 -0.0976
vn 0.1660 0.9859 0.0228
vn 0.1670 0.9756 0.1423
vn 0.9468 0.3158 -0.0625
vn 0.9358 0.3470 -0.0619
vn 0.9160 0.3965 -0.0616
vn 0.9489 0.3120 0.0479
vn 0.9390 0.3404 0.0482
vn 0.9219 0.3844 0.0473
vn 0.9396 0.3093 0.1464
vn 0.9301 0.3367 0.1466
vn 0.9146 0.3775 0.1450
vn -0.7480 -0.1325 -0.6503
vn -0.7576 -0.0877 -0.6468
vn -0.7703 -0.0344 -0.6367
vn -0.0533 0.1175 -0.9916
vn -0.0858 0.1829 -0.9794
vn -0.1275 0.2654 -0.9557
vn 0.7121 0.3025 -0.6336
vn 0.6880 0.3575 -0.6315
vn 0.6518 0.4352 -0.6211
vn -0.9595 -0.2636 0.0995
vn -0.9643 -0.2450 0.1003
vn -0.9702 -0.2200 0.1012
vn -0.9644 -0.2645 -0.0007
vn -0.9688 -0.2480 -0.0002
vn -0.9741 -0.2263 0.0007
vn -0.9601 -0.2569 -0.1108
vn -0.9646 -0.2395 -0.1106
vn -0.9699 -0.2176 -0.1092
vn 0.7415 0.2705 0.6140
vn 0.7234 0.3152 0.6143
vn 0.6974 0.3773 0.6094
vn -0.0460 0.0620 0.9970
vn -0.0863 0.1243 0.9885
vn -0.1369 0.2061 0.9689
vn -0.7844 -0.1829 0.5927
vn -0.7953 -0.1360 0.5908
vn -0.8086 -0.0759 0.5835
vn 0.7141 0.3690 0.5949
vn 0.7365 0.3061 0.6032
vn 0.7491 0.2633 0.6078
vn -0.1139 0.1953 0.9741
vn -0.0654 0.1035 0.9925
vn -0.0322 0.0441 0.9985
vn -0.8092 -0.1096 0.5773
vn -0.7938 -0.1686 0.5843
vn -0.7824 -0.2044 0.5883
vn -0.9680 -0.2302 0.1000
vn -0.9618 -0.2552 0.0992
vn -0.9576 -0.2705 0.0989
vn -0.9725 -0.2328 0.0014
vn -0.9666 -0.2561 0.0002
vn -0.9627 -0.2705 -0.0006
vn -0.9693 -0.2217 -0.1060
vn -0.9627 -0.2478 -0.1082
vn -0.9583 -0.2638 -0.1096
vn -0.7816 -0.0504 -0.6217
vn -0.7626 -0.1141 -0.6367
vn -0.7487 -0.1534 -0.6450
vn -0.1118 0.2507 -0.9616
vn -0.0706 0.1583 -0.9849
vn -0.0429 0.0976 -0.9943
vn 0.6890 0.3975 -0.6061
vn 0.7105 0.3345 -0.6191
vn 0.7226 0.2914 -0.6269
vn 0.9355 0.3473 -0.0651
vn 0.9442 0.3230 -0.0638
vn 0.9495 0.3073 -0.0631
vn 0.9387 0.3424 0.0414
vn 0.9467 0.3190 0.0445
vn 0.9516 0.3039 0.0462
vn 0.9277 0.3469 0.1380
vn 0.9368 0.3198 0.1419
vn 0.9424 0.3020 0.1441
vn 0.9952 -0.0408 -0.0889
vn 0.9878 0.1285 -0.0875
vn 0.9683 0.2352 -0.0839
vn 0.9994 -0.0335 0.0126
vn 0.9897 0.1420 0.0177
vn 0.9708 0.2392 0.0196
vn 0.9934 -0.0350 0.1090
vn 0.9852 0.1262 0.1157
vn 0.9663 0.2296 0.1163
vn -0.4668 -0.7066 -0.5318
vn -0.6224 -0.4909 -0.6095
vn -0.7190 -0.2901 -0.6316
vn 0.3249 -0.6338 -0.7020
vn 0.2286 -0.3754 -0.8982
vn 0.0785 -0.1186 -0.9898
vn 0.8428 -0.2935 -0.4512
vn 0.8199 -0.1029 -0.5632
vn 0.7781 0.1035 -0.6195
vn -0.8387 -0.5372 0.0896
vn -0.9057 -0.4129 0.0965
vn -0.9401 -0.3258 0.1003
vn -0.8452 -0.5344 -0.0045
vn -0.9137 -0.4065 0.0009
vn -0.9463 -0.3232 0.0039
vn -0.8364 -0.5385 -0.1024
vn -0.9060 -0.4112 -0.1000
vn -0.9419 -0.3212 -0.0980
vn 0.8557 -0.2965 0.4242
vn 0.8375 -0.1175 0.5337
vn 0.8022 0.0809 0.5916
vn 0.3796 -0.6441 0.6642
vn 0.2819 -0.4050 0.8698
vn 0.1189 -0.1621 0.9796
vn -0.4781 -0.7264 0.4938
vn -0.6358 -0.5157 0.5743
vn -0.7305 -0.3235 0.6014
vn 0.9307 0.3574 -0.0781
vn 0.9196 0.3857 -0.0746
vn 0.9175 0.3913 -0.0709
vn 0.9354 0.3529 0.0235
vn 0.9247 0.3796 0.0272
vn 0.9224 0.3849 0.0319
vn 0.9264 0.3573 0.1187
vn 0.9135 0.3882 0.1220
vn 0.9099 0.3949 0.1269
vn -0.8020 -0.0038 -0.5972
vn -0.8120 0.0578 -0.5808
vn -0.8105 0.0670 -0.5819
vn -0.1629 0.2784 -0.9466
vn -0.1965 0.3740 -0.9064
vn -0.1903 0.3977 -0.8976
vn 0.6793 0.4133 -0.6064
vn 0.6478 0.4840 -0.5883
vn 0.6415 0.4996 -0.5821
vn -0.9723 -0.2098 0.1034
vn -0.9777 -0.1831 0.1033
vn -0.9783 -0.1802 0.1024
vn -0.9766 -0.2151 0.0063
vn -0.9818 -0.1899 0.0060
vn -0.9824 -0.1868 0.0049
vn -0.9748 -0.2010 -0.0969
vn -0.9800 -0.1731 -0.0978
vn -0.9804 -0.1697 -0.0999
vn 0.7054 0.3861 0.5944
vn 0.6726 0.4570 0.5820
vn 0.6655 0.4725 0.5777
vn -0.1528 0.2277 0.9617
vn -0.1968 0.3217 0.9262
vn -0.1972 0.3439 0.9181
vn -0.8132 -0.0530 0.5795
vn -0.8260 0.0029 0.5637
vn -0.8288 0.0071 0.5596
vn 0.8703 -0.3631 -0.3327
vn 0.8741 -0.3564 -0.3301
vn 0.8703 -0.4223 -0.2535
vn 0.9891 -0.1417 -0.0411
vn 0.9862 -0.1604 -0.0402
vn 0.9684 -0.2474 0.0317
vn 0.8394 0.2540 0.4804
vn 0.8505 0.2463 0.4648
vn 0.8603 0.1308 0.4928
vn -0.0136 0.5655 0.8246
vn -0.0113 0.5495 0.8354
vn -0.0080 0.4843 0.8749
vn -0.0784 0.5631 0.8227
vn -0.0761 0.5496 0.8320
vn -0.0746 0.4879 0.8697
vn -0.1945 0.5493 0.8127
vn -0.1939 0.5390 0.8197
vn -0.1869 0.4872 0.8531
vn -0.8102 0.2716 0.5195
vn -0.8049 0.2652 0.5308
vn -0.7613 0.1970 0.6178
vn -0.9837 -0.0246 0.1781
vn -0.9855 -0.0006 0.1698
vn -0.9740 -0.0680 0.2162
vn -0.8373 -0.3976 -0.3753
vn -0.8324 -0.4119 -0.3708
vn -0.7950 -0.5157 -0.3194
vn 0.0388 -0.6390 -0.7683
vn 0.0349 -0.6659 -0.7452
vn 0.0303 -0.7273 -0.6857
vn 0.1245 -0.6341 -0.7631
vn 0.1183 -0.6568 -0.7447
vn 0.1120 -0.7157 -0.6894
vn 0.2601 -0.6201 -0.7401
vn 0.2565 -0.6362 -0.7277
vn 0.2480 -0.6896 -0.6804
vn -0.0467 0.9988 -0.0167
vn -0.1385 0.9899 -0.0315
vn -0.2832 0.9571 -0.0608
vn -0.0790 0.7919 -0.6055
vn -0.1871 0.7873 -0.5875
vn -0.3663 0.7607 -0.5359
vn -0.0827 0.3126 -0.9463
vn -0.1728 0.3293 -0.9283
vn -0.3169 0.3673 -0.8745
vn 0.0847 -0.1338 0.9874
vn 0.2050 -0.1225 0.9711
vn 0.4292 -0.1017 0.8975
vn 0.1046 -0.7627 0.6383
vn 0.3064 -0.7309 0.6098
vn 0.6647 -0.5845 0.4654
vn 0.0620 -0.9904 -0.1233
vn 0.2025 -0.9690 -0.1415
vn 0.4486 -0.8798 -0.1575
vn 0.0276 -0.6827 -0.7302
vn 0.0304 -0.6584 -0.7521
vn 0.0349 -0.6411 -0.7667
vn 0.1046 -0.6910 -0.7153
vn 0.1091 -0.6675 -0.7365
vn 0.1169 -0.6478 -0.7528
vn 0.2369 -0.7031 -0.6705
vn 0.2396 -0.6795 -0.6935
vn 0.2461 -0.6543 -0.7151
vn -0.7092 0.0330 0.7042
vn -0.7336 0.0782 0.6751
vn -0.7663 0.1447 0.6260
vn -0.8802 -0.3176 0.3526
vn -0.9031 -0.2812 0.3245
vn -0.9353 -0.2129 0.2826
vn -0.7673 -0.6138 -0.1856
vn -0.7826 -0.5787 -0.2294
vn -0.8071 -0.5188 -0.2818
vn -0.0054 0.4731 0.8810
vn -0.0096 0.4985 0.8669
vn -0.0125 0.5266 0.8500
vn -0.0652 0.4576 0.8868
vn -0.0715 0.4855 0.8713
vn -0.0762 0.5171 0.8525
vn -0.1778 0.4161 0.8918
vn -0.1846 0.4493 0.8741
vn -0.1902 0.4886 0.8515
vn 0.8108 -0.5632 -0.1595
vn 0.8218 -0.5348 -0.1964
vn 0.8377 -0.4860 -0.2492
vn 0.9130 -0.3549 0.2012
vn 0.9292 -0.3310 0.1643
vn 0.9555 -0.2785 0.0975
vn 0.7928 0.0037 0.6095
vn 0.8022 0.0522 0.5948
vn 0.8088 0.1301 0.5735
vn 0.6556 0.2584 -0.7095
vn 0.7494 0.1364 -0.6479
vn 0.8332 -0.0089 -0.5529
vn 0.7231 0.5803 -0.3747
vn 0.8471 0.4539 -0.2763
vn 0.9431 0.2849 -0.1715
vn 0.5974 0.8019 -0.0022
vn 0.6883 0.7171 0.1094
vn 0.7634 0.6029 0.2318
vn -0.0049 0.8525 0.5226
vn 0.0021 0.7809 0.6246
vn 0.0063 0.7092 0.7050
vn -0.0582 0.8600 0.5070
vn -0.0525 0.7880 0.6134
vn -0.0529 0.7140 0.6981
vn -0.1601 0.8691 0.4681
vn -0.1720 0.8019 0.5722
vn -0.1900 0.7223 0.6649
vn -0.5849 0.8106 0.0289
vn -0.6819 0.7196 0.1313
vn -0.7876 0.5714 0.2306
vn -0.7480 0.5770 -0.3281
vn -0.8626 0.4559 -0.2193
vn -0.9453 0.3164 -0.0786
vn -0.6627 0.3049 -0.6840
vn -0.7783 0.2123 -0.5909
vn -0.8885 0.1044 -0.4469
vn 0.0168 -0.2447 -0.9695
vn 0.0240 -0.3698 -0.9288
vn 0.0314 -0.4741 -0.8799
vn 0.0983 -0.2262 -0.9691
vn 0.1090 -0.3530 -0.9293
vn 0.1221 -0.4583 -0.8804
vn 0.2240 -0.1770 -0.9584
vn 0.2536 -0.2942 -0.9215
vn 0.2785 -0.4048 -0.8709
vn 0.9347 -0.2877 -0.2088
vn 0.9002 -0.4162 -0.1284
vn 0.8442 -0.5230 -0.1177
vn 0.9857 -0.1680 0.0164
vn 0.9603 -0.2601 0.1012
vn 0.9291 -0.3219 0.1818
vn 0.8674 0.2082 0.4519
vn 0.8429 0.0604 0.5347
vn 0.8048 -0.0022 0.5936
vn 0.0100 0.5454 0.8381
vn 0.0082 0.4856 0.8741
vn 0.0044 0.4551 0.8904
vn -0.0463 0.5365 0.8426
vn -0.0472 0.4715 0.8806
vn -0.0515 0.4382 0.8974
vn -0.1756 0.5110 0.8414
vn -0.1692 0.4340 0.8849
vn -0.1682 0.3947 0.9033
vn -0.7882 0.2208 0.5745
vn -0.7346 0.0995 0.6712
vn -0.7036 0.0296 0.7100
vn -0.9794 0.0275 0.2000
vn -0.9373 -0.1643 0.3073
vn -0.8927 -0.2761 0.3561
vn -0.8947 -0.3805 -0.2340
vn -0.8308 -0.5308 -0.1673
vn -0.7860 -0.6023 -0.1395
vn 0.0383 -0.6554 -0.7543
vn 0.0360 -0.7031 -0.7102
vn 0.0318 -0.7194 -0.6939
vn 0.1337 -0.6480 -0.7498
vn 0.1264 -0.7007 -0.7022
vn 0.1148 -0.7208 -0.6836
vn 0.3045 -0.6246 -0.7191
vn 0.2859 -0.6924 -0.6624
vn 0.2593 -0.7220 -0.6415
vn -0.3070 -0.6426 -0.7020
vn -0.2864 -0.7037 -0.6502
vn -0.2700 -0.7286 -0.6295
vn -0.1659 -0.6538 -0.7382
vn -0.1549 -0.7048 -0.6923
vn -0.1461 -0.7235 -0.6747
vn -0.0829 -0.6571 -0.7492
vn -0.0772 -0.7046 -0.7054
vn -0.0731 -0.7206 -0.6895
vn 0.2525 0.5187 0.8169
vn 0.2569 0.4358 0.8626
vn 0.2536 0.3932 0.8838
vn 0.1088 0.5404 0.8343
vn 0.1153 0.4738 0.8730
vn 0.1213 0.4387 0.8904
vn 0.0470 0.5467 0.8360
vn 0.0520 0.4867 0.8720
vn 0.0575 0.4556 0.8883
vn -0.2749 -0.1804 -0.9444
vn -0.3043 -0.2988 -0.9045
vn -0.3350 -0.4099 -0.8484
vn -0.1589 -0.2283 -0.9605
vn -0.1700 -0.3546 -0.9194
vn -0.1801 -0.4610 -0.8689
vn -0.0835 -0.2451 -0.9659
vn -0.0879 -0.3701 -0.9248
vn -0.0902 -0.4750 -0.8753
vn 0.1968 0.8672 0.4574
vn 0.2117 0.8005 0.5607
vn 0.2254 0.7237 0.6523
vn 0.0917 0.8596 0.5027
vn 0.0910 0.7877 0.6093
vn 0.0954 0.7148 0.6928
vn 0.0374 0.8525 0.5214
vn 0.0376 0.7810 0.6234
vn 0.0395 0.7095 0.7036
vn 0.2540 0.4096 0.8762
vn 0.2561 0.4414 0.8600
vn 0.2569 0.4798 0.8389
vn 0.1326 0.4548 0.8807
vn 0.1369 0.4817 0.8656
vn 0.1396 0.5127 0.8471
vn 0.0674 0.4721 0.8790
vn 0.0707 0.4969 0.8649
vn 0.0727 0.5248 0.8481
vn -0.2601 -0.7045 -0.6604
vn -0.2678 -0.6786 -0.6840
vn -0.2792 -0.6505 -0.7063
vn -0.1445 -0.6916 -0.7077
vn -0.1524 -0.6667 -0.7296
vn -0.1622 -0.6449 -0.7468
vn -0.0750 -0.6832 -0.7264
vn -0.0807 -0.6580 -0.7487
vn -0.0869 -0.6395 -0.7638
vn -0.3663 -0.0519 0.9291
vn -0.1406 -0.1047 0.9845
vn -0.0159 -0.1293 0.9915
vn -0.5140 -0.6343 0.5775
vn -0.1767 -0.7473 0.6405
vn -0.0249 -0.7655 0.6429
vn -0.3734 -0.9141 -0.1582
vn -0.1622 -0.9773 -0.1364
vn -0.0482 -0.9916 -0.1203
vn 0.2651 0.9621 -0.0645
vn 0.1221 0.9920 -0.0312
vn 0.0321 0.9993 -0.0163
vn 0.3010 0.7570 -0.5800
vn 0.1154 0.7847 -0.6091
vn 0.0140 0.7913 -0.6113
vn 0.2933 0.3488 -0.8901
vn 0.1255 0.3211 -0.9387
vn 0.0158 0.3104 -0.9505
vn -0.2875 -0.6150 -0.7342
vn -0.2802 -0.6334 -0.7213
vn -0.2639 -0.6862 -0.6778
vn -0.1672 -0.6297 -0.7586
vn -0.1589 -0.6534 -0.7402
vn -0.1480 -0.7125 -0.6859
vn -0.0888 -0.6365 -0.7661
vn -0.0821 -0.6640 -0.7432
vn -0.0726 -0.7258 -0.6841
vn 0.2637 0.5411 0.7986
vn 0.2642 0.5327 0.8040
vn 0.2625 0.4767 0.8390
vn 0.1409 0.5596 0.8167
vn 0.1383 0.5469 0.8257
vn 0.1373 0.4843 0.8641
vn 0.0721 0.5643 0.8224
vn 0.0700 0.5485 0.8332
vn 0.0683 0.4830 0.8730
vt 0.419362 0.577153
vt 0.406031 0.595698
vt 0.395897 0.597378
vt 0.409657 0.579466
vt 0.384483 0.598788
vt 0.398635 0.581569
vt 0.381358 0.613668
vt 0.369626 0.614520
vt 0.391906 0.612540
vt 0.371333 0.599752
vt 0.385760 0.583321
vt 0.356127 0.600186
vt 0.370638 0.584619
vt 0.356349 0.614887
vt 0.341286 0.614681
vt 0.354430 0.628793
vt 0.341256 0.628785
vt 0.326602 0.628178
vt 0.326593 0.641611
vt 0.312598 0.640798
vt 0.339407 0.641801
vt 0.377111 0.627577
vt 0.366293 0.628308
vt 0.351158 0.641506
vt 0.362020 0.641006
vt 0.338741 0.600149
vt 0.353093 0.585466
vt 0.319702 0.599971
vt 0.333703 0.586068
vt 0.324349 0.613987
vt 0.305981 0.613222
vt 0.299741 0.600043
vt 0.313286 0.586729
vt 0.279678 0.600714
vt 0.292754 0.587746
vt 0.286797 0.612853
vt 0.267510 0.613277
vt 0.292991 0.625886
vt 0.274862 0.625206
vt 0.256613 0.625457
vt 0.264257 0.637112
vt 0.247230 0.637239
vt 0.281134 0.638006
vt 0.310401 0.627052
vt 0.297370 0.639425
vt 0.347111 0.653150
vt 0.336446 0.653546
vt 0.325057 0.653778
vt 0.322564 0.664675
vt 0.311732 0.664922
vt 0.332834 0.664293
vt 0.312835 0.653536
vt 0.299705 0.652653
vt 0.300278 0.664706
vt 0.288144 0.663829
vt 0.299652 0.675356
vt 0.289072 0.675196
vt 0.277992 0.674357
vt 0.279235 0.685039
vt 0.269199 0.684240
vt 0.288905 0.685145
vt 0.319532 0.674637
vt 0.309792 0.675057
vt 0.298286 0.684790
vt 0.307426 0.684312
vt 0.285611 0.651160
vt 0.270676 0.649589
vt 0.275263 0.662291
vt 0.261665 0.660631
vt 0.255154 0.648546
vt 0.239440 0.648573
vt 0.247507 0.659481
vt 0.233102 0.659425
vt 0.254018 0.671102
vt 0.241154 0.669880
vt 0.227981 0.669764
vt 0.235860 0.679721
vt 0.223794 0.679587
vt 0.247555 0.680974
vt 0.266324 0.672812
vt 0.258676 0.682705
vt 0.536359 0.463360
vt 0.524647 0.486334
vt 0.515392 0.489525
vt 0.527039 0.466790
vt 0.506238 0.493115
vt 0.517827 0.470620
vt 0.503752 0.512454
vt 0.494639 0.515808
vt 0.512953 0.509485
vt 0.497291 0.496913
vt 0.508831 0.474659
vt 0.488641 0.500761
vt 0.500147 0.478747
vt 0.485717 0.519357
vt 0.477075 0.522939
vt 0.483059 0.538682
vt 0.474127 0.541923
vt 0.465450 0.545162
vt 0.462467 0.564448
vt 0.453697 0.567177
vt 0.471447 0.561668
vt 0.501349 0.532868
vt 0.492165 0.535598
vt 0.480563 0.558981
vt 0.489735 0.556577
vt 0.467426 0.494855
vt 0.455884 0.515827
vt 0.446881 0.519724
vt 0.458489 0.499097
vt 0.436636 0.523786
vt 0.448340 0.503606
vt 0.434971 0.540211
vt 0.424560 0.543714
vt 0.444106 0.536746
vt 0.424549 0.528001
vt 0.436389 0.508420
vt 0.410150 0.532244
vt 0.422181 0.513442
vt 0.412270 0.547193
vt 0.397631 0.550510
vt 0.411953 0.563098
vt 0.399391 0.565729
vt 0.384488 0.568030
vt 0.431988 0.557331
vt 0.422625 0.560263
vt 0.393179 0.536311
vt 0.405471 0.518454
vt 0.374200 0.539943
vt 0.386816 0.523083
vt 0.380388 0.553514
vt 0.361118 0.556092
vt 0.354059 0.543066
vt 0.367043 0.527123
vt 0.333749 0.545775
vt 0.347116 0.530566
vt 0.340686 0.558312
vt 0.320095 0.560353
vt 0.347583 0.571465
vt 0.327030 0.572849
vt 0.306339 0.574322
vt 0.367023 0.569924
vt 0.219269 0.552237
vt 0.203434 0.567476
vt 0.188913 0.571230
vt 0.204880 0.555620
vt 0.174151 0.575340
vt 0.190125 0.559201
vt 0.173896 0.587133
vt 0.159477 0.591758
vt 0.188244 0.582966
vt 0.159334 0.579802
vt 0.175399 0.562956
vt 0.144418 0.584618
vt 0.160910 0.566753
vt 0.144840 0.596926
vt 0.130423 0.602699
vt 0.147123 0.608211
vt 0.133292 0.613909
vt 0.119789 0.620351
vt 0.125764 0.630038
vt 0.113163 0.636924
vt 0.137988 0.624254
vt 0.174527 0.598636
vt 0.160769 0.603188
vt 0.150458 0.619051
vt 0.163207 0.614242
vt 0.154904 0.629402
vt 0.143412 0.634281
vt 0.132291 0.639433
vt 0.139456 0.648488
vt 0.129619 0.653416
vt 0.149670 0.643717
vt 0.121505 0.645092
vt 0.111122 0.651468
vt 0.120109 0.658787
vt 0.110825 0.664986
vt 0.129230 0.666092
vt 0.120795 0.671112
vt 0.112766 0.676819
vt 0.122874 0.682133
vt 0.115770 0.687451
vt 0.130407 0.677475
vt 0.147039 0.656929
vt 0.137967 0.661472
vt 0.138228 0.673189
vt 0.146339 0.668932
vt 0.146939 0.679732
vt 0.139624 0.683679
vt 0.132570 0.687638
vt 0.141670 0.693029
vt 0.135272 0.696659
vt 0.148314 0.689419
vt 0.125806 0.691954
vt 0.119502 0.696903
vt 0.129179 0.700644
vt 0.123578 0.705236
vt 0.138181 0.704614
vt 0.132681 0.708261
vt 0.127709 0.712496
vt 0.136075 0.714864
vt 0.131669 0.718730
vt 0.141043 0.711580
vt 0.150079 0.698096
vt 0.144006 0.701330
vt 0.146365 0.708680
vt 0.151944 0.705872
vt 0.153693 0.712853
vt 0.148543 0.715180
vt 0.143665 0.717647
vt 0.150355 0.720988
vt 0.145875 0.722970
vt 0.155132 0.719163
vt 0.139176 0.720515
vt 0.135286 0.723977
vt 0.141835 0.725327
vt 0.138447 0.728295
vt 0.147537 0.727718
vt 0.143909 0.729425
vt 0.141050 0.731681
vt 0.145127 0.733105
vt 0.142773 0.733835
vt 0.148510 0.732133
vt 0.156124 0.724922
vt 0.151667 0.726260
vt 0.152397 0.731163
vt 0.156600 0.730249
vt 0.261641 0.693470
vt 0.252141 0.691954
vt 0.242058 0.690241
vt 0.246467 0.700642
vt 0.237251 0.698995
vt 0.255094 0.702106
vt 0.231374 0.689011
vt 0.220269 0.688916
vt 0.227417 0.697846
vt 0.217133 0.697841
vt 0.232894 0.707366
vt 0.223753 0.706360
vt 0.214164 0.706476
vt 0.220222 0.714677
vt 0.211220 0.714923
vt 0.228814 0.715486
vt 0.249352 0.710251
vt 0.241421 0.708885
vt 0.236824 0.716807
vt 0.244247 0.718032
vt 0.296636 0.693390
vt 0.288103 0.693925
vt 0.279484 0.694318
vt 0.279195 0.702525
vt 0.271281 0.702931
vt 0.287167 0.701947
vt 0.270702 0.694242
vt 0.263304 0.702863
vt 0.264170 0.711053
vt 0.256854 0.710916
vt 0.251217 0.718620
vt 0.258016 0.718773
vt 0.278979 0.710056
vt 0.271481 0.710657
vt 0.264860 0.718401
vt 0.272000 0.717803
vt 0.384112 0.691894
vt 0.371668 0.698703
vt 0.362845 0.696041
vt 0.374872 0.688849
vt 0.352965 0.694449
vt 0.364799 0.686851
vt 0.352374 0.702331
vt 0.342731 0.701283
vt 0.360622 0.704493
vt 0.342648 0.693572
vt 0.354416 0.685587
vt 0.332474 0.693122
vt 0.344214 0.684792
vt 0.332471 0.700887
vt 0.322287 0.700838
vt 0.334328 0.707554
vt 0.324025 0.707722
vt 0.313730 0.708099
vt 0.317362 0.714279
vt 0.306790 0.715072
vt 0.328004 0.713524
vt 0.351275 0.709312
vt 0.343790 0.707877
vt 0.337809 0.712937
vt 0.344842 0.712662
vt 0.441440 0.647225
vt 0.427005 0.662407
vt 0.417103 0.659159
vt 0.431562 0.644738
vt 0.406872 0.656861
vt 0.421470 0.643015
vt 0.402401 0.670832
vt 0.392154 0.668407
vt 0.412163 0.674269
vt 0.396562 0.655248
vt 0.411342 0.641840
vt 0.386410 0.654124
vt 0.401348 0.641063
vt 0.381766 0.666711
vt 0.371551 0.665526
vt 0.377974 0.678263
vt 0.367564 0.676712
vt 0.357341 0.675657
vt 0.397709 0.683876
vt 0.388166 0.680554
vt 0.478043 0.580703
vt 0.468907 0.582498
vt 0.459747 0.584487
vt 0.457195 0.605545
vt 0.447821 0.606400
vt 0.466453 0.604883
vt 0.450645 0.586512
vt 0.441684 0.588468
vt 0.438433 0.607331
vt 0.429139 0.608279
vt 0.435200 0.626216
vt 0.425408 0.625947
vt 0.415717 0.625888
vt 0.454550 0.627749
vt 0.444959 0.626775
vt 0.253994 0.747002
vt 0.251348 0.754218
vt 0.244858 0.754342
vt 0.247398 0.747266
vt 0.238796 0.754281
vt 0.241268 0.747319
vt 0.242897 0.761446
vt 0.236904 0.761279
vt 0.249262 0.761456
vt 0.232780 0.754051
vt 0.235224 0.747161
vt 0.226485 0.753685
vt 0.228928 0.746819
vt 0.230906 0.760969
vt 0.224602 0.760538
vt 0.235542 0.768316
vt 0.229561 0.767930
vt 0.223248 0.767414
vt 0.228716 0.774920
vt 0.222396 0.774318
vt 0.234683 0.775369
vt 0.247701 0.768695
vt 0.241468 0.768570
vt 0.240551 0.775690
vt 0.246662 0.775903
vt 0.219705 0.753250
vt 0.222152 0.746368
vt 0.212515 0.752879
vt 0.214936 0.745990
vt 0.217809 0.760033
vt 0.210627 0.759551
vt 0.205082 0.752710
vt 0.207423 0.745888
vt 0.197621 0.752825
vt 0.199824 0.746200
vt 0.203237 0.759191
vt 0.195854 0.759013
vt 0.209263 0.766112
vt 0.201896 0.765475
vt 0.194556 0.764935
vt 0.201052 0.771701
vt 0.193731 0.770765
vt 0.208405 0.772653
vt 0.216443 0.766785
vt 0.215584 0.773548
vt 0.246207 0.783055
vt 0.240196 0.782772
vt 0.234371 0.782401
vt 0.240428 0.789783
vt 0.234625 0.789379
vt 0.246375 0.790119
vt 0.228407 0.781903
vt 0.222064 0.781231
vt 0.228653 0.788855
vt 0.222284 0.788145
vt 0.235516 0.796299
vt 0.229520 0.795781
vt 0.223111 0.795088
vt 0.231074 0.802727
vt 0.224596 0.802125
vt 0.237120 0.803195
vt 0.247233 0.797077
vt 0.241322 0.796713
vt 0.242958 0.803588
vt 0.248860 0.803949
vt 0.215221 0.780336
vt 0.208015 0.779235
vt 0.215403 0.787176
vt 0.208152 0.785934
vt 0.200647 0.777982
vt 0.193328 0.776659
vt 0.200739 0.784443
vt 0.193383 0.782780
vt 0.208840 0.792852
vt 0.201332 0.791226
vt 0.193879 0.789297
vt 0.202411 0.798483
vt 0.194777 0.796373
vt 0.210089 0.800117
vt 0.216172 0.794131
vt 0.217559 0.801295
vt 0.345487 0.715982
vt 0.334918 0.718021
vt 0.323801 0.719481
vt 0.333565 0.723734
vt 0.321021 0.725758
vt 0.346136 0.721141
vt 0.312415 0.720775
vt 0.301371 0.721937
vt 0.308736 0.727450
vt 0.297138 0.728883
vt 0.318861 0.732605
vt 0.305806 0.734497
vt 0.293701 0.736066
vt 0.303193 0.741996
vt 0.290704 0.743565
vt 0.316829 0.740079
vt 0.346437 0.727552
vt 0.332509 0.730328
vt 0.331279 0.737770
vt 0.346200 0.735007
vt 0.266142 0.725286
vt 0.259233 0.725851
vt 0.252705 0.726171
vt 0.254504 0.733086
vt 0.248175 0.733335
vt 0.261274 0.732593
vt 0.246274 0.726091
vt 0.239646 0.725531
vt 0.241963 0.733255
vt 0.235540 0.732800
vt 0.244379 0.740360
vt 0.238281 0.740254
vt 0.231956 0.739880
vt 0.257266 0.739808
vt 0.250588 0.740200
vt 0.232557 0.724518
vt 0.224907 0.723463
vt 0.228647 0.732022
vt 0.221230 0.731253
vt 0.216735 0.722887
vt 0.208223 0.723241
vt 0.213367 0.730907
vt 0.205252 0.731323
vt 0.217872 0.738783
vt 0.210223 0.738611
vt 0.202411 0.739019
vt 0.225154 0.739306
vt 0.156557 0.735258
vt 0.152541 0.735848
vt 0.148765 0.736433
vt 0.152261 0.740409
vt 0.148552 0.740727
vt 0.156126 0.740050
vt 0.145302 0.736821
vt 0.142193 0.736542
vt 0.144993 0.740796
vt 0.141508 0.740260
vt 0.148127 0.745078
vt 0.144561 0.744994
vt 0.140939 0.744372
vt 0.144181 0.749279
vt 0.140521 0.748601
vt 0.147629 0.749439
vt 0.155445 0.744721
vt 0.151730 0.744921
vt 0.151093 0.749412
vt 0.154642 0.749333
vt 0.153830 0.753827
vt 0.150480 0.753784
vt 0.147212 0.753705
vt 0.149955 0.757813
vt 0.146845 0.757617
vt 0.153095 0.757989
vt 0.143864 0.753433
vt 0.140215 0.752735
vt 0.143590 0.757266
vt 0.139983 0.756622
vt 0.146523 0.761142
vt 0.143322 0.760756
vt 0.139695 0.760205
vt 0.142976 0.764040
vt 0.139317 0.763668
vt 0.146138 0.764397
vt 0.152504 0.761703
vt 0.149525 0.761407
vt 0.149104 0.764722
vt 0.152025 0.765089
vt 0.151662 0.768406
vt 0.148687 0.767928
vt 0.145690 0.767585
vt 0.148237 0.771362
vt 0.145084 0.770992
vt 0.151316 0.771917
vt 0.142421 0.767323
vt 0.138675 0.767088
vt 0.141692 0.770775
vt 0.137852 0.770708
vt 0.144331 0.774910
vt 0.140792 0.774664
vt 0.136910 0.774655
vt 0.139847 0.779005
vt 0.135969 0.778929
vt 0.143463 0.779402
vt 0.150951 0.776093
vt 0.147659 0.775401
vt 0.146960 0.780125
vt 0.150518 0.780977
vt 0.149983 0.786354
vt 0.146213 0.785275
vt 0.142564 0.784319
vt 0.145349 0.790618
vt 0.141615 0.789347
vt 0.149284 0.791977
vt 0.138931 0.783641
vt 0.135122 0.783422
vt 0.138081 0.788304
vt 0.134473 0.787897
vt 0.140554 0.794232
vt 0.137187 0.792753
vt 0.134048 0.792037
vt 0.135952 0.796687
vt 0.133841 0.795085
vt 0.139077 0.798874
vt 0.148327 0.797689
vt 0.144273 0.795957
vt 0.142806 0.801167
vt 0.146984 0.803385
vt 0.226775 0.809353
vt 0.219580 0.808779
vt 0.211892 0.807847
vt 0.222216 0.816662
vt 0.214203 0.816076
vt 0.229656 0.816881
vt 0.203946 0.806336
vt 0.196024 0.804130
vt 0.205865 0.814774
vt 0.197526 0.812535
vt 0.216991 0.824768
vt 0.208115 0.823702
vt 0.199208 0.821466
vt 0.210664 0.832997
vt 0.201017 0.830771
vt 0.220249 0.833857
vt 0.233260 0.824792
vt 0.225462 0.824978
vt 0.229339 0.833725
vt 0.237637 0.833132
vt 0.251331 0.810773
vt 0.245410 0.810464
vt 0.239504 0.810135
vt 0.248712 0.817425
vt 0.242706 0.817222
vt 0.254675 0.817621
vt 0.233367 0.809776
vt 0.236430 0.817041
vt 0.246770 0.824540
vt 0.240301 0.824617
vt 0.245047 0.832566
vt 0.251766 0.832144
vt 0.258926 0.824543
vt 0.252905 0.824538
vt 0.258052 0.831842
vt 0.264145 0.831566
vt 0.330747 0.803807
vt 0.327764 0.810555
vt 0.314517 0.810809
vt 0.316188 0.804284
vt 0.302122 0.811191
vt 0.302596 0.804707
vt 0.313253 0.816532
vt 0.302299 0.817031
vt 0.324846 0.816368
vt 0.290764 0.811502
vt 0.290252 0.805001
vt 0.280639 0.811633
vt 0.279359 0.805076
vt 0.292067 0.817506
vt 0.282777 0.817826
vt 0.303591 0.822240
vt 0.294489 0.823061
vt 0.285988 0.823708
vt 0.298422 0.828266
vt 0.290515 0.829364
vt 0.306665 0.826920
vt 0.322412 0.821078
vt 0.312962 0.821409
vt 0.314737 0.825439
vt 0.321026 0.824185
vt 0.340030 0.770448
vt 0.337983 0.779431
vt 0.321366 0.780884
vt 0.323290 0.772247
vt 0.305876 0.782023
vt 0.307631 0.773690
vt 0.319607 0.789194
vt 0.304503 0.790048
vt 0.335827 0.788086
vt 0.291849 0.782822
vt 0.293392 0.774760
vt 0.279501 0.783257
vt 0.280837 0.775460
vt 0.290772 0.790569
vt 0.278805 0.790831
vt 0.303382 0.797618
vt 0.290268 0.797996
vt 0.278762 0.798126
vt 0.333443 0.796261
vt 0.317920 0.797051
vt 0.345317 0.743298
vt 0.329632 0.745928
vt 0.314599 0.748133
vt 0.327627 0.754559
vt 0.312205 0.756563
vt 0.343876 0.752148
vt 0.300570 0.749944
vt 0.287864 0.751390
vt 0.297957 0.758174
vt 0.285187 0.759410
vt 0.309808 0.765150
vt 0.295495 0.766502
vt 0.282787 0.767477
vt 0.342049 0.761282
vt 0.325441 0.763409
vt 0.307461 0.132233
vt 0.331016 0.128519
vt 0.321699 0.135729
vt 0.298198 0.140362
vt 0.311480 0.144376
vt 0.288075 0.150093
vt 0.343942 0.132745
vt 0.333695 0.140540
vt 0.353276 0.126229
vt 0.300022 0.155141
vt 0.276810 0.162135
vt 0.287281 0.168618
vt 0.264434 0.177032
vt 0.322163 0.150248
vt 0.309247 0.162442
vt 0.354607 0.138044
vt 0.343094 0.146904
vt 0.330140 0.158028
vt 0.362685 0.144718
vt 0.349813 0.154956
vt 0.374083 0.136565
vt 0.374108 0.124962
vt 0.364814 0.130922
vt 0.384163 0.130023
vt 0.393333 0.124573
vt 0.273555 0.185109
vt 0.251265 0.194934
vt 0.259755 0.203846
vt 0.238133 0.214860
vt 0.295185 0.177485
vt 0.280897 0.194810
vt 0.246665 0.223617
vt 0.225716 0.235532
vt 0.234831 0.243165
vt 0.214504 0.255752
vt 0.267238 0.213385
vt 0.254825 0.232010
vt 0.301353 0.187696
vt 0.287274 0.204937
vt 0.274369 0.222440
vt 0.306608 0.198193
vt 0.293339 0.214494
vt 0.320932 0.182259
vt 0.315931 0.171776
vt 0.335616 0.167604
vt 0.410784 0.125044
vt 0.401845 0.129968
vt 0.391992 0.135949
vt 0.417763 0.130738
vt 0.408241 0.136146
vt 0.426365 0.126368
vt 0.380814 0.143464
vt 0.368143 0.152935
vt 0.397390 0.143037
vt 0.385036 0.151802
vt 0.422783 0.137124
vt 0.412357 0.143394
vt 0.400430 0.151480
vt 0.425699 0.144500
vt 0.414289 0.151929
vt 0.435627 0.138834
vt 0.440065 0.128486
vt 0.431885 0.132295
vt 0.444249 0.134563
vt 0.451957 0.131281
vt 0.354099 0.164645
vt 0.339477 0.178205
vt 0.371282 0.162686
vt 0.356879 0.175299
vt 0.325085 0.192953
vt 0.311605 0.208085
vt 0.342590 0.189008
vt 0.329067 0.203077
vt 0.373053 0.173382
vt 0.359030 0.186188
vt 0.345630 0.199324
vt 0.374312 0.184389
vt 0.361188 0.196722
vt 0.387926 0.172368
vt 0.387091 0.161605
vt 0.401473 0.161343
vt 0.273528 0.082673
vt 0.302194 0.078992
vt 0.292535 0.088672
vt 0.263061 0.094951
vt 0.282655 0.098730
vt 0.252703 0.107450
vt 0.319845 0.086582
vt 0.310259 0.094856
vt 0.329170 0.078573
vt 0.272868 0.108984
vt 0.242735 0.119892
vt 0.263423 0.119223
vt 0.233328 0.132037
vt 0.300684 0.103307
vt 0.291348 0.111812
vt 0.336568 0.093343
vt 0.326968 0.100617
vt 0.317637 0.107871
vt 0.352201 0.099359
vt 0.342706 0.105826
vt 0.362071 0.092776
vt 0.355752 0.078988
vt 0.346243 0.086117
vt 0.372164 0.086122
vt 0.382270 0.079440
vt 0.201268 0.177517
vt 0.229098 0.160397
vt 0.220944 0.171860
vt 0.194695 0.188507
vt 0.212560 0.184580
vt 0.187545 0.200744
vt 0.247635 0.157729
vt 0.238210 0.169959
vt 0.256565 0.147133
vt 0.203540 0.199196
vt 0.179466 0.214976
vt 0.193676 0.216153
vt 0.170362 0.231770
vt 0.228103 0.184374
vt 0.217261 0.201290
vt 0.263581 0.158409
vt 0.252718 0.171806
vt 0.240970 0.187989
vt 0.282653 0.138105
vt 0.273498 0.147395
vt 0.183023 0.235649
vt 0.160414 0.251386
vt 0.172207 0.256910
vt 0.150294 0.272972
vt 0.205772 0.220722
vt 0.194221 0.241766
vt 0.161875 0.278863
vt 0.140628 0.295317
vt 0.152518 0.300331
vt 0.131874 0.317155
vt 0.183212 0.263370
vt 0.173245 0.284452
vt 0.216234 0.227634
vt 0.204528 0.248875
vt 0.193942 0.269567
vt 0.228580 0.206946
vt 0.090763 0.444614
vt 0.109134 0.426579
vt 0.105159 0.440396
vt 0.087013 0.458355
vt 0.101364 0.454123
vt 0.083444 0.471945
vt 0.123295 0.422553
vt 0.119327 0.436172
vt 0.127450 0.408879
vt 0.097941 0.467384
vt 0.080219 0.485020
vt 0.095122 0.479823
vt 0.077541 0.497259
vt 0.115742 0.449378
vt 0.112782 0.461822
vt 0.137106 0.418688
vt 0.133362 0.431739
vt 0.130245 0.444116
vt 0.150550 0.414944
vt 0.147261 0.427227
vt 0.154481 0.402073
vt 0.145569 0.391858
vt 0.141240 0.405289
vt 0.158815 0.388912
vt 0.163353 0.375744
vt 0.180686 0.360669
vt 0.175873 0.373611
vt 0.171278 0.386568
vt 0.192391 0.359392
vt 0.187490 0.372173
vt 0.197529 0.346650
vt 0.167117 0.399279
vt 0.163643 0.411454
vt 0.183075 0.384734
vt 0.179421 0.396780
vt 0.203156 0.358831
vt 0.198484 0.371232
vt 0.194671 0.383115
vt 0.213418 0.358677
vt 0.209478 0.370350
vt 0.218323 0.346468
vt 0.213863 0.333669
vt 0.208379 0.346220
vt 0.223853 0.334052
vt 0.229679 0.321711
vt 0.244953 0.310784
vt 0.238812 0.322871
vt 0.233011 0.335047
vt 0.253166 0.312749
vt 0.247127 0.324627
vt 0.259609 0.300964
vt 0.227915 0.347009
vt 0.223889 0.358410
vt 0.241879 0.336278
vt 0.237807 0.347337
vt 0.260538 0.315287
vt 0.255172 0.326556
vt 0.251092 0.337197
vt 0.267629 0.317934
vt 0.263577 0.328065
vt 0.273092 0.307128
vt 0.273546 0.292338
vt 0.266798 0.303770
vt 0.279572 0.296032
vt 0.286649 0.285002
vt 0.298796 0.279054
vt 0.291350 0.289645
vt 0.284630 0.300258
vt 0.302013 0.284793
vt 0.294994 0.294876
vt 0.309864 0.274646
vt 0.279065 0.310514
vt 0.275075 0.320014
vt 0.289266 0.304473
vt 0.285356 0.313148
vt 0.304030 0.291222
vt 0.297970 0.300070
vt 0.294099 0.307613
vt 0.304778 0.297991
vt 0.300136 0.304005
vt 0.311598 0.289616
vt 0.319741 0.271926
vt 0.311447 0.281660
vt 0.319594 0.280405
vt 0.328367 0.270992
vt 0.426607 0.153117
vt 0.414392 0.161871
vt 0.401429 0.172216
vt 0.425789 0.163171
vt 0.413441 0.172921
vt 0.437385 0.155002
vt 0.388335 0.183555
vt 0.375612 0.195210
vt 0.400911 0.183679
vt 0.388649 0.194775
vt 0.423885 0.174473
vt 0.411895 0.184755
vt 0.400086 0.195406
vt 0.421265 0.186764
vt 0.409835 0.197077
vt 0.432800 0.176851
vt 0.446670 0.157534
vt 0.435652 0.165218
vt 0.444076 0.167980
vt 0.454605 0.160667
vt 0.462184 0.134604
vt 0.454955 0.137425
vt 0.446833 0.141195
vt 0.464147 0.140754
vt 0.456503 0.144103
vt 0.470933 0.138305
vt 0.437444 0.146302
vt 0.447642 0.148729
vt 0.464778 0.147460
vt 0.456393 0.151703
vt 0.463881 0.155165
vt 0.471872 0.151201
vt 0.478415 0.142266
vt 0.472004 0.144437
vt 0.478762 0.148407
vt 0.484879 0.146425
vt 0.511393 0.123218
vt 0.514935 0.129668
vt 0.508223 0.128570
vt 0.503442 0.122403
vt 0.501532 0.128085
vt 0.495587 0.122239
vt 0.511894 0.133986
vt 0.506364 0.133426
vt 0.517384 0.135145
vt 0.494876 0.128129
vt 0.487896 0.122656
vt 0.488304 0.128626
vt 0.480438 0.123565
vt 0.500699 0.133309
vt 0.494941 0.133572
vt 0.510491 0.138205
vt 0.505740 0.138135
vt 0.500689 0.138323
vt 0.510327 0.142659
vt 0.505834 0.142895
vt 0.514351 0.142521
vt 0.519024 0.139468
vt 0.514857 0.138556
vt 0.517708 0.142379
vt 0.519944 0.142175
vt 0.474563 0.092781
vt 0.488775 0.100240
vt 0.477036 0.101780
vt 0.462054 0.095663
vt 0.465861 0.104033
vt 0.450282 0.099129
vt 0.488511 0.108648
vt 0.478314 0.109847
vt 0.499069 0.108184
vt 0.455333 0.106827
vt 0.439291 0.102979
vt 0.445507 0.109985
vt 0.429098 0.107032
vt 0.468584 0.111658
vt 0.459402 0.113934
vt 0.488034 0.116060
vt 0.479293 0.117066
vt 0.470936 0.118573
vt 0.506323 0.115977
vt 0.497077 0.115668
vt 0.408501 0.080261
vt 0.397478 0.086528
vt 0.386741 0.092749
vt 0.421556 0.087921
vt 0.410142 0.093524
vt 0.433555 0.082415
vt 0.376434 0.098859
vt 0.366657 0.104804
vt 0.399376 0.099105
vt 0.389300 0.104564
vt 0.431564 0.095572
vt 0.420513 0.100396
vt 0.410255 0.105241
vt 0.456005 0.086614
vt 0.443402 0.090918
vt 0.507675 0.165393
vt 0.514045 0.170745
vt 0.508961 0.172576
vt 0.502294 0.167223
vt 0.503062 0.175085
vt 0.496165 0.169753
vt 0.515554 0.177903
vt 0.509981 0.180374
vt 0.520230 0.176110
vt 0.496036 0.178599
vt 0.488975 0.173319
vt 0.487660 0.183477
vt 0.480517 0.178282
vt 0.503193 0.183839
vt 0.494948 0.188650
vt 0.516410 0.185383
vt 0.509930 0.188840
vt 0.501891 0.193644
vt 0.515806 0.193509
vt 0.508054 0.198427
vt 0.521900 0.189904
vt 0.525803 0.181179
vt 0.521596 0.182933
vt 0.526639 0.187280
vt 0.530341 0.185387
vt 0.477862 0.190016
vt 0.470746 0.184933
vt 0.467009 0.198070
vt 0.460055 0.193095
vt 0.485136 0.195109
vt 0.474100 0.203090
vt 0.455500 0.207219
vt 0.448839 0.202326
vt 0.443710 0.216885
vt 0.437435 0.212035
vt 0.462249 0.212198
vt 0.450010 0.221863
vt 0.480958 0.208078
vt 0.468800 0.217206
vt 0.456140 0.226923
vt 0.474850 0.222289
vt 0.461874 0.232101
vt 0.487215 0.213066
vt 0.492131 0.200096
vt 0.498431 0.204985
vt 0.533628 0.188997
vt 0.530437 0.191165
vt 0.526197 0.194090
vt 0.533454 0.195350
vt 0.529682 0.198450
vt 0.536247 0.193012
vt 0.520545 0.198047
vt 0.513166 0.203178
vt 0.524519 0.202572
vt 0.517443 0.208081
vt 0.532729 0.203272
vt 0.527815 0.207573
vt 0.521061 0.213319
vt 0.530834 0.213005
vt 0.524262 0.218995
vt 0.535602 0.208557
vt 0.538932 0.197790
vt 0.536256 0.200113
vt 0.539069 0.205376
vt 0.541804 0.203115
vt 0.503768 0.209952
vt 0.492623 0.218217
vt 0.508274 0.215154
vt 0.497258 0.223659
vt 0.480188 0.227585
vt 0.467043 0.237501
vt 0.484842 0.233196
vt 0.471619 0.243234
vt 0.501275 0.229460
vt 0.488921 0.239176
vt 0.475708 0.249313
vt 0.492448 0.245595
vt 0.479246 0.255818
vt 0.504755 0.235700
vt 0.512137 0.220695
vt 0.515507 0.226671
vt 0.522864 0.144348
vt 0.521085 0.145814
vt 0.518272 0.146545
vt 0.524881 0.149344
vt 0.522324 0.150492
vt 0.526729 0.147334
vt 0.514729 0.146984
vt 0.510632 0.147355
vt 0.519111 0.151259
vt 0.515324 0.151825
vt 0.526450 0.154626
vt 0.523511 0.155658
vt 0.520044 0.156426
vt 0.527863 0.160261
vt 0.524770 0.161249
vt 0.530530 0.159003
vt 0.530888 0.150728
vt 0.528880 0.153085
vt 0.532893 0.157115
vt 0.535131 0.154468
vt 0.490613 0.150773
vt 0.484708 0.152645
vt 0.478069 0.155299
vt 0.490334 0.157191
vt 0.483882 0.159769
vt 0.496074 0.155368
vt 0.470374 0.159086
vt 0.461436 0.164369
vt 0.476401 0.163450
vt 0.467699 0.168592
vt 0.489804 0.164608
vt 0.482479 0.168223
vt 0.473927 0.173268
vt 0.501682 0.160248
vt 0.496101 0.162064
vt 0.451274 0.171427
vt 0.440360 0.180027
vt 0.457778 0.175479
vt 0.447080 0.183892
vt 0.429145 0.189676
vt 0.417966 0.199746
vt 0.436028 0.193356
vt 0.424945 0.203256
vt 0.453499 0.188306
vt 0.442444 0.197638
vt 0.431284 0.207423
vt 0.464128 0.180029
vt 0.335747 0.271858
vt 0.326471 0.281085
vt 0.317693 0.290240
vt 0.332329 0.283355
vt 0.322763 0.292601
vt 0.342069 0.274221
vt 0.309530 0.298882
vt 0.301627 0.306625
vt 0.313376 0.301694
vt 0.303907 0.310425
vt 0.327300 0.296109
vt 0.317075 0.305497
vt 0.306696 0.314789
vt 0.320794 0.309889
vt 0.309868 0.319486
vt 0.331543 0.300353
vt 0.347568 0.277718
vt 0.337463 0.286792
vt 0.342114 0.291014
vt 0.352484 0.281992
vt 0.357041 0.286750
vt 0.346489 0.295706
vt 0.335654 0.305022
vt 0.350732 0.300755
vt 0.339732 0.310000
vt 0.361404 0.291882
vt 0.324582 0.314610
vt 0.313331 0.324363
vt 0.328467 0.319559
vt 0.317035 0.329360
vt 0.343853 0.315227
vt 0.332478 0.324689
vt 0.320942 0.334437
vt 0.336608 0.329952
vt 0.325015 0.339561
vt 0.348061 0.320665
vt 0.365715 0.297338
vt 0.354957 0.306094
vt 0.359243 0.311710
vt 0.370060 0.303089
vt 0.374475 0.309089
vt 0.363607 0.317543
vt 0.352354 0.326263
vt 0.367917 0.323467
vt 0.356617 0.331899
vt 0.378823 0.315217
vt 0.340837 0.335298
vt 0.329212 0.344684
vt 0.345071 0.340615
vt 0.333468 0.349709
vt 0.360689 0.337447
vt 0.349188 0.345785
vt 0.337695 0.354523
vt 0.353033 0.350719
vt 0.341797 0.359025
vt 0.364363 0.342824
vt 0.382902 0.321349
vt 0.371985 0.329353
vt 0.375569 0.335123
vt 0.386457 0.327416
vt 0.389208 0.333433
vt 0.378400 0.340781
vt 0.367401 0.348017
vt 0.380145 0.346583
vt 0.369483 0.353228
vt 0.390829 0.339661
vt 0.356421 0.355369
vt 0.345667 0.363134
vt 0.359095 0.359807
vt 0.349157 0.366794
vt 0.370224 0.358749
vt 0.360612 0.363967
vt 0.352031 0.369718
vt 0.360078 0.368549
vt 0.353883 0.371614
vt 0.369021 0.364860
vt 0.390992 0.346420
vt 0.380451 0.352848
vt 0.378970 0.359930
vt 0.389418 0.354021
vt 0.527156 0.225141
vt 0.518464 0.233115
vt 0.507735 0.242409
vt 0.520979 0.240136
vt 0.510158 0.249679
vt 0.529732 0.231881
vt 0.495413 0.252486
vt 0.482186 0.262790
vt 0.497723 0.259925
vt 0.484394 0.270298
vt 0.511900 0.257621
vt 0.499222 0.268006
vt 0.485682 0.278431
vt 0.499720 0.276853
vt 0.485844 0.287304
vt 0.512788 0.266376
vt 0.531918 0.239355
vt 0.522958 0.247863
vt 0.524250 0.256453
vt 0.533589 0.247729
vt 0.544791 0.208897
vt 0.541914 0.211112
vt 0.538401 0.214319
vt 0.544769 0.217435
vt 0.541119 0.220688
vt 0.547824 0.215227
vt 0.533662 0.218909
vt 0.536296 0.225419
vt 0.543692 0.227779
vt 0.538674 0.232670
vt 0.540685 0.240819
vt 0.546007 0.235729
vt 0.550809 0.222172
vt 0.547548 0.224433
vt 0.550128 0.232221
vt 0.553607 0.229822
vt 0.565151 0.192417
vt 0.567863 0.197981
vt 0.564343 0.198840
vt 0.561283 0.193490
vt 0.561294 0.200100
vt 0.557929 0.194747
vt 0.567083 0.204170
vt 0.564423 0.205601
vt 0.570157 0.203406
vt 0.558466 0.201581
vt 0.554900 0.196100
vt 0.555704 0.203101
vt 0.552068 0.197458
vt 0.561846 0.207344
vt 0.559197 0.209114
vt 0.567398 0.211157
vt 0.565119 0.213334
vt 0.562596 0.215471
vt 0.568395 0.219562
vt 0.565888 0.222207
vt 0.570487 0.216722
vt 0.572004 0.208411
vt 0.569552 0.209299
vt 0.572155 0.214038
vt 0.573269 0.212112
vt 0.551220 0.171816
vt 0.554983 0.176563
vt 0.550774 0.178890
vt 0.547334 0.174623
vt 0.547118 0.180925
vt 0.544003 0.177077
vt 0.554333 0.183385
vt 0.550589 0.184991
vt 0.558621 0.181581
vt 0.544061 0.182612
vt 0.541275 0.179099
vt 0.541614 0.183958
vt 0.539132 0.180669
vt 0.547365 0.186372
vt 0.544647 0.187561
vt 0.554302 0.189644
vt 0.551127 0.190952
vt 0.548298 0.192192
vt 0.562047 0.186898
vt 0.557905 0.188282
vt 0.539348 0.158485
vt 0.536796 0.161374
vt 0.534393 0.163584
vt 0.540500 0.165771
vt 0.537911 0.168239
vt 0.543460 0.162735
vt 0.531972 0.165221
vt 0.529311 0.166359
vt 0.535586 0.170182
vt 0.533297 0.171639
vt 0.541084 0.172830
vt 0.538666 0.174965
vt 0.536604 0.176628
vt 0.547421 0.167191
vt 0.543997 0.170229
vt 0.620978 0.350113
vt 0.631284 0.314764
vt 0.642985 0.303553
vt 0.632332 0.344357
vt 0.653120 0.290349
vt 0.642290 0.337004
vt 0.646951 0.247299
vt 0.655572 0.206209
vt 0.637026 0.272125
vt 0.737266 0.621183
vt 0.738663 0.624867
vt 0.734677 0.627746
vt 0.728941 0.626885
vt 0.728927 0.638182
vt 0.724083 0.636702
vt 0.736489 0.631385
vt 0.733054 0.639201
vt 0.738545 0.628456
vt 0.634674 0.168008
vt 0.621511 0.131374
vt 0.629630 0.120693
vt 0.597562 0.106087
vt 0.562755 0.067871
vt 0.612065 0.141419
vt 0.597881 0.123099
vt 0.621773 0.164847
vt 0.635558 0.234881
vt 0.640522 0.205275
vt 0.627070 0.189504
vt 0.627696 0.212765
vt 0.442257 0.028523
vt 0.488631 0.035687
vt 0.478596 0.038689
vt 0.435483 0.032963
vt 0.471706 0.043473
vt 0.431159 0.038632
vt 0.536621 0.061981
vt 0.520662 0.061177
vt 0.463302 0.049135
vt 0.425828 0.045193
vt 0.453198 0.055227
vt 0.418916 0.052145
vt 0.504640 0.061994
vt 0.488657 0.064298
vt 0.554287 0.083826
vt 0.535047 0.079467
vt 0.516518 0.077660
vt 0.549818 0.095593
vt 0.532978 0.091671
vt 0.566592 0.101775
vt 0.573838 0.090956
vt 0.582439 0.110377
vt 0.617145 0.201952
vt 0.615416 0.184269
vt 0.610691 0.166361
vt 0.604884 0.182468
vt 0.600701 0.168743
vt 0.606997 0.196301
vt 0.603074 0.149484
vt 0.593070 0.135148
vt 0.594412 0.155819
vt 0.586712 0.144163
vt 0.591437 0.171009
vt 0.586089 0.160502
vt 0.579469 0.150922
vt 0.578300 0.164445
vt 0.572566 0.156409
vt 0.583021 0.173183
vt 0.597594 0.193243
vt 0.595262 0.182033
vt 0.586618 0.182348
vt 0.589108 0.191691
vt 0.581440 0.124048
vt 0.568753 0.115577
vt 0.577271 0.134477
vt 0.566809 0.126590
vt 0.555014 0.109064
vt 0.540910 0.104415
vt 0.555564 0.120317
vt 0.543962 0.115547
vt 0.563134 0.135568
vt 0.553896 0.129791
vt 0.544364 0.125175
vt 0.551224 0.137800
vt 0.543349 0.133433
vt 0.558868 0.143042
vt 0.571775 0.142604
vt 0.566062 0.149239
vt 0.547923 0.440478
vt 0.557307 0.437323
vt 0.545697 0.460516
vt 0.566660 0.434831
vt 0.554999 0.458341
vt 0.568672 0.413938
vt 0.578091 0.410966
vt 0.559233 0.417551
vt 0.576014 0.433027
vt 0.564266 0.456870
vt 0.585715 0.431762
vt 0.573736 0.456041
vt 0.587541 0.408677
vt 0.597462 0.406896
vt 0.589453 0.386249
vt 0.599149 0.383034
vt 0.609459 0.380125
vt 0.610332 0.355164
vt 0.600368 0.360074
vt 0.570268 0.394381
vt 0.579850 0.390044
vt 0.590547 0.365271
vt 0.580799 0.370758
vt 0.595938 0.430934
vt 0.583509 0.455827
vt 0.605736 0.431092
vt 0.592916 0.456461
vt 0.608101 0.405437
vt 0.619384 0.403808
vt 0.614014 0.433084
vt 0.601283 0.458150
vt 0.338287 0.000000
vt 0.357338 0.010791
vt 0.354229 0.017785
vt 0.333779 0.006675
vt 0.376256 0.015328
vt 0.379254 0.023451
vt 0.624581 0.411998
vt 0.686856 0.614658
vt 0.684179 0.619132
vt 0.672685 0.629061
vt 0.670743 0.625698
vt 0.665122 0.653851
vt 0.662032 0.653407
vt 0.673854 0.634241
vt 0.667761 0.656292
vt 0.680844 0.624501
vt 0.620497 0.377068
vt 0.630507 0.372346
vt 0.350190 0.023897
vt 0.329138 0.013597
vt 0.345560 0.030083
vt 0.323814 0.021029
vt 0.374308 0.029564
vt 0.370297 0.035418
vt 0.340310 0.037041
vt 0.317652 0.029489
vt 0.334304 0.044653
vt 0.310556 0.038867
vt 0.365653 0.041930
vt 0.360066 0.048907
vt 0.398473 0.037190
vt 0.393936 0.043867
vt 0.388158 0.050904
vt 0.407671 0.026232
vt 0.402244 0.031271
vt 0.327465 0.052650
vt 0.302479 0.048909
vt 0.319792 0.061011
vt 0.293492 0.059569
vt 0.353529 0.056061
vt 0.346133 0.063363
vt 0.311333 0.069777
vt 0.283762 0.070841
vt 0.337976 0.070850
vt 0.373396 0.064965
vt 0.364849 0.071957
vt 0.392164 0.072738
vt 0.401714 0.065970
vt 0.381233 0.057956
vt 0.410737 0.059101
vt 0.442206 0.061444
vt 0.430923 0.067714
vt 0.473516 0.067813
vt 0.459362 0.072195
vt 0.419660 0.073990
vt 0.446108 0.077132
vt 0.483786 0.079864
vt 0.469398 0.082855
vt 0.487803 0.090682
vt 0.501888 0.089589
vt 0.499432 0.077978
vt 0.516938 0.089798
vt 0.527096 0.101446
vt 0.513782 0.099905
vt 0.532393 0.112109
vt 0.521021 0.109824
vt 0.501015 0.099565
vt 0.509908 0.108551
vt 0.525191 0.118894
vt 0.515702 0.117042
vt 0.519388 0.124732
vt 0.527397 0.126939
vt 0.534763 0.121581
vt 0.535391 0.129833
vt 0.541611 0.140424
vt 0.534993 0.136874
vt 0.528341 0.133873
vt 0.533972 0.142698
vt 0.528426 0.139625
vt 0.539533 0.146219
vt 0.521652 0.131450
vt 0.522901 0.137059
vt 0.527877 0.144125
vt 0.523353 0.141422
vt 0.537338 0.150874
vt 0.532569 0.147304
vt 0.566276 0.161084
vt 0.560680 0.154842
vt 0.554589 0.149338
vt 0.555761 0.159612
vt 0.550532 0.154632
vt 0.560645 0.165135
vt 0.548179 0.144553
vt 0.545083 0.150183
vt 0.546806 0.159058
vt 0.542111 0.154791
vt 0.555642 0.168678
vt 0.551339 0.163687
vt 0.581645 0.191093
vt 0.579042 0.183162
vt 0.575604 0.175387
vt 0.572488 0.184271
vt 0.569137 0.177553
vt 0.575207 0.191130
vt 0.571325 0.167963
vt 0.565168 0.171129
vt 0.563517 0.179628
vt 0.559752 0.173983
vt 0.569743 0.191610
vt 0.566863 0.185544
vt 0.589673 0.227707
vt 0.584486 0.221834
vt 0.584908 0.214457
vt 0.590828 0.219076
vt 0.584554 0.206825
vt 0.591137 0.210149
vt 0.579677 0.211210
vt 0.578814 0.204707
vt 0.579782 0.217394
vt 0.583470 0.199011
vt 0.590584 0.200996
vt 0.577315 0.197977
vt 0.574016 0.203580
vt 0.572135 0.197673
vt 0.575862 0.214125
vt 0.575332 0.209136
vt 0.604710 0.276769
vt 0.603348 0.259251
vt 0.608614 0.246826
vt 0.611798 0.264025
vt 0.613019 0.233196
vt 0.618307 0.249517
vt 0.603345 0.234372
vt 0.605933 0.222336
vt 0.599771 0.245692
vt 0.616150 0.218278
vt 0.623891 0.232769
vt 0.607239 0.209655
vt 0.598379 0.215082
vt 0.598575 0.204314
vt 0.594954 0.235444
vt 0.597143 0.225475
vt 0.590332 0.346530
vt 0.600164 0.339291
vt 0.610139 0.331799
vt 0.607598 0.312355
vt 0.617240 0.301577
vt 0.598045 0.321929
vt 0.620340 0.323887
vt 0.626979 0.288881
vt 0.620103 0.272738
vt 0.628188 0.256339
vt 0.603015 0.298089
vt 0.611652 0.286356
vt 0.144004 0.467822
vt 0.160145 0.451871
vt 0.162130 0.459747
vt 0.145932 0.475766
vt 0.165189 0.466722
vt 0.148914 0.482798
vt 0.177945 0.444462
vt 0.181059 0.451366
vt 0.175893 0.436698
vt 0.169237 0.472824
vt 0.152897 0.488908
vt 0.174198 0.478084
vt 0.157838 0.494099
vt 0.185130 0.457457
vt 0.190062 0.462782
vt 0.196604 0.436613
vt 0.200670 0.442670
vt 0.205539 0.448040
vt 0.215891 0.428395
vt 0.220669 0.433780
vt 0.211850 0.422402
vt 0.191313 0.422218
vt 0.193445 0.429816
vt 0.208656 0.415748
vt 0.206436 0.408364
vt 0.180016 0.482534
vt 0.163706 0.498384
vt 0.186714 0.486142
vt 0.170525 0.501746
vt 0.195786 0.467381
vt 0.202321 0.471206
vt 0.194310 0.488863
vt 0.178294 0.504170
vt 0.202802 0.490667
vt 0.186986 0.505658
vt 0.209696 0.474197
vt 0.217924 0.476298
vt 0.217464 0.456772
vt 0.224568 0.460007
vt 0.232471 0.462392
vt 0.238989 0.446206
vt 0.246518 0.448853
vt 0.232195 0.442756
vt 0.211131 0.452759
vt 0.226099 0.438587
vt 0.221258 0.395104
vt 0.223563 0.402235
vt 0.226782 0.408713
vt 0.238065 0.389323
vt 0.241303 0.395593
vt 0.235673 0.382481
vt 0.230780 0.414611
vt 0.235445 0.419979
vt 0.245248 0.401367
vt 0.249784 0.406689
vt 0.255307 0.383109
vt 0.259197 0.388738
vt 0.263604 0.393993
vt 0.272544 0.376766
vt 0.276827 0.381942
vt 0.268701 0.371295
vt 0.249558 0.370549
vt 0.252046 0.377070
vt 0.265407 0.365504
vt 0.262807 0.359329
vt 0.240690 0.424841
vt 0.246524 0.429132
vt 0.254834 0.411583
vt 0.260390 0.415962
vt 0.252980 0.432763
vt 0.260100 0.435642
vt 0.266488 0.419743
vt 0.273174 0.422826
vt 0.273716 0.403328
vt 0.279447 0.407238
vt 0.285684 0.410506
vt 0.291825 0.395350
vt 0.297601 0.398795
vt 0.286461 0.391321
vt 0.268443 0.398881
vt 0.281468 0.386819
vt 0.093148 0.491207
vt 0.075617 0.508494
vt 0.092067 0.501685
vt 0.074445 0.518986
vt 0.110695 0.473253
vt 0.109570 0.483739
vt 0.091842 0.511464
vt 0.073902 0.529096
vt 0.092362 0.520735
vt 0.073767 0.539199
vt 0.109422 0.493393
vt 0.110204 0.502316
vt 0.126751 0.466118
vt 0.126546 0.475793
vt 0.127381 0.484637
vt 0.143179 0.458984
vt 0.143470 0.449270
vt 0.128003 0.455572
vt 0.144857 0.438680
vt 0.093527 0.529581
vt 0.073799 0.549594
vt 0.095389 0.537838
vt 0.073957 0.560279
vt 0.111865 0.510537
vt 0.114421 0.517948
vt 0.098142 0.545164
vt 0.074510 0.570788
vt 0.102142 0.551044
vt 0.076459 0.579570
vt 0.117942 0.524383
vt 0.122547 0.529659
vt 0.132083 0.499775
vt 0.135923 0.505947
vt 0.140769 0.511107
vt 0.129234 0.492650
vt 0.107811 0.554965
vt 0.082438 0.583188
vt 0.115144 0.557088
vt 0.091179 0.583452
vt 0.128344 0.533638
vt 0.135363 0.536364
vt 0.123830 0.557816
vt 0.101520 0.581940
vt 0.133525 0.557528
vt 0.112717 0.579574
vt 0.143500 0.537963
vt 0.152605 0.538590
vt 0.153541 0.518307
vt 0.161458 0.520385
vt 0.170315 0.521515
vt 0.146633 0.515225
vt 0.143960 0.556498
vt 0.124354 0.576829
vt 0.154991 0.554819
vt 0.136160 0.573793
vt 0.162525 0.538382
vt 0.173160 0.537413
vt 0.166171 0.552425
vt 0.147885 0.570420
vt 0.178451 0.549576
vt 0.184064 0.535575
vt 0.195949 0.533230
vt 0.190466 0.521199
vt 0.201217 0.519710
vt 0.212800 0.517655
vt 0.217577 0.504760
vt 0.228662 0.502725
vt 0.206860 0.505962
vt 0.180022 0.521766
vt 0.196546 0.506234
vt 0.212158 0.491544
vt 0.222275 0.491551
vt 0.226995 0.477477
vt 0.236831 0.477778
vt 0.232806 0.490580
vt 0.243425 0.488516
vt 0.247134 0.477082
vt 0.257434 0.475147
vt 0.250634 0.464472
vt 0.260594 0.464052
vt 0.270632 0.462346
vt 0.273480 0.451535
vt 0.283536 0.450454
vt 0.263805 0.451520
vt 0.241178 0.463874
vt 0.254800 0.450628
vt 0.267916 0.437686
vt 0.276420 0.438860
vt 0.280492 0.425117
vt 0.288461 0.426557
vt 0.285587 0.439137
vt 0.295197 0.438289
vt 0.297093 0.427096
vt 0.306214 0.426465
vt 0.299886 0.414719
vt 0.307957 0.415503
vt 0.316561 0.415049
vt 0.318130 0.404489
vt 0.326191 0.404160
vt 0.310659 0.403478
vt 0.292478 0.413028
vt 0.303848 0.401542
vt 0.308949 0.387786
vt 0.314624 0.390772
vt 0.320782 0.392967
vt 0.325012 0.380772
vt 0.330394 0.383309
vt 0.319938 0.377498
vt 0.327566 0.394208
vt 0.335017 0.393966
vt 0.336241 0.384865
vt 0.342849 0.384755
vt 0.339713 0.374596
vt 0.344232 0.376699
vt 0.349445 0.376988
vt 0.330813 0.367926
vt 0.335266 0.371572
vt 0.289433 0.370567
vt 0.293895 0.375439
vt 0.298628 0.380001
vt 0.305877 0.364679
vt 0.310388 0.369332
vt 0.301557 0.359783
vt 0.303635 0.384155
vt 0.315073 0.373643
vt 0.321943 0.359258
vt 0.326361 0.363784
vt 0.313366 0.349482
vt 0.317595 0.354456
vt 0.275355 0.348798
vt 0.278096 0.354610
vt 0.281443 0.360150
vt 0.290219 0.344236
vt 0.293648 0.349544
vt 0.287291 0.338781
vt 0.285256 0.365466
vt 0.297457 0.354729
vt 0.305463 0.339325
vt 0.309303 0.344425
vt 0.298745 0.329074
vt 0.301915 0.334206
vt 0.272946 0.328450
vt 0.261222 0.337201
vt 0.272486 0.335917
vt 0.260458 0.345361
vt 0.283624 0.320608
vt 0.283684 0.327135
vt 0.273391 0.342630
vt 0.261073 0.352676
vt 0.285021 0.333126
vt 0.294095 0.318785
vt 0.296069 0.323934
vt 0.293152 0.313541
vt 0.221229 0.368942
vt 0.206790 0.381196
vt 0.219956 0.378546
vt 0.205410 0.391142
vt 0.235209 0.357488
vt 0.234069 0.366685
vt 0.220008 0.387239
vt 0.205320 0.400183
vt 0.234281 0.374977
vt 0.247615 0.355613
vt 0.248009 0.363449
vt 0.248592 0.346890
vt 0.161105 0.422851
vt 0.159634 0.433407
vt 0.176791 0.408059
vt 0.175296 0.418493
vt 0.159307 0.443086
vt 0.174998 0.428042
vt 0.190533 0.404437
vt 0.190319 0.413768
vt 0.191992 0.394210
vt 0.114494 0.782038
vt 0.107150 0.783486
vt 0.107266 0.777061
vt 0.114826 0.776380
vt 0.107708 0.770759
vt 0.115388 0.770854
vt 0.098922 0.777807
vt 0.099242 0.770566
vt 0.099046 0.785165
vt 0.108414 0.764563
vt 0.116112 0.765438
vt 0.109347 0.758455
vt 0.116957 0.760102
vt 0.099947 0.763438
vt 0.101000 0.756416
vt 0.090077 0.770255
vt 0.090797 0.762026
vt 0.092005 0.753933
vt 0.081067 0.760277
vt 0.082474 0.750938
vt 0.080316 0.769796
vt 0.090284 0.787073
vt 0.089887 0.778611
vt 0.080273 0.779458
vt 0.080991 0.789213
vt 0.110443 0.752402
vt 0.117853 0.754800
vt 0.111755 0.746393
vt 0.118861 0.749500
vt 0.102337 0.749485
vt 0.104006 0.742648
vt 0.113302 0.740414
vt 0.120015 0.744178
vt 0.115135 0.734464
vt 0.121379 0.738829
vt 0.106013 0.735901
vt 0.108392 0.729252
vt 0.095728 0.738189
vt 0.098281 0.730564
vt 0.101306 0.723125
vt 0.090283 0.724309
vt 0.094039 0.716118
vt 0.087073 0.732922
vt 0.093634 0.745982
vt 0.084462 0.741806
vt 0.071300 0.791590
vt 0.070201 0.780328
vt 0.070074 0.769136
vt 0.059756 0.781198
vt 0.059430 0.768188
vt 0.061316 0.794242
vt 0.070875 0.758111
vt 0.072542 0.747320
vt 0.060315 0.755371
vt 0.062339 0.742862
vt 0.048444 0.766770
vt 0.049481 0.751754
vt 0.052040 0.737160
vt 0.038456 0.746625
vt 0.041931 0.729376
vt 0.037130 0.764520
vt 0.051130 0.797237
vt 0.049001 0.782015
vt 0.037960 0.782715
vt 0.040825 0.800793
vt 0.074979 0.736827
vt 0.078232 0.726704
vt 0.065366 0.730777
vt 0.069451 0.719229
vt 0.082201 0.717198
vt 0.086749 0.708342
vt 0.074496 0.708293
vt 0.080397 0.698031
vt 0.061090 0.710016
vt 0.067469 0.697774
vt 0.074675 0.686773
vt 0.061958 0.684519
vt 0.071196 0.672411
vt 0.053782 0.698087
vt 0.055887 0.723185
vt 0.047003 0.713091
vt 0.131551 0.796664
vt 0.130642 0.792696
vt 0.130555 0.788332
vt 0.126630 0.794385
vt 0.126100 0.789542
vt 0.128056 0.799070
vt 0.130944 0.783776
vt 0.131646 0.779235
vt 0.126196 0.784669
vt 0.126698 0.779884
vt 0.120950 0.791383
vt 0.120737 0.786042
vt 0.121003 0.780831
vt 0.114498 0.787844
vt 0.115047 0.793785
vt 0.123729 0.802083
vt 0.121875 0.796773
vt 0.116370 0.799786
vt 0.118658 0.805717
vt 0.132502 0.774872
vt 0.133404 0.770747
vt 0.127408 0.775261
vt 0.128212 0.770819
vt 0.134246 0.766856
vt 0.134946 0.763127
vt 0.129019 0.766545
vt 0.129762 0.762389
vt 0.122217 0.770868
vt 0.122978 0.766089
vt 0.123763 0.761399
vt 0.121533 0.775775
vt 0.135413 0.759398
vt 0.135779 0.755552
vt 0.130349 0.758250
vt 0.130880 0.754038
vt 0.136116 0.751504
vt 0.136531 0.747271
vt 0.131419 0.749693
vt 0.132058 0.745214
vt 0.125240 0.752033
vt 0.126055 0.747258
vt 0.127019 0.742402
vt 0.124491 0.756733
vt 0.137103 0.742947
vt 0.137952 0.738729
vt 0.132904 0.740659
vt 0.134134 0.736178
vt 0.139183 0.734876
vt 0.135917 0.731984
vt 0.129904 0.732670
vt 0.132208 0.728093
vt 0.128049 0.723243
vt 0.125212 0.728225
vt 0.128236 0.737500
vt 0.123048 0.733476
vt 0.117333 0.728568
vt 0.120067 0.722827
vt 0.111206 0.722731
vt 0.114599 0.716442
vt 0.123497 0.717406
vt 0.118705 0.710550
vt 0.109007 0.709023
vt 0.113886 0.702632
vt 0.109186 0.693736
vt 0.103249 0.700931
vt 0.104843 0.715908
vt 0.098272 0.708431
vt 0.092060 0.699589
vt 0.098366 0.691017
vt 0.087016 0.688547
vt 0.094110 0.680069
vt 0.105321 0.683394
vt 0.101984 0.672221
vt 0.090977 0.667825
vt 0.100818 0.659054
vt 0.101251 0.644740
vt 0.090778 0.652927
vt 0.082354 0.677057
vt 0.081003 0.661845
vt 0.071042 0.654699
vt 0.082736 0.644377
vt 0.094758 0.635387
vt 0.090383 0.623332
vt 0.103029 0.615943
vt 0.076969 0.632334
vt 0.107188 0.627387
vt 0.116213 0.609124
vt 0.117750 0.594581
vt 0.130359 0.589614
vt 0.091456 0.605989
vt 0.105039 0.599862
vt 0.032650 0.717680
vt 0.039681 0.698502
vt 0.048797 0.681622
vt 0.036395 0.674580
vt 0.049375 0.657212
vt 0.025969 0.696996
vt 0.059492 0.667107
vt 0.063127 0.643447
vt 0.062590 0.621553
vt 0.077335 0.613177
vt 0.030790 0.640940
vt 0.047132 0.630974
vt 0.030563 0.805730
vt 0.026643 0.783477
vt 0.025455 0.760843
vt 0.015116 0.786213
vt 0.013317 0.755639
vt 0.020865 0.815264
vt 0.027340 0.738608
vt 0.016355 0.724761
vt 0.000000 0.756678
vt 0.006275 0.704043
vt 0.043229 0.606916
vt 0.049947 0.583609
vt 0.014309 0.839667
vt 0.003680 0.801309
vt 0.053313 0.566979
vt 0.055001 0.554206
vt 0.069725 0.867727
vt 0.069312 0.885765
vt 0.056087 0.866996
vt 0.059874 0.851808
vt 0.045355 0.847485
vt 0.051862 0.835396
vt 0.058040 0.890166
vt 0.042569 0.867123
vt 0.076673 0.911521
vt 0.036860 0.827100
vt 0.045514 0.818402
vt 0.030141 0.842237
vt 0.049714 0.901074
vt 0.030071 0.872647
vt 0.056029 0.543399
vt 0.057031 0.533358
vt 0.097736 0.946448
vt 0.072440 0.925554
vt 0.058385 0.523315
vt 0.060284 0.512717
vt 0.093084 0.827522
vt 0.086220 0.835116
vt 0.080788 0.824675
vt 0.088468 0.818264
vt 0.076532 0.813872
vt 0.084975 0.808713
vt 0.073212 0.832059
vt 0.068042 0.819782
vt 0.079650 0.843921
vt 0.073392 0.802807
vt 0.082521 0.798992
vt 0.064083 0.807146
vt 0.059705 0.826729
vt 0.054729 0.812190
vt 0.073840 0.854441
vt 0.066045 0.840809
vt 0.112920 0.810036
vt 0.110154 0.803426
vt 0.108389 0.796717
vt 0.103332 0.807701
vt 0.101067 0.800174
vt 0.106638 0.815076
vt 0.107459 0.790045
vt 0.099702 0.792632
vt 0.093211 0.804164
vt 0.091342 0.795610
vt 0.099964 0.820883
vt 0.096047 0.812634
vt 0.408417 0.717792
vt 0.425348 0.711161
vt 0.429570 0.721503
vt 0.411630 0.727422
vt 0.432696 0.733090
vt 0.413830 0.738007
vt 0.448285 0.714008
vt 0.452614 0.727177
vt 0.442964 0.702672
vt 0.434665 0.745679
vt 0.414677 0.749226
vt 0.434634 0.758384
vt 0.414107 0.760636
vt 0.455576 0.741983
vt 0.456316 0.756808
vt 0.473953 0.719068
vt 0.477704 0.738504
vt 0.479385 0.757040
vt 0.499725 0.737226
vt 0.507106 0.778543
vt 0.495962 0.693519
vt 0.460879 0.690693
vt 0.467652 0.703234
vt 0.485713 0.681221
vt 0.477460 0.670299
vt 0.432615 0.770315
vt 0.412061 0.771784
vt 0.428817 0.781580
vt 0.408542 0.782548
vt 0.454197 0.769918
vt 0.450087 0.781734
vt 0.423350 0.792450
vt 0.403542 0.792870
vt 0.416258 0.802698
vt 0.397070 0.802554
vt 0.444208 0.793093
vt 0.436631 0.803762
vt 0.472289 0.784894
vt 0.465991 0.796469
vt 0.458012 0.807110
vt 0.488047 0.807175
vt 0.479737 0.815897
vt 0.494916 0.797940
vt 0.476851 0.772440
vt 0.500536 0.788607
vt 0.490560 0.637310
vt 0.499291 0.640045
vt 0.508596 0.634245
vt 0.511025 0.606220
vt 0.520206 0.602649
vt 0.502052 0.605755
vt 0.725506 0.516708
vt 0.735347 0.528795
vt 0.721739 0.523236
vt 0.712833 0.511555
vt 0.699311 0.504806
vt 0.699290 0.509750
vt 0.693935 0.512368
vt 0.707216 0.521709
vt 0.715979 0.531186
vt 0.726512 0.539686
vt 0.739935 0.555339
vt 0.742045 0.546871
vt 0.747816 0.545346
vt 0.711501 0.629384
vt 0.708714 0.645850
vt 0.695872 0.666071
vt 0.703039 0.630235
vt 0.696939 0.627580
vt 0.690976 0.651057
vt 0.686736 0.669808
vt 0.690361 0.686488
vt 0.691954 0.705455
vt 0.699574 0.703522
vt 0.709775 0.706985
vt 0.705109 0.680870
vt 0.707424 0.666559
vt 0.514199 0.578150
vt 0.523651 0.578751
vt 0.533152 0.576505
vt 0.536723 0.553383
vt 0.548500 0.552016
vt 0.526730 0.552677
vt 0.533100 0.822375
vt 0.524267 0.819698
vt 0.517311 0.822768
vt 0.544327 0.844091
vt 0.537529 0.846229
vt 0.552133 0.844912
vt 0.509689 0.827342
vt 0.501086 0.832326
vt 0.530007 0.849240
vt 0.521592 0.852329
vt 0.557094 0.866416
vt 0.549824 0.869460
vt 0.541677 0.872207
vt 0.569003 0.888464
vt 0.561031 0.891301
vt 0.576222 0.885252
vt 0.570892 0.863431
vt 0.563577 0.863725
vt 0.582752 0.882128
vt 0.590820 0.880157
vt 0.355840 0.712658
vt 0.358620 0.717707
vt 0.366854 0.708194
vt 0.371332 0.713421
vt 0.360417 0.724142
vt 0.361300 0.731718
vt 0.374496 0.720028
vt 0.376616 0.727835
vt 0.384637 0.708265
vt 0.389009 0.715140
vt 0.392209 0.723240
vt 0.404138 0.709299
vt 0.398720 0.702093
vt 0.378918 0.702763
vt 0.392070 0.696284
vt 0.361339 0.740207
vt 0.360627 0.749325
vt 0.377687 0.736598
vt 0.377833 0.746053
vt 0.359308 0.758789
vt 0.357528 0.768336
vt 0.377141 0.755919
vt 0.375693 0.765922
vt 0.395536 0.742289
vt 0.395562 0.752685
vt 0.394516 0.763268
vt 0.394447 0.732385
vt 0.355413 0.777735
vt 0.352867 0.786821
vt 0.373562 0.775818
vt 0.370652 0.785419
vt 0.349766 0.795425
vt 0.346031 0.803382
vt 0.366852 0.794548
vt 0.362095 0.803029
vt 0.389185 0.783940
vt 0.384742 0.793661
vt 0.379058 0.802736
vt 0.392416 0.773751
vt 0.341670 0.810524
vt 0.336979 0.816706
vt 0.356400 0.810700
vt 0.350037 0.817448
vt 0.332189 0.821829
vt 0.326814 0.825840
vt 0.343251 0.823223
vt 0.335978 0.828058
vt 0.364449 0.818382
vt 0.356181 0.824840
vt 0.347632 0.830417
vt 0.371098 0.826508
vt 0.361627 0.832768
vt 0.380433 0.819407
vt 0.372189 0.811005
vt 0.389235 0.811421
vt 0.407687 0.812077
vt 0.398105 0.820566
vt 0.427534 0.813444
vt 0.417428 0.822212
vt 0.388015 0.828207
vt 0.377882 0.835057
vt 0.406848 0.830181
vt 0.396283 0.837442
vt 0.438187 0.825183
vt 0.427368 0.833080
vt 0.416593 0.840419
vt 0.449042 0.838244
vt 0.438312 0.845050
vt 0.459806 0.831199
vt 0.448574 0.816600
vt 0.470183 0.823819
vt 0.491603 0.837270
vt 0.481502 0.842284
vt 0.512444 0.855242
vt 0.502786 0.858183
vt 0.471083 0.847490
vt 0.460666 0.852921
vt 0.492852 0.861393
vt 0.482888 0.865017
vt 0.523638 0.876436
vt 0.514148 0.878389
vt 0.504599 0.880562
vt 0.534537 0.896646
vt 0.525342 0.897968
vt 0.543644 0.895235
vt 0.532880 0.874467
vt 0.552524 0.893522
vt 0.578249 0.910414
vt 0.570140 0.912615
vt 0.561685 0.914243
vt 0.586138 0.931848
vt 0.577925 0.933430
vt 0.594042 0.929663
vt 0.552993 0.915413
vt 0.544173 0.916263
vt 0.569485 0.934471
vt 0.560906 0.935051
vt 0.592733 0.952568
vt 0.584383 0.953541
vt 0.575889 0.953963
vt 0.598101 0.972427
vt 0.589638 0.972734
vt 0.606420 0.971508
vt 0.608715 0.948796
vt 0.600866 0.950997
vt 0.614534 0.969945
vt 0.622389 0.967731
vt 0.605232 0.897445
vt 0.599117 0.901028
vt 0.592867 0.904406
vt 0.614758 0.920118
vt 0.608476 0.923644
vt 0.620659 0.915965
vt 0.585887 0.907604
vt 0.601540 0.926867
vt 0.623189 0.942738
vt 0.616202 0.945979
vt 0.629913 0.964916
vt 0.636963 0.961750
vt 0.635623 0.935085
vt 0.629590 0.939205
vt 0.643448 0.958408
vt 0.649576 0.954520
vt 0.538084 0.528159
vt 0.547615 0.528958
vt 0.557132 0.529824
vt 0.558882 0.504621
vt 0.567935 0.505974
vt 0.549574 0.503996
vt 0.565967 0.530731
vt 0.560752 0.545610
vt 0.601942 0.881176
vt 0.611639 0.893022
vt 0.626502 0.910878
vt 0.576270 0.507904
vt 0.580142 0.481450
vt 0.588428 0.483364
vt 0.641530 0.930049
vt 0.655572 0.949661
vt 0.561578 0.480037
vt 0.571018 0.480337
vt 0.510534 0.530678
vt 0.498905 0.554650
vt 0.519688 0.529103
vt 0.508072 0.553282
vt 0.522156 0.507083
vt 0.531311 0.505319
vt 0.528817 0.528208
vt 0.517277 0.552553
vt 0.540405 0.504251
vt 0.543140 0.481772
vt 0.552307 0.480530
vt 0.533914 0.483724
vt 0.463885 0.629287
vt 0.450974 0.650759
vt 0.472970 0.631397
vt 0.460158 0.655551
vt 0.475534 0.604551
vt 0.484446 0.604562
vt 0.481836 0.634044
vt 0.468999 0.661878
vt 0.493235 0.604915
vt 0.496094 0.578304
vt 0.505063 0.577846
vt 0.487103 0.579282
vt 0.406222 0.688526
vt 0.413659 0.694613
vt 0.421144 0.679026
vt 0.429297 0.685267
vt 0.420036 0.702169
vt 0.436600 0.693112
vt 0.445166 0.672960
vt 0.453370 0.680753
vt 0.436370 0.666931
vt 0.298464 0.860533
vt 0.311974 0.867633
vt 0.305038 0.870427
vt 0.291811 0.862744
vt 0.297399 0.873439
vt 0.284571 0.865129
vt 0.320689 0.877690
vt 0.312586 0.881322
vt 0.327965 0.874326
vt 0.288331 0.876662
vt 0.276144 0.867694
vt 0.277208 0.879869
vt 0.266011 0.870253
vt 0.302815 0.885228
vt 0.290638 0.889163
vt 0.330152 0.888562
vt 0.319654 0.893142
vt 0.306433 0.897864
vt 0.338678 0.900265
vt 0.324513 0.905762
vt 0.349875 0.895081
vt 0.346423 0.880469
vt 0.338765 0.884350
vt 0.359011 0.890388
vt 0.367068 0.886104
vt 0.263660 0.882585
vt 0.253869 0.872405
vt 0.248179 0.884113
vt 0.240109 0.873514
vt 0.275602 0.892599
vt 0.258275 0.894751
vt 0.231631 0.883871
vt 0.225444 0.873034
vt 0.215083 0.881608
vt 0.210761 0.870701
vt 0.239663 0.894962
vt 0.221014 0.892950
vt 0.270782 0.905189
vt 0.250052 0.906140
vt 0.229158 0.904659
vt 0.263252 0.917141
vt 0.240151 0.916558
vt 0.285950 0.915133
vt 0.289943 0.902173
vt 0.306745 0.911039
vt 0.389351 0.891567
vt 0.380916 0.896045
vt 0.371289 0.901024
vt 0.403699 0.901817
vt 0.393683 0.906779
vt 0.412429 0.897461
vt 0.359479 0.906641
vt 0.344559 0.912792
vt 0.381428 0.912536
vt 0.366024 0.919079
vt 0.416295 0.912877
vt 0.403821 0.918386
vt 0.388259 0.924935
vt 0.426014 0.924670
vt 0.410629 0.930782
vt 0.438452 0.919820
vt 0.435432 0.904456
vt 0.426536 0.908314
vt 0.448721 0.916026
vt 0.457634 0.912996
vt 0.325828 0.919009
vt 0.303794 0.924295
vt 0.346746 0.926049
vt 0.324011 0.932476
vt 0.279528 0.927631
vt 0.254530 0.928336
vt 0.298780 0.937262
vt 0.272469 0.939560
vt 0.346057 0.939635
vt 0.320572 0.945790
vt 0.293717 0.949794
vt 0.344224 0.953142
vt 0.317629 0.958728
vt 0.369261 0.945915
vt 0.368892 0.932311
vt 0.391624 0.938105
vt 0.319907 0.828831
vt 0.312138 0.831218
vt 0.328156 0.832025
vt 0.320097 0.835295
vt 0.304242 0.833225
vt 0.296615 0.834866
vt 0.312144 0.838025
vt 0.304521 0.840266
vt 0.330503 0.839248
vt 0.322290 0.842686
vt 0.314475 0.845556
vt 0.334814 0.847163
vt 0.326706 0.850675
vt 0.343372 0.843037
vt 0.339008 0.835188
vt 0.352339 0.838255
vt 0.270440 0.838692
vt 0.264265 0.839345
vt 0.257808 0.840053
vt 0.271761 0.847043
vt 0.265099 0.848250
vt 0.278046 0.845930
vt 0.250777 0.840910
vt 0.242881 0.841909
vt 0.257686 0.849619
vt 0.249176 0.851090
vt 0.273912 0.856659
vt 0.266036 0.858602
vt 0.256780 0.860589
vt 0.287270 0.853243
vt 0.280830 0.854884
vt 0.233910 0.842879
vt 0.223998 0.843282
vt 0.239344 0.852420
vt 0.228387 0.853040
vt 0.213501 0.842555
vt 0.202924 0.840320
vt 0.216750 0.852390
vt 0.205037 0.850120
vt 0.233647 0.863128
vt 0.220624 0.862539
vt 0.207549 0.860223
vt 0.245888 0.862295
vt 0.145129 0.808991
vt 0.140778 0.806168
vt 0.136917 0.803187
vt 0.138137 0.811122
vt 0.134023 0.807408
vt 0.142727 0.814631
vt 0.133738 0.800069
vt 0.130582 0.803418
vt 0.130438 0.811853
vt 0.126642 0.807135
vt 0.122003 0.811404
vt 0.126222 0.816770
vt 0.139788 0.820485
vt 0.134886 0.816264
vt 0.131079 0.821845
vt 0.136376 0.826780
vt 0.132612 0.833760
vt 0.126821 0.828127
vt 0.121473 0.822392
vt 0.122252 0.835267
vt 0.116321 0.828843
vt 0.128652 0.841605
vt 0.116759 0.816380
vt 0.111036 0.822138
vt 0.110943 0.836250
vt 0.104998 0.828764
vt 0.098849 0.836360
vt 0.105578 0.844764
vt 0.124729 0.850523
vt 0.117573 0.843435
vt 0.113069 0.852832
vt 0.121195 0.860764
vt 0.118631 0.872682
vt 0.109190 0.863759
vt 0.100573 0.854623
vt 0.106679 0.876667
vt 0.096474 0.866223
vt 0.117996 0.886745
vt 0.092863 0.845102
vt 0.087430 0.855317
vt 0.094274 0.880257
vt 0.083247 0.867619
vt 0.081682 0.883156
vt 0.095807 0.897846
vt 0.120906 0.903583
vt 0.106854 0.892261
vt 0.111941 0.911467
vt 0.129775 0.923752
vt 0.147154 0.946963
vt 0.124974 0.934799
vt 0.104102 0.920262
vt 0.148358 0.961169
vt 0.122805 0.947694
vt 0.174029 0.971371
vt 0.085354 0.903710
vt 0.098508 0.930968
vt 0.153411 0.977452
vt 0.125106 0.963839
vt 0.062784 0.501185
vt 0.065738 0.488784
vt 0.208610 0.994076
vt 0.181534 0.987392
vt 0.068998 0.475772
vt 0.072450 0.462473
vt 0.432587 0.937060
vt 0.414343 0.943838
vt 0.392949 0.951618
vt 0.436560 0.949962
vt 0.416536 0.957160
vt 0.453694 0.944207
vt 0.368965 0.959451
vt 0.343343 0.966263
vt 0.394073 0.965021
vt 0.369975 0.972534
vt 0.439504 0.963028
vt 0.418927 0.970290
vt 0.396743 0.977870
vt 0.119579 0.312705
vt 0.111423 0.334838
vt 0.128575 0.289999
vt 0.473429 0.952692
vt 0.457785 0.956988
vt 0.138000 0.268017
vt 0.147282 0.248038
vt 0.478416 0.923189
vt 0.469669 0.925199
vt 0.459598 0.927962
vt 0.488927 0.935944
vt 0.479299 0.937559
vt 0.497301 0.934985
vt 0.447469 0.931809
vt 0.467760 0.940178
vt 0.496962 0.948756
vt 0.486325 0.950102
vt 0.155806 0.231038
vt 0.163369 0.216862
vt 0.513596 0.948156
vt 0.505865 0.948213
vt 0.169950 0.204988
vt 0.175679 0.194704
vt 0.535333 0.916935
vt 0.516191 0.899381
vt 0.526594 0.917538
vt 0.507189 0.900951
vt 0.552283 0.935257
vt 0.543746 0.935193
vt 0.518072 0.918155
vt 0.498431 0.902674
vt 0.509847 0.918836
vt 0.489973 0.904500
vt 0.535430 0.934957
vt 0.527432 0.934646
vt 0.558847 0.953436
vt 0.550579 0.952674
vt 0.542642 0.951694
vt 0.564337 0.970713
vt 0.556354 0.969391
vt 0.572621 0.971773
vt 0.567332 0.953896
vt 0.581101 0.972481
vt 0.450532 0.858511
vt 0.427957 0.851620
vt 0.440768 0.864070
vt 0.418059 0.857852
vt 0.473110 0.869065
vt 0.463608 0.873358
vt 0.431406 0.869415
vt 0.408631 0.863642
vt 0.422433 0.874406
vt 0.399637 0.868911
vt 0.454434 0.877693
vt 0.445597 0.881896
vt 0.485926 0.885922
vt 0.476969 0.888935
vt 0.468320 0.891986
vt 0.495160 0.883090
vt 0.368077 0.841180
vt 0.358709 0.846621
vt 0.386119 0.844056
vt 0.376446 0.850039
vt 0.349819 0.851401
vt 0.341403 0.855540
vt 0.367280 0.855383
vt 0.358592 0.860087
vt 0.396378 0.853559
vt 0.387024 0.859289
vt 0.378135 0.864410
vt 0.406237 0.847255
vt 0.560258 0.271053
vt 0.559374 0.285331
vt 0.553578 0.289785
vt 0.555145 0.274982
vt 0.546601 0.295162
vt 0.548953 0.279941
vt 0.550191 0.306266
vt 0.542420 0.311978
vt 0.556729 0.301342
vt 0.537866 0.301758
vt 0.541094 0.286267
vt 0.526938 0.309637
vt 0.531079 0.294046
vt 0.532858 0.318746
vt 0.521116 0.326632
vt 0.536471 0.329934
vt 0.526213 0.336769
vt 0.513821 0.344584
vt 0.518304 0.355310
vt 0.505435 0.363002
vt 0.529089 0.348495
vt 0.552207 0.318730
vt 0.544955 0.324006
vt 0.538140 0.342472
vt 0.545992 0.336994
vt 0.513627 0.318684
vt 0.518643 0.303161
vt 0.498489 0.328383
vt 0.504250 0.313049
vt 0.507063 0.335539
vt 0.491308 0.344994
vt 0.482308 0.338290
vt 0.488656 0.323221
vt 0.465913 0.348035
vt 0.472710 0.333284
vt 0.474647 0.354570
vt 0.457884 0.363895
vt 0.482959 0.362475
vt 0.465914 0.371671
vt 0.448850 0.380504
vt 0.456414 0.389162
vt 0.439091 0.397471
vt 0.473778 0.380375
vt 0.499192 0.353303
vt 0.490381 0.371505
vt 0.538471 0.355659
vt 0.530183 0.361188
vt 0.520733 0.367200
vt 0.521409 0.380039
vt 0.511701 0.385962
vt 0.529976 0.374571
vt 0.509584 0.373929
vt 0.496381 0.381465
vt 0.500311 0.392559
vt 0.486872 0.399910
vt 0.502159 0.404838
vt 0.490611 0.411263
vt 0.477001 0.418397
vt 0.480511 0.430176
vt 0.466768 0.437048
vt 0.492166 0.423960
vt 0.520751 0.393723
vt 0.512023 0.399058
vt 0.502122 0.418360
vt 0.510935 0.413199
vt 0.481012 0.389738
vt 0.464108 0.398295
vt 0.471258 0.407932
vt 0.454094 0.416158
vt 0.446461 0.406670
vt 0.428888 0.414465
vt 0.436177 0.424113
vt 0.418344 0.431407
vt 0.443783 0.433993
vt 0.425599 0.441501
vt 0.407487 0.448287
vt 0.414696 0.458883
vt 0.396279 0.465124
vt 0.433152 0.451879
vt 0.461184 0.426133
vt 0.450777 0.444444
vt 0.575256 0.218407
vt 0.573804 0.222356
vt 0.579001 0.223133
vt 0.577404 0.228400
vt 0.571728 0.226088
vt 0.569130 0.229389
vt 0.575112 0.233157
vt 0.572259 0.237222
vt 0.581180 0.235328
vt 0.578426 0.241110
vt 0.575138 0.245990
vt 0.581433 0.250328
vt 0.577530 0.256039
vt 0.584881 0.243560
vt 0.583233 0.228841
vt 0.587672 0.235936
vt 0.556135 0.238287
vt 0.552387 0.240926
vt 0.547917 0.244688
vt 0.554162 0.250773
vt 0.549240 0.254878
vt 0.558257 0.247791
vt 0.542165 0.250034
vt 0.534563 0.257175
vt 0.542918 0.260533
vt 0.534640 0.267910
vt 0.549704 0.266554
vt 0.542670 0.272549
vt 0.533569 0.280150
vt 0.559743 0.258615
vt 0.555200 0.262037
vt 0.524657 0.266075
vt 0.512618 0.276097
vt 0.523994 0.276941
vt 0.511231 0.286993
vt 0.499017 0.286606
vt 0.484685 0.297051
vt 0.496990 0.297465
vt 0.482124 0.307857
vt 0.508479 0.299264
vt 0.493551 0.309625
vt 0.478129 0.319897
vt 0.522054 0.289257
vt 0.385910 0.362683
vt 0.375436 0.368037
vt 0.365302 0.371493
vt 0.369848 0.376411
vt 0.359626 0.379617
vt 0.380669 0.372312
vt 0.356451 0.374665
vt 0.350607 0.382752
vt 0.352598 0.389323
vt 0.343282 0.392073
vt 0.334868 0.402324
vt 0.344484 0.399785
vt 0.373902 0.382408
vt 0.362940 0.386240
vt 0.355038 0.396953
vt 0.366154 0.393350
vt 0.357685 0.404608
vt 0.346353 0.407941
vt 0.335584 0.410739
vt 0.337033 0.419280
vt 0.326006 0.422065
vt 0.348592 0.416140
vt 0.325645 0.413201
vt 0.315747 0.424569
vt 0.315792 0.433706
vt 0.305201 0.436314
vt 0.293944 0.448340
vt 0.304954 0.445759
vt 0.338915 0.427995
vt 0.327168 0.431039
vt 0.316716 0.443229
vt 0.328646 0.440278
vt 0.317720 0.453040
vt 0.305557 0.455808
vt 0.293459 0.458241
vt 0.293592 0.468782
vt 0.280575 0.470576
vt 0.306004 0.466182
vt 0.281763 0.460479
vt 0.268294 0.472613
vt 0.267418 0.484018
vt 0.254724 0.486034
vt 0.240160 0.500086
vt 0.253328 0.498000
vt 0.293467 0.479726
vt 0.280698 0.482153
vt 0.267055 0.496111
vt 0.280091 0.493659
vt 0.265822 0.507915
vt 0.252381 0.510438
vt 0.238920 0.512986
vt 0.237152 0.525280
vt 0.223121 0.528023
vt 0.250793 0.522451
vt 0.225470 0.515343
vt 0.209069 0.530632
vt 0.206648 0.543392
vt 0.192213 0.546507
vt 0.235188 0.537230
vt 0.221134 0.540299
vt 0.456147 0.455965
vt 0.439997 0.462944
vt 0.422149 0.469860
vt 0.428852 0.481554
vt 0.410768 0.487838
vt 0.445162 0.475096
vt 0.403408 0.476273
vt 0.384657 0.481901
vt 0.391714 0.493556
vt 0.372596 0.498500
vt 0.398996 0.505648
vt 0.379596 0.510568
vt 0.360079 0.514772
vt 0.433839 0.494317
vt 0.417347 0.500126
vt 0.500603 0.433088
vt 0.491745 0.438057
vt 0.481730 0.443448
vt 0.480966 0.458130
vt 0.470911 0.463280
vt 0.489850 0.453372
vt 0.469999 0.449414
vt 0.459116 0.468942
vt 0.459765 0.483377
vt 0.447904 0.488664
vt 0.478764 0.473992
vt 0.469859 0.478514
vt 0.560740 0.399152
vt 0.571154 0.376454
vt 0.551352 0.404157
vt 0.561688 0.382194
vt 0.549810 0.421699
vt 0.540497 0.426183
vt 0.542210 0.409216
vt 0.552499 0.387827
vt 0.533413 0.414188
vt 0.543678 0.393246
vt 0.531409 0.430812
vt 0.522647 0.435432
vt 0.529289 0.448320
vt 0.520245 0.452623
vt 0.511520 0.456958
vt 0.538552 0.444208
vt 0.594307 0.308422
vt 0.597247 0.288042
vt 0.585640 0.317578
vt 0.589579 0.297976
vt 0.588611 0.330641
vt 0.579359 0.338602
vt 0.577145 0.325679
vt 0.581896 0.306651
vt 0.568949 0.332831
vt 0.574376 0.314159
vt 0.570384 0.345855
vt 0.561780 0.352438
vt 0.571184 0.360294
vt 0.562016 0.366671
vt 0.553232 0.372639
vt 0.580652 0.353555
vt 0.591909 0.244877
vt 0.588122 0.253557
vt 0.595400 0.256216
vt 0.590390 0.265773
vt 0.583766 0.261234
vt 0.579070 0.267734
vt 0.584946 0.274174
vt 0.579311 0.281318
vt 0.591065 0.280567
vt 0.584454 0.289346
vt 0.577830 0.296856
vt 0.597437 0.270514
vt 0.525018 0.418992
vt 0.535279 0.398397
vt 0.516902 0.423682
vt 0.527174 0.403363
vt 0.514274 0.439945
vt 0.506167 0.444388
vt 0.508864 0.428341
vt 0.519161 0.408250
vt 0.498126 0.448830
vt 0.495083 0.465439
vt 0.487047 0.469666
vt 0.475722 0.490770
vt 0.483755 0.486770
vt 0.503174 0.461222
vt 0.491830 0.482778
vt 0.566146 0.232078
vt 0.563030 0.224418
vt 0.562924 0.234277
vt 0.560010 0.226301
vt 0.569015 0.240472
vt 0.565556 0.243093
vt 0.559587 0.236221
vt 0.556847 0.227986
vt 0.561982 0.245390
vt 0.567723 0.253019
vt 0.563829 0.255774
vt 0.564819 0.267679
vt 0.569146 0.264366
vt 0.571514 0.249879
vt 0.573387 0.260622
vt 0.561137 0.339150
vt 0.567151 0.320632
vt 0.553603 0.344893
vt 0.560153 0.326384
vt 0.553604 0.358412
vt 0.545731 0.363963
vt 0.546151 0.350310
vt 0.553201 0.331731
vt 0.537958 0.369280
vt 0.536841 0.383462
vt 0.528898 0.388582
vt 0.544883 0.378194
vt 0.574259 0.273022
vt 0.569430 0.277425
vt 0.573703 0.287229
vt 0.568164 0.292257
vt 0.564539 0.281366
vt 0.562593 0.296811
vt 0.565078 0.308697
vt 0.558785 0.313746
vt 0.571377 0.303191
vt 0.501944 0.919612
vt 0.481825 0.906371
vt 0.494223 0.920545
vt 0.473858 0.908332
vt 0.519796 0.934363
vt 0.512385 0.934246
vt 0.486477 0.921693
vt 0.465887 0.910490
vt 0.505001 0.934467
vt 0.527816 0.949426
vt 0.520648 0.948394
vt 0.180681 0.185369
vt 0.207817 0.166986
vt 0.541256 0.966199
vt 0.533727 0.964361
vt 0.535095 0.950579
vt 0.548715 0.967875
vt 0.289507 0.836156
vt 0.283242 0.830186
vt 0.282871 0.837171
vt 0.276537 0.830787
vt 0.297374 0.842072
vt 0.290662 0.843547
vt 0.276576 0.837991
vt 0.270239 0.831229
vt 0.284275 0.844797
vt 0.300219 0.849896
vt 0.293654 0.851624
vt 0.305065 0.858385
vt 0.311879 0.856140
vt 0.307130 0.847919
vt 0.319069 0.853623
vt 0.413820 0.878979
vt 0.391042 0.873635
vt 0.405516 0.883244
vt 0.382814 0.877946
vt 0.437085 0.885864
vt 0.428819 0.889678
vt 0.397430 0.887371
vt 0.374886 0.882029
vt 0.420679 0.893481
vt 0.451836 0.897963
vt 0.443740 0.901068
vt 0.459977 0.894977
vt 0.333453 0.859077
vt 0.325954 0.862150
vt 0.350355 0.864169
vt 0.342558 0.867774
vt 0.318849 0.864936
vt 0.335150 0.871088
vt 0.361623 0.872974
vt 0.353931 0.876748
vt 0.369674 0.868924
vt 0.552932 0.204515
vt 0.549362 0.198755
vt 0.550180 0.205860
vt 0.546782 0.200052
vt 0.556415 0.210706
vt 0.553556 0.212149
vt 0.547476 0.207248
vt 0.544277 0.201406
vt 0.550694 0.213579
vt 0.556859 0.218929
vt 0.553875 0.220475
vt 0.559820 0.217333
vt 0.506128 0.147809
vt 0.501022 0.143308
vt 0.501271 0.148466
vt 0.495926 0.143982
vt 0.511072 0.152384
vt 0.506414 0.153085
vt 0.496105 0.149422
vt 0.490562 0.144992
vt 0.501413 0.154043
vt 0.511662 0.157906
vt 0.506855 0.158908
vt 0.512607 0.164019
vt 0.517123 0.162961
vt 0.516081 0.157122
vt 0.521195 0.162087
vt 0.539694 0.185042
vt 0.537362 0.181880
vt 0.537963 0.186127
vt 0.535513 0.182899
vt 0.542391 0.188653
vt 0.540376 0.189801
vt 0.536049 0.187381
vt 0.533257 0.183997
vt 0.538447 0.191211
vt 0.543433 0.194598
vt 0.541225 0.196012
vt 0.545754 0.193377
vt 0.526250 0.167337
vt 0.522680 0.168275
vt 0.530771 0.172723
vt 0.527801 0.173694
vt 0.518607 0.169361
vt 0.524296 0.174762
vt 0.532182 0.178831
vt 0.529305 0.179881
vt 0.534530 0.177808
vt 0.481848 0.129505
vt 0.473245 0.124877
vt 0.475428 0.130762
vt 0.466213 0.126568
vt 0.489147 0.134171
vt 0.483273 0.135123
vt 0.468933 0.132432
vt 0.459190 0.128671
vt 0.477246 0.136473
vt 0.490016 0.139541
vt 0.484369 0.140677
vt 0.495447 0.138776
vt 0.254460 0.129289
vt 0.224523 0.143751
vt 0.245872 0.139311
vt 0.216119 0.155263
vt 0.282394 0.120266
vt 0.273726 0.128795
vt 0.237496 0.149547
vt 0.265188 0.137634
vt 0.300001 0.122316
vt 0.291402 0.129886
vt 0.316273 0.125078
vt 0.324919 0.118494
vt 0.308688 0.115056
vt 0.333662 0.112154
vt 0.436375 0.113361
vt 0.419665 0.111157
vt 0.427724 0.116936
vt 0.410751 0.115370
vt 0.450790 0.116538
vt 0.442573 0.119435
vt 0.419298 0.120778
vt 0.402081 0.119777
vt 0.434528 0.122669
vt 0.455345 0.122718
vt 0.447785 0.125354
vt 0.462999 0.120468
vt 0.357438 0.110561
vt 0.348588 0.116274
vt 0.379895 0.109854
vt 0.370936 0.115089
vt 0.339877 0.122159
vt 0.362165 0.120457
vt 0.391745 0.114774
vt 0.382972 0.119680
vt 0.400749 0.110011
vt 0.271866 0.811560
vt 0.270032 0.804930
vt 0.264249 0.811350
vt 0.262052 0.804648
vt 0.274590 0.817942
vt 0.267345 0.817910
vt 0.257510 0.811073
vt 0.255112 0.804306
vt 0.260799 0.817789
vt 0.271408 0.824375
vt 0.265019 0.824498
vt 0.278331 0.824130
vt 0.291192 0.722945
vt 0.296925 0.715807
vt 0.281968 0.723826
vt 0.287880 0.716493
vt 0.286595 0.730085
vt 0.277154 0.731090
vt 0.273663 0.724603
vt 0.279618 0.717156
vt 0.268761 0.731923
vt 0.273201 0.738392
vt 0.264733 0.739206
vt 0.261407 0.746516
vt 0.269881 0.745796
vt 0.282831 0.737353
vt 0.279610 0.744821
vt 0.269046 0.783437
vt 0.270140 0.775854
vt 0.260227 0.783414
vt 0.261103 0.776029
vt 0.268660 0.790837
vt 0.260102 0.790670
vt 0.252757 0.783274
vt 0.253386 0.776019
vt 0.252805 0.790420
vt 0.260691 0.797754
vt 0.253567 0.797428
vt 0.268982 0.798014
vt 0.276702 0.752504
vt 0.267012 0.753324
vt 0.274095 0.760306
vt 0.264560 0.760917
vt 0.258639 0.753886
vt 0.256377 0.761288
vt 0.262560 0.768506
vt 0.254616 0.768684
vt 0.271864 0.768121
vt 0.322875 0.692885
vt 0.334544 0.684272
vt 0.313816 0.692840
vt 0.325329 0.684012
vt 0.312700 0.700923
vt 0.303736 0.701124
vt 0.305142 0.693008
vt 0.316371 0.684029
vt 0.295287 0.701462
vt 0.295106 0.708969
vt 0.286797 0.709479
vt 0.304062 0.708516
vt 0.480343 0.504549
vt 0.472270 0.508294
vt 0.468763 0.526447
vt 0.460653 0.529894
vt 0.464219 0.512033
vt 0.452537 0.533313
vt 0.448862 0.551355
vt 0.440604 0.554358
vt 0.428275 0.574748
vt 0.436778 0.572292
vt 0.457073 0.548300
vt 0.445180 0.569780
vt 0.376573 0.653370
vt 0.391603 0.640602
vt 0.366908 0.652972
vt 0.381963 0.640456
vt 0.361727 0.664705
vt 0.352161 0.664234
vt 0.357180 0.652918
vt 0.372196 0.640613
vt 0.342621 0.664110
vt 0.338186 0.674517
vt 0.328922 0.674428
vt 0.347586 0.674930
vt 0.432916 0.590321
vt 0.424208 0.592127
vt 0.420010 0.609233
vt 0.410918 0.610255
vt 0.415348 0.593924
vt 0.401648 0.611369
vt 0.396777 0.626337
vt 0.387171 0.626879
vt 0.406219 0.626007
vt 0.366702 0.486662
vt 0.378676 0.470459
vt 0.349784 0.490687
vt 0.362106 0.474992
vt 0.354253 0.502656
vt 0.336947 0.506183
vt 0.333968 0.494141
vt 0.346621 0.478871
vt 0.319158 0.497187
vt 0.332123 0.482264
vt 0.320761 0.509250
vt 0.305599 0.512014
vt 0.323608 0.521377
vt 0.307030 0.524122
vt 0.291493 0.526688
vt 0.292857 0.538706
vt 0.276947 0.541177
vt 0.309824 0.536194
vt 0.341321 0.518315
vt 0.327942 0.533529
vt 0.412091 0.421423
vt 0.422489 0.405018
vt 0.396252 0.427553
vt 0.406786 0.411779
vt 0.401322 0.437814
vt 0.385297 0.443376
vt 0.381409 0.432944
vt 0.392029 0.417809
vt 0.367472 0.437728
vt 0.378143 0.423210
vt 0.370308 0.448207
vt 0.356257 0.452458
vt 0.373927 0.459203
vt 0.358723 0.463537
vt 0.344483 0.467329
vt 0.390196 0.454164
vt 0.449989 0.357312
vt 0.457141 0.342923
vt 0.434746 0.366025
vt 0.442194 0.352049
vt 0.441682 0.372668
vt 0.426230 0.380799
vt 0.420258 0.374111
vt 0.427957 0.360600
vt 0.406507 0.381557
vt 0.414413 0.368548
vt 0.411594 0.388254
vt 0.397745 0.395059
vt 0.416841 0.396128
vt 0.402134 0.402869
vt 0.388258 0.408966
vt 0.432433 0.388676
vt 0.470455 0.307007
vt 0.471998 0.297272
vt 0.456697 0.316433
vt 0.458577 0.306712
vt 0.467446 0.317785
vt 0.453288 0.327201
vt 0.443583 0.325354
vt 0.445783 0.315662
vt 0.431109 0.333831
vt 0.433631 0.324204
vt 0.439792 0.336100
vt 0.426945 0.344508
vt 0.448417 0.339078
vt 0.434529 0.347882
vt 0.421305 0.356137
vt 0.462987 0.329737
vt 0.317294 0.971248
vt 0.290827 0.961997
vt 0.291368 0.974129
vt 0.264452 0.962813
vt 0.345312 0.978811
vt 0.320565 0.983462
vt 0.265916 0.974841
vt 0.238943 0.961240
vt 0.241060 0.973409
vt 0.214531 0.957428
vt 0.296035 0.986311
vt 0.271771 0.987298
vt 0.350832 0.990782
vt 0.327805 0.995356
vt 0.304854 0.998452
vt 0.092813 0.391323
vt 0.112105 0.373138
vt 0.107149 0.388804
vt 0.088069 0.407078
vt 0.098163 0.374172
vt 0.117742 0.356110
vt 0.373904 0.984861
vt 0.104314 0.355374
vt 0.124275 0.337473
vt 0.230369 0.926315
vt 0.218128 0.913442
vt 0.207844 0.921912
vt 0.197921 0.908231
vt 0.246640 0.939074
vt 0.222089 0.936002
vt 0.187479 0.915620
vt 0.179966 0.901474
vt 0.169514 0.907965
vt 0.164399 0.893710
vt 0.199379 0.930719
vt 0.178830 0.923671
vt 0.241054 0.949886
vt 0.216502 0.946218
vt 0.193627 0.940450
vt 0.266967 0.951151
vt 0.199496 0.877469
vt 0.196871 0.866605
vt 0.185373 0.871924
vt 0.184236 0.861226
vt 0.203468 0.888885
vt 0.187586 0.883243
vt 0.172971 0.865514
vt 0.173096 0.855128
vt 0.162326 0.858745
vt 0.163490 0.848837
vt 0.173658 0.876565
vt 0.161721 0.869356
vt 0.191495 0.895320
vt 0.175720 0.888487
vt 0.162165 0.880920
vt 0.209424 0.900895
vt 0.192757 0.836518
vt 0.191714 0.827118
vt 0.183342 0.831730
vt 0.183041 0.822626
vt 0.193829 0.846206
vt 0.183517 0.841193
vt 0.174863 0.826653
vt 0.175158 0.817986
vt 0.167371 0.821908
vt 0.168132 0.813790
vt 0.174309 0.835745
vt 0.166247 0.830468
vt 0.183731 0.851009
vt 0.173643 0.845229
vt 0.164886 0.839437
vt 0.195108 0.856211
vt 0.468828 0.272839
vt 0.465892 0.265879
vt 0.455781 0.282523
vt 0.452822 0.275636
vt 0.470975 0.280321
vt 0.457900 0.289910
vt 0.443343 0.291824
vt 0.440359 0.285042
vt 0.431625 0.300789
vt 0.428644 0.294120
vt 0.445435 0.299076
vt 0.433657 0.307888
vt 0.458914 0.297923
vt 0.446336 0.306961
vt 0.434416 0.315620
vt 0.472106 0.288423
vt 0.453773 0.247449
vt 0.448823 0.241941
vt 0.440785 0.257162
vt 0.436036 0.251552
vt 0.458291 0.253236
vt 0.445213 0.263011
vt 0.428354 0.266522
vt 0.423764 0.260801
vt 0.416632 0.275509
vt 0.412145 0.269678
vt 0.432716 0.272445
vt 0.420962 0.281525
vt 0.449254 0.269152
vt 0.436759 0.278604
vt 0.425021 0.287719
vt 0.462348 0.259362
vt 0.431949 0.226490
vt 0.426095 0.221645
vt 0.420363 0.235808
vt 0.414907 0.230943
vt 0.437771 0.231508
vt 0.425739 0.240894
vt 0.409080 0.244750
vt 0.403951 0.239854
vt 0.398177 0.253346
vt 0.393279 0.248426
vt 0.414087 0.249910
vt 0.402917 0.258569
vt 0.430993 0.246142
vt 0.418993 0.255268
vt 0.407569 0.264023
vt 0.443447 0.236652
vt 0.407016 0.209650
vt 0.398721 0.207201
vt 0.396286 0.219191
vt 0.387913 0.216949
vt 0.414021 0.213011
vt 0.403266 0.222415
vt 0.385751 0.228314
vt 0.377377 0.226281
vt 0.375387 0.237098
vt 0.367081 0.235285
vt 0.392680 0.231410
vt 0.382258 0.240063
vt 0.409323 0.226408
vt 0.398601 0.235336
vt 0.388087 0.243924
vt 0.420229 0.217083
vt 0.363604 0.206602
vt 0.348950 0.208783
vt 0.352374 0.217608
vt 0.337682 0.220453
vt 0.376948 0.205626
vt 0.365838 0.216093
vt 0.341932 0.228224
vt 0.327402 0.231712
vt 0.332235 0.238529
vt 0.318045 0.242614
vt 0.355314 0.226167
vt 0.345341 0.235940
vt 0.377752 0.215890
vt 0.367208 0.225537
vt 0.357036 0.234871
vt 0.388704 0.205840
vt 0.299506 0.222857
vt 0.281571 0.230305
vt 0.288835 0.237037
vt 0.271303 0.245350
vt 0.316772 0.216846
vt 0.305786 0.230137
vt 0.279515 0.250511
vt 0.262411 0.259514
vt 0.271350 0.263292
vt 0.254664 0.272840
vt 0.296079 0.242866
vt 0.287501 0.255040
vt 0.322102 0.224621
vt 0.312070 0.236596
vt 0.303090 0.248132
vt 0.333290 0.212181
vt 0.224553 0.261517
vt 0.204779 0.274619
vt 0.215735 0.278502
vt 0.196449 0.292014
vt 0.244001 0.249679
vt 0.234686 0.266151
vt 0.208185 0.294149
vt 0.189326 0.307996
vt 0.201646 0.308636
vt 0.183156 0.322767
vt 0.226696 0.281402
vt 0.219768 0.295570
vt 0.253231 0.255069
vt 0.244789 0.269830
vt 0.237457 0.283618
vt 0.263038 0.239246
vt 0.144408 0.320337
vt 0.137458 0.338724
vt 0.164606 0.304104
vt 0.157215 0.322186
vt 0.131495 0.355549
vt 0.126284 0.371049
vt 0.150891 0.338757
vt 0.145390 0.354040
vt 0.176911 0.306597
vt 0.170198 0.322883
vt 0.164376 0.337919
vt 0.184765 0.288845
vt 0.188348 0.801285
vt 0.187375 0.793885
vt 0.181075 0.798176
vt 0.180350 0.791280
vt 0.189455 0.809365
vt 0.181836 0.805744
vt 0.174344 0.795173
vt 0.173836 0.788789
vt 0.168275 0.792543
vt 0.167959 0.786568
vt 0.174811 0.802182
vt 0.168486 0.799073
vt 0.182521 0.813928
vt 0.175117 0.809804
vt 0.168475 0.806163
vt 0.190600 0.818023
vt 0.186222 0.775355
vt 0.186614 0.769902
vt 0.179456 0.774099
vt 0.179830 0.769089
vt 0.186248 0.781057
vt 0.179461 0.779362
vt 0.173147 0.772890
vt 0.173498 0.768296
vt 0.167424 0.771726
vt 0.167755 0.767513
vt 0.173145 0.777740
vt 0.167425 0.776213
vt 0.179785 0.785042
vt 0.173407 0.783003
vt 0.167643 0.781134
vt 0.186652 0.787181
vt 0.190320 0.753213
vt 0.192340 0.746935
vt 0.183349 0.753683
vt 0.185170 0.747830
vt 0.188662 0.759016
vt 0.181806 0.759071
vt 0.176851 0.754065
vt 0.178485 0.748633
vt 0.170957 0.754264
vt 0.172427 0.749181
vt 0.175413 0.759071
vt 0.169612 0.758965
vt 0.180616 0.764145
vt 0.174270 0.763761
vt 0.168511 0.763337
vt 0.187418 0.764516
vt 0.199630 0.724741
vt 0.202093 0.716525
vt 0.191319 0.726966
vt 0.193263 0.719068
vt 0.197118 0.732631
vt 0.189266 0.734442
vt 0.183594 0.729375
vt 0.185081 0.721964
vt 0.176672 0.731492
vt 0.177778 0.724649
vt 0.181950 0.736295
vt 0.175364 0.737826
vt 0.187182 0.741416
vt 0.180218 0.742715
vt 0.173923 0.743709
vt 0.194649 0.740065
vt 0.209093 0.690402
vt 0.211730 0.681018
vt 0.198342 0.693209
vt 0.200156 0.683813
vt 0.206729 0.699399
vt 0.196697 0.702200
vt 0.188424 0.696849
vt 0.189480 0.687548
vt 0.179577 0.700738
vt 0.179941 0.691689
vt 0.187437 0.705694
vt 0.179187 0.709266
vt 0.195039 0.710814
vt 0.186353 0.714070
vt 0.178613 0.717244
vt 0.204438 0.708087
vt 0.224022 0.650028
vt 0.230600 0.638704
vt 0.209339 0.652816
vt 0.214775 0.641433
vt 0.218890 0.660858
vt 0.205331 0.663660
vt 0.195758 0.656674
vt 0.200089 0.645211
vt 0.183508 0.661224
vt 0.186753 0.649722
vt 0.192814 0.667519
vt 0.181575 0.672005
vt 0.202386 0.673978
vt 0.190844 0.677790
vt 0.180509 0.682132
vt 0.214899 0.671182
vt 0.260275 0.602192
vt 0.272943 0.589318
vt 0.241841 0.604490
vt 0.254150 0.591494
vt 0.248803 0.614728
vt 0.231012 0.617187
vt 0.224543 0.607539
vt 0.236499 0.594252
vt 0.208428 0.611220
vt 0.219974 0.597532
vt 0.214363 0.620535
vt 0.198973 0.624591
vt 0.221960 0.629529
vt 0.206214 0.633133
vt 0.191791 0.637477
vt 0.238854 0.626915
vt 0.314199 0.548229
vt 0.295714 0.550596
vt 0.300267 0.562400
vt 0.281507 0.564587
vt 0.278394 0.552990
vt 0.262143 0.555486
vt 0.263913 0.566988
vt 0.247399 0.569635
vt 0.267519 0.578204
vt 0.249791 0.580733
vt 0.233157 0.583651
vt 0.286403 0.576076
vt 0.305193 0.499968
vt 0.318456 0.485318
vt 0.291833 0.502620
vt 0.305398 0.488172
vt 0.291294 0.514606
vt 0.277590 0.517149
vt 0.278801 0.505250
vt 0.292694 0.490934
vt 0.264186 0.519744
vt 0.262760 0.531720
vt 0.248981 0.534381
vt 0.233392 0.549155
vt 0.247506 0.546325
vt 0.276826 0.529185
vt 0.261919 0.543690
vt 0.354316 0.442037
vt 0.365022 0.428093
vt 0.341773 0.445988
vt 0.352525 0.432553
vt 0.343001 0.456273
vt 0.330355 0.459783
vt 0.329653 0.449666
vt 0.340485 0.436656
vt 0.318105 0.463085
vt 0.318238 0.473871
vt 0.305794 0.476861
vt 0.331055 0.470727
vt 0.393458 0.388372
vt 0.401529 0.375874
vt 0.381044 0.394546
vt 0.389251 0.382534
vt 0.384628 0.401255
vt 0.372152 0.406868
vt 0.369181 0.400050
vt 0.377516 0.388476
vt 0.360212 0.411905
vt 0.362644 0.419523
vt 0.350655 0.424085
vt 0.375134 0.414496
vt 0.419208 0.341895
vt 0.422054 0.332390
vt 0.407769 0.349464
vt 0.410914 0.340152
vt 0.414686 0.352426
vt 0.402929 0.359769
vt 0.396689 0.356433
vt 0.400066 0.347397
vt 0.391603 0.366435
vt 0.396649 0.370872
vt 0.385098 0.377198
vt 0.408699 0.363825
vt 0.216820 0.969885
vt 0.191356 0.951561
vt 0.193147 0.964333
vt 0.169507 0.943878
vt 0.247679 0.986395
vt 0.223549 0.983566
vt 0.169935 0.956738
vt 0.148981 0.934572
vt 0.199079 0.978666
vt 0.258415 0.999929
vt 0.234144 0.998069
vt 0.076031 0.449139
vt 0.094587 0.430997
vt 0.079782 0.435644
vt 0.098531 0.417358
vt 0.281835 1.000000
vt 0.083765 0.421737
vt 0.102677 0.403419
vt 0.153964 0.899453
vt 0.151128 0.885430
vt 0.140592 0.890558
vt 0.139816 0.877044
vt 0.160584 0.915324
vt 0.144574 0.906171
vt 0.128970 0.881596
vt 0.129992 0.868802
vt 0.130507 0.896583
vt 0.153592 0.924069
vt 0.136415 0.914214
vt 0.172630 0.932930
vt 0.153301 0.852033
vt 0.155305 0.842773
vt 0.145578 0.845600
vt 0.148260 0.837088
vt 0.151624 0.862044
vt 0.143018 0.854915
vt 0.138790 0.839530
vt 0.142042 0.831797
vt 0.135485 0.848109
vt 0.140919 0.865291
vt 0.132407 0.857769
vt 0.150686 0.873072
vt 0.160821 0.817917
vt 0.161950 0.810421
vt 0.155044 0.814590
vt 0.156466 0.807739
vt 0.159260 0.825795
vt 0.153148 0.821715
vt 0.149861 0.811711
vt 0.151520 0.805494
vt 0.147697 0.818076
vt 0.150844 0.829178
vt 0.145060 0.824713
vt 0.157367 0.834063
vt 0.420613 0.309457
vt 0.417685 0.302896
vt 0.410069 0.317800
vt 0.407224 0.311364
vt 0.422527 0.316395
vt 0.411838 0.324557
vt 0.399694 0.325790
vt 0.396923 0.319524
vt 0.401345 0.332323
vt 0.412208 0.331917
vt 0.401557 0.339428
vt 0.423097 0.323956
vt 0.405661 0.284158
vt 0.401216 0.278201
vt 0.395198 0.292551
vt 0.390764 0.286510
vt 0.409991 0.290275
vt 0.399543 0.298747
vt 0.384915 0.300811
vt 0.380482 0.294745
vt 0.389271 0.307022
vt 0.403628 0.305026
vt 0.393357 0.313277
vt 0.414066 0.296520
vt 0.387682 0.261678
vt 0.382914 0.256757
vt 0.377456 0.269898
vt 0.372753 0.265008
vt 0.392260 0.266934
vt 0.381945 0.275147
vt 0.367308 0.278195
vt 0.362658 0.273364
vt 0.371741 0.283401
vt 0.386354 0.280696
vt 0.376103 0.288927
vt 0.396754 0.272458
vt 0.365192 0.245670
vt 0.357012 0.244091
vt 0.355169 0.254212
vt 0.347177 0.252876
vt 0.372006 0.248495
vt 0.361903 0.256885
vt 0.345339 0.262903
vt 0.337605 0.261809
vt 0.351928 0.265416
vt 0.367661 0.260585
vt 0.357613 0.269013
vt 0.377793 0.252284
vt 0.323214 0.248623
vt 0.309501 0.253244
vt 0.314716 0.258639
vt 0.301548 0.263734
vt 0.335878 0.245530
vt 0.326843 0.255082
vt 0.306600 0.268739
vt 0.293973 0.274267
vt 0.318172 0.264750
vt 0.337716 0.253151
vt 0.328541 0.262419
vt 0.347213 0.244022
vt 0.264109 0.275478
vt 0.247809 0.285461
vt 0.257472 0.287281
vt 0.241529 0.297623
vt 0.279853 0.266736
vt 0.272828 0.278132
vt 0.251151 0.298971
vt 0.235548 0.309622
vt 0.266143 0.289470
vt 0.287547 0.270257
vt 0.280449 0.281206
vt 0.295008 0.259302
vt 0.195862 0.322210
vt 0.177693 0.336591
vt 0.190573 0.335190
vt 0.172693 0.349805
vt 0.213643 0.308871
vt 0.208040 0.321609
vt 0.185564 0.347919
vt 0.167958 0.362763
vt 0.202722 0.334112
vt 0.225039 0.309079
vt 0.219393 0.321344
vt 0.230974 0.296608
vt 0.121612 0.385527
vt 0.117287 0.399367
vt 0.140484 0.368326
vt 0.135962 0.381989
vt 0.113161 0.412954
vt 0.131655 0.395410
vt 0.154461 0.365428
vt 0.149956 0.378626
vt 0.159206 0.351982
vt 0.162932 0.790454
vt 0.162799 0.784721
vt 0.158208 0.788815
vt 0.158276 0.783211
vt 0.162905 0.796659
vt 0.157948 0.794807
vt 0.153943 0.787497
vt 0.154239 0.781987
vt 0.153455 0.793319
vt 0.157402 0.801130
vt 0.152683 0.799343
vt 0.162614 0.803322
vt 0.162446 0.770647
vt 0.162767 0.766770
vt 0.158249 0.769715
vt 0.158576 0.766116
vt 0.162435 0.774827
vt 0.158176 0.773626
vt 0.154736 0.768972
vt 0.155081 0.765561
vt 0.154541 0.772655
vt 0.158234 0.778114
vt 0.154413 0.776983
vt 0.162600 0.779501
vt 0.165790 0.754246
vt 0.167113 0.749400
vt 0.161309 0.754113
vt 0.162480 0.749417
vt 0.164543 0.758743
vt 0.160192 0.758479
vt 0.157382 0.753950
vt 0.158383 0.749357
vt 0.156440 0.758219
vt 0.159250 0.762450
vt 0.155660 0.762056
vt 0.163497 0.762882
vt 0.170660 0.733005
vt 0.171445 0.726719
vt 0.165434 0.734021
vt 0.165941 0.728232
vt 0.169622 0.738821
vt 0.164623 0.739411
vt 0.160803 0.734706
vt 0.161064 0.729339
vt 0.160192 0.739762
vt 0.163609 0.744514
vt 0.159350 0.744618
vt 0.168415 0.744263
vt 0.171859 0.704368
vt 0.171597 0.695742
vt 0.165119 0.707591
vt 0.164303 0.699497
vt 0.172008 0.712415
vt 0.165748 0.715062
vt 0.159144 0.710384
vt 0.157838 0.702860
vt 0.160199 0.717258
vt 0.166045 0.721933
vt 0.160862 0.723552
vt 0.171894 0.719867
vt 0.172670 0.666070
vt 0.174856 0.654618
vt 0.163131 0.670903
vt 0.164314 0.659597
vt 0.171684 0.676679
vt 0.163011 0.681251
vt 0.154659 0.675490
vt 0.154914 0.664409
vt 0.155322 0.685518
vt 0.163514 0.690746
vt 0.156486 0.694604
vt 0.171447 0.686537
vt 0.193498 0.615398
vt 0.204511 0.601259
vt 0.179699 0.619912
vt 0.190005 0.605337
vt 0.184897 0.629148
vt 0.172100 0.633979
vt 0.166905 0.624612
vt 0.176306 0.609679
vt 0.160442 0.638879
vt 0.167118 0.647266
vt 0.156637 0.652195
vt 0.178777 0.642280
vt 0.246792 0.558135
vt 0.232090 0.560985
vt 0.231811 0.572546
vt 0.216933 0.575725
vt 0.217737 0.564081
vt 0.202502 0.579187
vt 0.202650 0.590539
vt 0.188405 0.594439
vt 0.217498 0.586934
vt 0.682529 0.527877
vt 0.685462 0.536120
vt 0.687524 0.549907
vt 0.680996 0.545926
vt 0.698738 0.566926
vt 0.693435 0.568195
vt 0.692338 0.551443
vt 0.701869 0.564916
vt 0.689495 0.540769
vt 0.735555 0.704596
vt 0.738379 0.695233
vt 0.749193 0.680936
vt 0.753840 0.683336
vt 0.753420 0.657260
vt 0.758163 0.657674
vt 0.745801 0.677474
vt 0.749462 0.658431
vt 0.734034 0.693263
vt 0.696615 0.490065
vt 0.695781 0.501113
vt 0.692992 0.505213
vt 0.686645 0.499292
vt 0.688888 0.509799
vt 0.675922 0.511295
vt 0.739927 0.587108
vt 0.743928 0.572461
vt 0.753041 0.563892
vt 0.756034 0.575156
vt 0.757994 0.556427
vt 0.765678 0.558521
vt 0.731147 0.564850
vt 0.727167 0.565828
vt 0.717223 0.554874
vt 0.721280 0.552798
vt 0.706619 0.543369
vt 0.709543 0.540022
vt 0.714626 0.556867
vt 0.705029 0.546344
vt 0.724065 0.566801
vt 0.680334 0.670140
vt 0.677034 0.669079
vt 0.680424 0.644999
vt 0.683921 0.644693
vt 0.685714 0.627592
vt 0.689514 0.625425
vt 0.677619 0.644209
vt 0.682382 0.631211
vt 0.674076 0.666372
vt 0.730862 0.601978
vt 0.726108 0.609200
vt 0.709338 0.609639
vt 0.714823 0.601406
vt 0.697309 0.611956
vt 0.688049 0.605379
vt 0.728756 0.512203
vt 0.730896 0.510351
vt 0.744848 0.524657
vt 0.743485 0.527377
vt 0.753732 0.537871
vt 0.753399 0.541749
vt 0.746600 0.523363
vt 0.752881 0.533746
vt 0.733963 0.509736
vt 0.670494 0.715376
vt 0.688709 0.711695
vt 0.698958 0.712361
vt 0.698979 0.722796
vt 0.712849 0.713831
vt 0.742510 0.721410
vt 0.761691 0.547712
vt 0.759975 0.543224
vt 0.758788 0.530411
vt 0.761846 0.531317
vt 0.746873 0.509795
vt 0.748556 0.507526
vt 0.754842 0.527715
vt 0.743928 0.510619
vt 0.757973 0.537730
vt 0.723220 0.338675
vt 0.729485 0.336913
vt 0.746992 0.344193
vt 0.747726 0.348752
vt 0.759855 0.330476
vt 0.765999 0.331340
vt 0.744784 0.334678
vt 0.752253 0.329393
vt 0.738795 0.333570
vt 0.728494 0.242109
vt 0.729828 0.256550
vt 0.724395 0.273314
vt 0.720137 0.265146
vt 0.723065 0.294871
vt 0.717659 0.288067
vt 0.730989 0.282603
vt 0.731138 0.304648
vt 0.733510 0.265989
vt 0.745398 0.239487
vt 0.746037 0.253084
vt 0.737833 0.250144
vt 0.736666 0.236857
vt 0.738452 0.258393
vt 0.743866 0.259608
vt 0.724006 0.316504
vt 0.717659 0.310057
vt 0.733609 0.324021
vt 0.762003 0.310203
vt 0.767073 0.305293
vt 0.759161 0.288213
vt 0.763403 0.283093
vt 0.755104 0.312598
vt 0.753495 0.299639
vt 0.754200 0.267398
vt 0.757079 0.260664
vt 0.749685 0.273448
vt 0.747023 0.142928
vt 0.745161 0.162606
vt 0.739160 0.173254
vt 0.732454 0.169354
vt 0.731150 0.167583
vt 0.729452 0.165050
vt 0.726948 0.089237
vt 0.726367 0.088599
vt 0.733808 0.089743
vt 0.735279 0.089066
vt 0.741154 0.103452
vt 0.745541 0.129346
vt 0.725525 0.088202
vt 0.720436 0.097323
vt 0.719715 0.096907
vt 0.721154 0.097751
vt 0.719513 0.133876
vt 0.720206 0.134300
vt 0.719109 0.159406
vt 0.718299 0.159365
vt 0.720208 0.159012
vt 0.720905 0.134706
vt 0.719029 0.113695
vt 0.718299 0.113340
vt 0.719759 0.114050
vt 0.776223 0.587693
vt 0.769217 0.572231
vt 0.773437 0.544102
vt 0.777996 0.559290
vt 0.764991 0.510590
vt 0.776221 0.519727
vt 0.767513 0.533336
vt 0.754151 0.505378
vt 0.766023 0.601406
vt 0.751915 0.591630
vt 0.762468 0.585363
vt 0.773907 0.597144
vt 0.708918 0.473161
vt 0.703505 0.480107
vt 0.679242 0.492304
vt 0.675336 0.489500
vt 0.664123 0.519016
vt 0.655572 0.525959
vt 0.696569 0.600608
vt 0.687326 0.587181
vt 0.722326 0.596897
vt 0.740128 0.601406
vt 0.710797 0.590443
vt 0.683251 0.574833
vt 0.665379 0.555710
vt 0.664463 0.572259
vt 0.668521 0.542557
vt 0.737654 0.486224
vt 0.752661 0.487116
vt 0.724509 0.486912
vt 0.738847 0.510144
vt 0.722890 0.501092
vt 0.725982 0.499287
vt 0.711229 0.498608
vt 0.714962 0.497650
vt 0.718791 0.502242
vt 0.710306 0.499997
vt 0.670815 0.661408
vt 0.671744 0.682606
vt 0.667510 0.679757
vt 0.676131 0.696395
vt 0.672564 0.692871
vt 0.676101 0.686492
vt 0.678627 0.696573
vt 0.682346 0.626175
vt 0.675480 0.639680
vt 0.756188 0.537152
vt 0.750520 0.524984
vt 0.702295 0.500743
vt 0.705709 0.500112
vt 0.714741 0.502973
vt 0.711799 0.504477
vt 0.674058 0.704685
vt 0.673297 0.698614
vt 0.679603 0.702749
vt 0.682477 0.705681
vt 0.681523 0.701131
vt 0.684209 0.704223
vt 0.725650 0.496329
vt 0.723545 0.492435
vt 0.710315 0.495889
vt 0.704860 0.494274
vt 0.758650 0.544342
vt 0.759711 0.548387
vt 0.679831 0.690398
vt 0.683433 0.692682
vt 0.664598 0.680920
vt 0.661750 0.683939
vt 0.704800 0.498469
vt 0.701307 0.499340
vt 0.686862 0.619353
vt 0.689358 0.616192
vt 0.739260 0.632453
vt 0.737188 0.633085
vt 0.734774 0.640132
vt 0.737247 0.636632
vt 0.735659 0.641350
vt 0.739531 0.635383
vt 0.727362 0.692005
vt 0.728810 0.689573
vt 0.731171 0.689819
vt 0.729932 0.692872
vt 0.735059 0.688146
vt 0.732605 0.685941
vt 0.735457 0.685273
vt 0.730180 0.686923
vt 0.733524 0.654603
vt 0.731568 0.654820
vt 0.731289 0.670717
vt 0.729200 0.671701
vt 0.735395 0.652015
vt 0.733825 0.667697
vt 0.691741 0.531506
vt 0.692510 0.534235
vt 0.691734 0.536643
vt 0.690149 0.534110
vt 0.691562 0.542100
vt 0.693619 0.540263
vt 0.693172 0.543510
vt 0.693909 0.537439
vt 0.696863 0.532132
vt 0.698134 0.528115
vt 0.690462 0.526464
vt 0.690115 0.521522
vt 0.696772 0.536131
vt 0.727767 0.579474
vt 0.725744 0.576671
vt 0.727281 0.575415
vt 0.731116 0.576363
vt 0.724322 0.574053
vt 0.723090 0.574953
vt 0.747825 0.633300
vt 0.749407 0.626624
vt 0.745832 0.638168
vt 0.687948 0.528064
vt 0.687860 0.521297
vt 0.727430 0.655166
vt 0.722232 0.652609
vt 0.724903 0.673715
vt 0.719538 0.673415
vt 0.721877 0.699986
vt 0.724952 0.697016
vt 0.727835 0.698568
vt 0.725144 0.702804
vt 0.714761 0.577880
vt 0.713183 0.581183
vt 0.714518 0.574176
vt 0.722952 0.689643
vt 0.718300 0.692111
vt 0.726809 0.685474
vt 0.742853 0.663268
vt 0.738375 0.662552
vt 0.738486 0.646626
vt 0.742348 0.645815
vt 0.698172 0.547832
vt 0.696272 0.550704
vt 0.706391 0.558341
vt 0.704629 0.561885
vt 0.697587 0.542175
vt 0.705036 0.551861
vt 0.716208 0.566678
vt 0.714939 0.569959
vt 0.721692 0.571069
vt 0.720608 0.572447
vt 0.714126 0.561147
vt 0.720585 0.567107
vt 0.735358 0.677144
vt 0.738974 0.678384
vt 0.731155 0.680821
vt 0.703174 0.563538
vt 0.714402 0.572035
vt 0.721765 0.573705
vt 0.721993 0.567117
vt 0.713499 0.558209
vt 0.704402 0.548213
vt 0.740526 0.682118
vt 0.747174 0.659138
vt 0.723193 0.573164
vt 0.694436 0.551457
vt 0.696815 0.538513
vt 0.744357 0.640468
vt 0.728788 0.683666
vt 0.713269 0.665803
vt 0.711884 0.687068
vt 0.716301 0.704699
vt 0.720580 0.707469
vt 0.738373 0.710364
vt 0.719265 0.630777
vt 0.716374 0.643327
vt 0.772359 0.665085
vt 0.765037 0.658517
vt 0.755264 0.624193
vt 0.764337 0.623046
vt 0.737495 0.615394
vt 0.759648 0.687219
vt 0.767206 0.688726
vt 0.729642 0.618430
vt 0.686341 0.569718
vt 0.710116 0.585379
vt 0.730754 0.583403
vt 0.691037 0.516824
vt 0.688708 0.516231
vt 0.680205 0.519088
vt 0.736190 0.577292
vt 0.735810 0.562105
vt 0.713224 0.535374
vt 0.700999 0.523757
vt 0.725402 0.548313
vt 0.673770 0.541519
vt 0.692783 0.625448
vt 0.692247 0.614326
vt 0.687072 0.611499
vt 0.655572 0.654727
vt 0.658814 0.653825
vt 0.658810 0.686092
vt 0.655572 0.686841
vt 0.673868 0.709494
vt 0.687023 0.705556
vt 0.686677 0.692704
vt 0.683632 0.670384
vt 0.684946 0.707645
vt 0.687315 0.645658
vt 0.667837 0.624320
vt 0.663954 0.623746
vt 0.700114 0.492823
vt 0.699131 0.500340
vt 0.700210 0.501942
vt 0.751728 0.544159
vt 0.759619 0.551537
vt 0.763482 0.550256
vt 0.750016 0.505198
vt 0.722291 0.489219
vt 0.710490 0.506767
vt 0.726997 0.514480
vt 0.764193 0.530960
vt 0.741181 0.529411
vt 0.782289 0.018511
vt 0.785216 0.017085
vt 0.787988 0.021281
vt 0.785326 0.023196
vt 0.787764 0.016034
vt 0.790289 0.019675
vt 0.790955 0.025246
vt 0.788678 0.027581
vt 0.792815 0.023228
vt 0.776418 0.015336
vt 0.779813 0.014023
vt 0.779185 0.020221
vt 0.783010 0.013063
vt 0.785787 0.012662
vt 0.787730 0.012726
vt 0.789666 0.015029
vt 0.792168 0.018383
vt 0.794425 0.021821
vt 0.795862 0.024298
vt 0.795227 0.026061
vt 0.793891 0.028470
vt 0.791964 0.031192
vt 0.786208 0.030119
vt 0.789755 0.034154
vt 0.782560 0.025307
vt 0.801408 0.401451
vt 0.802585 0.405316
vt 0.799608 0.406263
vt 0.798329 0.402693
vt 0.803190 0.409133
vt 0.800250 0.409664
vt 0.796790 0.407624
vt 0.795313 0.404417
vt 0.797621 0.410568
vt 0.803340 0.396377
vt 0.804549 0.400487
vt 0.800028 0.397429
vt 0.805712 0.404582
vt 0.806394 0.408831
vt 0.806218 0.413744
vt 0.802962 0.413379
vt 0.800005 0.413299
vt 0.797498 0.413546
vt 0.795702 0.413944
vt 0.795141 0.412166
vt 0.793935 0.409705
vt 0.792172 0.406890
vt 0.793525 0.400955
vt 0.790139 0.403829
vt 0.796759 0.398903
vt 0.788742 0.410387
vt 0.790885 0.412807
vt 0.787816 0.416644
vt 0.785252 0.414656
vt 0.792633 0.414887
vt 0.790026 0.418315
vt 0.784953 0.420739
vt 0.782092 0.419261
vt 0.787437 0.421849
vt 0.786415 0.407767
vt 0.794178 0.416346
vt 0.791835 0.419669
vt 0.789281 0.422920
vt 0.787315 0.425167
vt 0.785397 0.425175
vt 0.782656 0.424723
vt 0.779494 0.423728
vt 0.779057 0.417505
vt 0.776137 0.422388
vt 0.782594 0.412483
vt 0.776735 0.003241
vt 0.780808 0.003195
vt 0.780985 0.006310
vt 0.777189 0.006538
vt 0.784860 0.003865
vt 0.784592 0.006817
vt 0.781658 0.009514
vt 0.778159 0.010060
vt 0.784836 0.009669
vt 0.772410 0.000261
vt 0.776677 -0.000000
vt 0.772629 0.003712
vt 0.781048 0.000017
vt 0.785605 0.000759
vt 0.790604 0.002713
vt 0.789186 0.005629
vt 0.788259 0.008374
vt 0.787829 0.010849
vt 0.774472 0.011030
vt 0.773257 0.007220
vt 0.738133 0.367531
vt 0.740970 0.370393
vt 0.735144 0.377383
vt 0.731726 0.375293
vt 0.743753 0.373061
vt 0.738634 0.379306
vt 0.730862 0.385279
vt 0.726897 0.384083
vt 0.734787 0.386212
vt 0.743424 0.357450
vt 0.745965 0.361128
vt 0.735173 0.364645
vt 0.748142 0.364784
vt 0.749869 0.368317
vt 0.750811 0.371051
vt 0.747018 0.375118
vt 0.742365 0.381124
vt 0.738449 0.387536
vt 0.736006 0.392379
vt 0.732716 0.393183
vt 0.728416 0.393695
vt 0.723873 0.393613
vt 0.722997 0.382517
vt 0.719297 0.392846
vt 0.728349 0.373072
vt 0.801416 0.019746
vt 0.798640 0.020588
vt 0.795907 0.015743
vt 0.798340 0.014026
vt 0.796298 0.021148
vt 0.793897 0.017169
vt 0.792242 0.011411
vt 0.793967 0.009051
vt 0.790937 0.013474
vt 0.806022 0.024748
vt 0.802822 0.025073
vt 0.804505 0.018634
vt 0.799988 0.025087
vt 0.797599 0.024762
vt 0.796084 0.006529
vt 0.801104 0.012095
vt 0.759338 0.005055
vt 0.764169 0.004723
vt 0.765112 0.008935
vt 0.760522 0.009772
vt 0.768498 0.004261
vt 0.769289 0.008089
vt 0.766804 0.013378
vt 0.762542 0.014569
vt 0.770721 0.012163
vt 0.752927 0.000027
vt 0.759001 0.000336
vt 0.753618 0.005421
vt 0.763923 0.000536
vt 0.768254 0.000505
vt 0.772963 0.016779
vt 0.769366 0.018306
vt 0.765517 0.019896
vt 0.757801 0.015772
vt 0.761343 0.021542
vt 0.755272 0.010571
vt 0.779362 0.398307
vt 0.781769 0.401826
vt 0.777239 0.407628
vt 0.774438 0.404798
vt 0.784100 0.404953
vt 0.779939 0.410167
vt 0.772876 0.413625
vt 0.769576 0.411425
vt 0.776011 0.415638
vt 0.781502 0.387932
vt 0.783848 0.392610
vt 0.776834 0.394362
vt 0.786018 0.396800
vt 0.788092 0.400512
vt 0.772730 0.420911
vt 0.769181 0.419326
vt 0.765376 0.417627
vt 0.766063 0.409020
vt 0.761236 0.415803
vt 0.771497 0.401643
vt 0.796021 0.382695
vt 0.797457 0.388250
vt 0.793568 0.390222
vt 0.791794 0.385043
vt 0.798724 0.393107
vt 0.795175 0.394807
vt 0.789835 0.392998
vt 0.787834 0.388261
vt 0.791701 0.397201
vt 0.798810 0.374276
vt 0.800442 0.381148
vt 0.794011 0.376370
vt 0.801509 0.387022
vt 0.802360 0.392007
vt 0.785547 0.383001
vt 0.789596 0.379271
vt 0.769490 0.026129
vt 0.772854 0.024011
vt 0.776998 0.030076
vt 0.774112 0.032850
vt 0.776062 0.022050
vt 0.779797 0.027578
vt 0.781302 0.035964
vt 0.778797 0.039442
vt 0.783756 0.032878
vt 0.765925 0.028406
vt 0.787541 0.037399
vt 0.785323 0.041061
vt 0.783041 0.045209
vt 0.776206 0.043335
vt 0.780632 0.049845
vt 0.771110 0.035922
vt 0.741244 0.046460
vt 0.744510 0.043600
vt 0.750093 0.051971
vt 0.745843 0.053692
vt 0.747984 0.040741
vt 0.754308 0.050060
vt 0.755476 0.060082
vt 0.750603 0.060696
vt 0.760229 0.059053
vt 0.735786 0.043856
vt 0.737073 0.040419
vt 0.738094 0.048766
vt 0.739294 0.036287
vt 0.742078 0.032515
vt 0.745134 0.029456
vt 0.751443 0.038104
vt 0.758138 0.047934
vt 0.764314 0.057426
vt 0.769022 0.065268
vt 0.764861 0.066516
vt 0.759727 0.066924
vt 0.754279 0.066510
vt 0.746322 0.061424
vt 0.749971 0.065618
vt 0.741840 0.055285
vt 0.754932 0.356626
vt 0.763983 0.354557
vt 0.764158 0.359810
vt 0.756249 0.361172
vt 0.771793 0.354848
vt 0.770747 0.360357
vt 0.763212 0.364884
vt 0.756596 0.365672
vt 0.768881 0.365419
vt 0.753003 0.351991
vt 0.763099 0.349002
vt 0.772427 0.348752
vt 0.779892 0.350540
vt 0.777500 0.356650
vt 0.775428 0.361968
vt 0.773094 0.366778
vt 0.769936 0.372394
vt 0.765844 0.371000
vt 0.760722 0.370320
vt 0.755215 0.370413
vt 0.751407 0.376141
vt 0.756333 0.377040
vt 0.750786 0.384906
vt 0.746484 0.382963
vt 0.761069 0.378294
vt 0.754984 0.386992
vt 0.745015 0.393008
vt 0.741705 0.390011
vt 0.748467 0.395977
vt 0.765078 0.380051
vt 0.758736 0.389229
vt 0.751843 0.398702
vt 0.745300 0.407042
vt 0.742333 0.403920
vt 0.739575 0.400088
vt 0.737330 0.395884
vt 0.723521 0.032678
vt 0.724792 0.024068
vt 0.729851 0.026934
vt 0.728385 0.034084
vt 0.727471 0.017478
vt 0.732329 0.021435
vt 0.734556 0.030855
vt 0.732895 0.036496
vt 0.737000 0.026242
vt 0.719780 0.042951
vt 0.718299 0.032275
vt 0.724281 0.042263
vt 0.719114 0.022211
vt 0.721906 0.014107
vt 0.725701 0.008726
vt 0.730655 0.013164
vt 0.735204 0.017703
vt 0.739839 0.022861
vt 0.732678 0.042932
vt 0.728621 0.042288
vt 0.754843 0.035678
vt 0.758420 0.033265
vt 0.764769 0.042506
vt 0.761524 0.045450
vt 0.762171 0.030816
vt 0.767979 0.039239
vt 0.770633 0.051556
vt 0.767632 0.054941
vt 0.773493 0.047538
vt 0.748534 0.027115
vt 0.752487 0.025104
vt 0.756873 0.023258
vt 0.778018 0.054776
vt 0.775188 0.059309
vt 0.772238 0.062889
vt 0.782186 0.359202
vt 0.786767 0.363559
vt 0.783076 0.367905
vt 0.779070 0.364259
vt 0.790981 0.369591
vt 0.786671 0.373218
vt 0.779628 0.372623
vt 0.776347 0.369063
vt 0.782795 0.377493
vt 0.785891 0.353996
vt 0.791392 0.359450
vt 0.795905 0.366620
vt 0.778892 0.382962
vt 0.776041 0.378403
vt 0.773093 0.374813
vt 0.768317 0.382591
vt 0.771286 0.386023
vt 0.765224 0.394834
vt 0.762033 0.391793
vt 0.774141 0.390098
vt 0.768403 0.398216
vt 0.758646 0.403796
vt 0.755141 0.401229
vt 0.762350 0.406433
vt 0.756798 0.413838
vt 0.752461 0.411728
vt 0.748590 0.409504
vt 0.734578 0.010182
vt 0.740114 0.007706
vt 0.743556 0.013129
vt 0.738767 0.015191
vt 0.746876 0.006110
vt 0.749336 0.011588
vt 0.747586 0.018644
vt 0.743267 0.020528
vt 0.752615 0.017072
vt 0.730403 0.004801
vt 0.737242 0.001785
vt 0.745308 0.000262
vt 0.743062 0.415970
vt 0.747301 0.418121
vt 0.742975 0.423714
vt 0.738259 0.421344
vt 0.752285 0.420017
vt 0.748721 0.425620
vt 0.739226 0.429239
vt 0.733766 0.426437
vt 0.745955 0.431230
vt 0.739738 0.413485
vt 0.757451 0.421617
vt 0.754653 0.426969
vt 0.752712 0.432279
vt 0.751753 0.437735
vt 0.744125 0.437114
vt 0.736122 0.435169
vt 0.729405 0.431824
vt 0.729933 0.423246
vt 0.724821 0.427703
vt 0.734788 0.418644
vt 0.775274 0.068636
vt 0.778505 0.065070
vt 0.781618 0.069640
vt 0.777802 0.073303
vt 0.781643 0.060239
vt 0.785219 0.064427
vt 0.785140 0.073974
vt 0.780446 0.078134
vt 0.789284 0.067997
vt 0.772013 0.070879
vt 0.784397 0.054779
vt 0.788151 0.058449
vt 0.792329 0.061295
vt 0.797017 0.063405
vt 0.794062 0.071018
vt 0.789533 0.078167
vt 0.783910 0.083589
vt 0.775893 0.080697
vt 0.777783 0.086681
vt 0.774113 0.075520
vt 0.732892 0.399674
vt 0.734551 0.405376
vt 0.729522 0.409238
vt 0.728091 0.401995
vt 0.736973 0.410040
vt 0.731973 0.414820
vt 0.724186 0.412093
vt 0.722983 0.403341
vt 0.726816 0.418808
vt 0.721104 0.422171
vt 0.718382 0.413921
vt 0.717659 0.403692
vt 0.755584 0.071126
vt 0.762098 0.072277
vt 0.762875 0.077121
vt 0.755147 0.075370
vt 0.767755 0.072054
vt 0.769414 0.076919
vt 0.762488 0.082121
vt 0.753715 0.079653
vt 0.770167 0.082207
vt 0.749020 0.068181
vt 0.770462 0.088202
vt 0.761355 0.087526
vt 0.751617 0.084113
vt 0.745131 0.074833
vt 0.742494 0.078343
vt 0.747338 0.071424
vt 0.786755 0.049570
vt 0.788889 0.044887
vt 0.792357 0.047640
vt 0.790429 0.052747
vt 0.790926 0.040748
vt 0.794161 0.043138
vt 0.796032 0.049586
vt 0.794419 0.055058
vt 0.797513 0.044828
vt 0.792948 0.037081
vt 0.795969 0.039145
vt 0.799058 0.040623
vt 0.802299 0.041725
vt 0.801048 0.045960
vt 0.799961 0.050826
vt 0.798768 0.056593
vt 0.762174 0.423030
vt 0.766409 0.424356
vt 0.764495 0.428949
vt 0.759905 0.427991
vt 0.770304 0.425612
vt 0.768656 0.429873
vt 0.763309 0.433330
vt 0.758458 0.432878
vt 0.767658 0.433839
vt 0.774030 0.426775
vt 0.772635 0.430733
vt 0.771804 0.434405
vt 0.771393 0.437897
vt 0.767205 0.437658
vt 0.762830 0.437587
vt 0.757867 0.437672
vt 0.796077 0.417108
vt 0.798511 0.417783
vt 0.795627 0.422559
vt 0.793565 0.420985
vt 0.801384 0.418736
vt 0.798105 0.424439
vt 0.791820 0.426784
vt 0.790526 0.424571
vt 0.793512 0.429325
vt 0.804505 0.419929
vt 0.800850 0.426500
vt 0.795532 0.432000
vt 0.789812 0.435676
vt 0.788561 0.432619
vt 0.787736 0.429705
vt 0.787369 0.427100
vt 0.743177 0.063195
vt 0.740461 0.065634
vt 0.734936 0.058545
vt 0.738269 0.056857
vt 0.737672 0.068265
vt 0.731625 0.060438
vt 0.730896 0.050643
vt 0.734615 0.049895
vt 0.727089 0.051686
vt 0.734674 0.070996
vt 0.728254 0.062526
vt 0.723233 0.053145
vt 0.777705 0.427760
vt 0.781196 0.428327
vt 0.780391 0.431661
vt 0.776577 0.431419
vt 0.784368 0.428213
vt 0.784022 0.431188
vt 0.780051 0.434920
vt 0.775946 0.434858
vt 0.784149 0.434292
vt 0.784688 0.437507
vt 0.780077 0.438179
vt 0.775672 0.438179
vt 0.794942 0.033731
vt 0.796612 0.030626
vt 0.799267 0.032026
vt 0.797770 0.035479
vt 0.797598 0.027736
vt 0.800083 0.028695
vt 0.802095 0.033006
vt 0.800682 0.036738
vt 0.802883 0.029267
vt 0.806022 0.029585
vt 0.805134 0.033732
vt 0.803773 0.037747
vt 0.693351 0.264214
vt 0.690830 0.259770
vt 0.690881 0.255073
vt 0.693314 0.258917
vt 0.691135 0.250796
vt 0.693471 0.254044
vt 0.689112 0.255187
vt 0.689338 0.251101
vt 0.689592 0.247626
vt 0.697211 0.273797
vt 0.693434 0.269524
vt 0.697020 0.267943
vt 0.696761 0.262004
vt 0.696505 0.256531
vt 0.694147 0.249911
vt 0.696268 0.252566
vt 0.691757 0.246893
vt 0.689985 0.244472
vt 0.688708 0.244531
vt 0.689081 0.242959
vt 0.688027 0.247213
vt 0.687186 0.250812
vt 0.688945 0.259584
vt 0.686494 0.254926
vt 0.690864 0.264589
vt 0.684430 0.246569
vt 0.680906 0.242606
vt 0.684058 0.239049
vt 0.686254 0.243203
vt 0.687014 0.237240
vt 0.687864 0.241078
vt 0.679892 0.230863
vt 0.683778 0.227464
vt 0.685592 0.230863
vt 0.683051 0.234605
vt 0.687255 0.232928
vt 0.686239 0.236501
vt 0.682927 0.250677
vt 0.688842 0.240313
vt 0.688582 0.236856
vt 0.688244 0.233635
vt 0.688023 0.236856
vt 0.688130 0.229728
vt 0.688480 0.231213
vt 0.687472 0.227064
vt 0.686679 0.223373
vt 0.682349 0.223296
vt 0.686049 0.219125
vt 0.677560 0.226182
vt 0.678429 0.247160
vt 0.688736 0.218514
vt 0.690723 0.212997
vt 0.690602 0.218356
vt 0.688871 0.222953
vt 0.690721 0.223106
vt 0.689048 0.226617
vt 0.693453 0.207658
vt 0.693205 0.213806
vt 0.693205 0.219339
vt 0.688653 0.213744
vt 0.689410 0.229733
vt 0.691287 0.227181
vt 0.693814 0.223808
vt 0.696308 0.216482
vt 0.696020 0.220821
vt 0.696706 0.210371
vt 0.697156 0.203626
vt 0.693721 0.201559
vt 0.697510 0.197026
vt 0.690909 0.207545
vt 0.701834 0.201897
vt 0.706994 0.202429
vt 0.705684 0.209721
vt 0.701017 0.209069
vt 0.703958 0.216894
vt 0.699946 0.215898
vt 0.707201 0.271182
vt 0.701835 0.270359
vt 0.701166 0.263655
vt 0.706005 0.263824
vt 0.700198 0.257189
vt 0.704278 0.256589
vt 0.702399 0.195027
vt 0.698323 0.222030
vt 0.701597 0.223675
vt 0.698558 0.251371
vt 0.701902 0.249768
vt 0.702260 0.276787
vt 0.707961 0.278122
vt 0.707895 0.195517
vt 0.671726 0.449981
vt 0.678082 0.459083
vt 0.673431 0.466615
vt 0.664982 0.455150
vt 0.665115 0.018201
vt 0.673500 0.006592
vt 0.678204 0.014113
vt 0.671763 0.023644
vt 0.683468 0.464183
vt 0.682105 0.472241
vt 0.682341 0.000840
vt 0.683856 0.008762
vt 0.672389 0.435684
vt 0.676422 0.442787
vt 0.666918 0.437522
vt 0.658939 0.439695
vt 0.659265 0.033644
vt 0.666930 0.036526
vt 0.676424 0.031187
vt 0.672301 0.038716
vt 0.681310 0.022814
vt 0.685063 0.016622
vt 0.687107 0.007363
vt 0.686933 0.013199
vt 0.687345 -0.000000
vt 0.686486 0.465537
vt 0.686845 0.473161
vt 0.684591 0.456211
vt 0.686291 0.459473
vt 0.681118 0.450492
vt 0.689833 0.233027
vt 0.692496 0.230882
vt 0.694538 0.234203
vt 0.690533 0.236502
vt 0.690817 0.237288
vt 0.694626 0.239475
vt 0.692880 0.243085
vt 0.690357 0.240984
vt 0.695619 0.227133
vt 0.698446 0.229684
vt 0.698579 0.243825
vt 0.695904 0.246584
vt 0.703046 0.176794
vt 0.709092 0.177045
vt 0.708842 0.183448
vt 0.702897 0.183115
vt 0.708445 0.189364
vt 0.702723 0.188937
vt 0.708885 0.296529
vt 0.702721 0.294578
vt 0.702619 0.288287
vt 0.708681 0.290156
vt 0.702487 0.282595
vt 0.708405 0.284268
vt 0.697949 0.171741
vt 0.703227 0.169219
vt 0.697847 0.179261
vt 0.697781 0.185472
vt 0.697692 0.191137
vt 0.697298 0.279215
vt 0.697345 0.284660
vt 0.697385 0.290810
vt 0.702857 0.302170
vt 0.697448 0.298349
vt 0.709110 0.304106
vt 0.709354 0.169452
vt 0.688464 0.198695
vt 0.691159 0.191565
vt 0.691108 0.197374
vt 0.688540 0.204319
vt 0.691035 0.202476
vt 0.688605 0.209129
vt 0.694016 0.184599
vt 0.693957 0.190624
vt 0.693873 0.196033
vt 0.684743 0.197640
vt 0.688417 0.191611
vt 0.684981 0.204685
vt 0.685291 0.210220
vt 0.685633 0.214843
vt 0.694076 0.177201
vt 0.691208 0.184338
vt 0.680510 0.265386
vt 0.674628 0.263197
vt 0.675528 0.257079
vt 0.681113 0.259682
vt 0.676742 0.251909
vt 0.681889 0.254958
vt 0.674141 0.210169
vt 0.680092 0.208577
vt 0.680675 0.214263
vt 0.674957 0.216238
vt 0.681392 0.218986
vt 0.676037 0.221393
vt 0.685193 0.276296
vt 0.680103 0.272607
vt 0.685376 0.269238
vt 0.685668 0.263704
vt 0.686029 0.259119
vt 0.679653 0.201376
vt 0.673554 0.202660
vt 0.674026 0.270756
vt 0.693562 0.285667
vt 0.691024 0.279892
vt 0.690960 0.274144
vt 0.693518 0.279712
vt 0.690908 0.269247
vt 0.693479 0.274546
vt 0.688728 0.274219
vt 0.688779 0.268633
vt 0.688852 0.263947
vt 0.693605 0.293079
vt 0.688720 0.281316
vt 0.691083 0.287133
vt 0.693844 0.327384
vt 0.690907 0.320824
vt 0.691055 0.307707
vt 0.693725 0.313984
vt 0.691105 0.296408
vt 0.693658 0.302503
vt 0.688563 0.314151
vt 0.688722 0.301457
vt 0.688737 0.290421
vt 0.699122 0.348366
vt 0.693984 0.342537
vt 0.698424 0.332895
vt 0.697894 0.319376
vt 0.697596 0.307843
vt 0.685141 0.285311
vt 0.685148 0.296099
vt 0.685016 0.308318
vt 0.688182 0.328175
vt 0.684588 0.321598
vt 0.690641 0.335492
vt 0.679577 0.304146
vt 0.672934 0.302070
vt 0.673476 0.290613
vt 0.679838 0.292344
vt 0.673709 0.280026
vt 0.679917 0.281694
vt 0.672403 0.171321
vt 0.679096 0.169925
vt 0.679310 0.181664
vt 0.672933 0.182800
vt 0.679408 0.192296
vt 0.673197 0.193406
vt 0.678870 0.316717
vt 0.684640 0.188646
vt 0.684655 0.177925
vt 0.684596 0.165854
vt 0.678472 0.157489
vt 0.684273 0.152833
vt 0.671214 0.159359
vt 0.671721 0.314028
vt 0.688352 0.159104
vt 0.691211 0.150985
vt 0.691262 0.163898
vt 0.688442 0.171607
vt 0.691254 0.175104
vt 0.688423 0.182546
vt 0.694606 0.143221
vt 0.694341 0.156417
vt 0.694178 0.167809
vt 0.688061 0.145420
vt 0.698173 0.162284
vt 0.698602 0.150835
vt 0.699300 0.137484
vt 0.694880 0.128438
vt 0.700130 0.122292
vt 0.691061 0.136698
vt 0.705361 0.134987
vt 0.712106 0.135530
vt 0.710620 0.148813
vt 0.704243 0.148379
vt 0.709783 0.160086
vt 0.703575 0.159783
vt 0.711696 0.338055
vt 0.704674 0.336583
vt 0.703695 0.323099
vt 0.710296 0.324753
vt 0.703134 0.311638
vt 0.709506 0.313468
vt 0.706834 0.119520
vt 0.706027 0.352186
vt 0.713738 0.353579
vt 0.714262 0.120008
vt 0.690344 0.009795
vt 0.693267 0.001687
vt 0.702562 0.009413
vt 0.695628 0.016968
vt 0.710703 0.023608
vt 0.701137 0.029356
vt 0.692428 0.471446
vt 0.689817 0.462922
vt 0.695085 0.455538
vt 0.701521 0.463886
vt 0.700599 0.443101
vt 0.709792 0.449867
vt 0.688207 0.017395
vt 0.690777 0.025402
vt 0.693982 0.037438
vt 0.705326 0.045635
vt 0.696900 0.052693
vt 0.715941 0.041849
vt 0.704787 0.426789
vt 0.715224 0.431661
vt 0.693471 0.434703
vt 0.696323 0.419406
vt 0.690275 0.446805
vt 0.687617 0.455041
vt 0.678953 0.041684
vt 0.683403 0.032712
vt 0.684911 0.044591
vt 0.680780 0.054857
vt 0.686250 0.058585
vt 0.682427 0.069754
vt 0.686370 0.024569
vt 0.687710 0.034513
vt 0.689424 0.047378
vt 0.673158 0.048991
vt 0.674584 0.063304
vt 0.676522 0.079140
vt 0.684024 0.085376
vt 0.678700 0.095192
vt 0.687514 0.073907
vt 0.691263 0.062509
vt 0.665258 0.422917
vt 0.656076 0.422372
vt 0.655572 0.404272
vt 0.665861 0.406848
vt 0.657059 0.385986
vt 0.667742 0.389940
vt 0.656156 0.050885
vt 0.665348 0.051551
vt 0.665898 0.067953
vt 0.655572 0.068935
vt 0.667718 0.085048
vt 0.656830 0.087212
vt 0.673103 0.425977
vt 0.674532 0.412234
vt 0.676456 0.396719
vt 0.670386 0.373291
vt 0.678651 0.380698
vt 0.659939 0.368636
vt 0.670282 0.101716
vt 0.659518 0.104617
vt 0.685786 0.448156
vt 0.683126 0.440829
vt 0.684544 0.429271
vt 0.687108 0.438214
vt 0.685819 0.415570
vt 0.688818 0.425456
vt 0.678909 0.432794
vt 0.680638 0.420186
vt 0.682271 0.405649
vt 0.690610 0.410355
vt 0.687071 0.400310
vt 0.683879 0.390086
vt 0.707831 0.063993
vt 0.718299 0.061926
vt 0.718299 0.082402
vt 0.708689 0.083154
vt 0.716641 0.102096
vt 0.708169 0.102002
vt 0.717659 0.411563
vt 0.707215 0.408292
vt 0.707943 0.388935
vt 0.717659 0.391102
vt 0.707338 0.369885
vt 0.716026 0.371457
vt 0.699119 0.069745
vt 0.700371 0.087620
vt 0.700627 0.105431
vt 0.699615 0.365622
vt 0.699484 0.383868
vt 0.698406 0.402125
vt 0.685400 0.100845
vt 0.688740 0.089691
vt 0.689823 0.105622
vt 0.686564 0.116054
vt 0.690620 0.121423
vt 0.687480 0.130971
vt 0.692934 0.078782
vt 0.694167 0.095588
vt 0.694804 0.112356
vt 0.680706 0.110516
vt 0.682369 0.125145
vt 0.683576 0.139238
vt 0.673153 0.357804
vt 0.663401 0.353092
vt 0.666791 0.339134
vt 0.675638 0.343386
vt 0.669655 0.326274
vt 0.677582 0.329763
vt 0.662888 0.120233
vt 0.672979 0.117077
vt 0.675398 0.131278
vt 0.666268 0.134238
vt 0.677269 0.144655
vt 0.669149 0.147113
vt 0.680711 0.365142
vt 0.682459 0.350117
vt 0.683774 0.335581
vt 0.692197 0.393815
vt 0.688271 0.384243
vt 0.689327 0.367776
vt 0.693312 0.376512
vt 0.690133 0.351341
vt 0.693877 0.359156
vt 0.685297 0.374341
vt 0.686522 0.358630
vt 0.687513 0.343134
vt 0.655572 0.473161
s 1
usemtl own_body
f 169/1/169 1178/4/1178 3047/3/3047 1752/2/1752
f 1178/4/1178 315/6/315 1946/5/1946 3047/3/3047
f 3047/3/3047 1946/5/1946 699/8/699 1949/7/1949
f 1752/2/1752 3047/3/3047 1949/7/1949 602/9/602
f 315/6/315 1179/11/1179 3048/10/3048 1946/5/1946
f 1179/11/1179 74/13/74 1184/12/1184 3048/10/3048
f 3048/10/3048 1184/12/1184 318/15/318 1947/14/1947
f 1946/5/1946 3048/10/3048 1947/14/1947 699/8/699
f 699/8/699 1947/14/1947 3049/17/3049 1948/16/1948
f 1947/14/1947 318/15/318 1185/18/1185 3049/17/3049
f 3049/17/3049 1185/18/1185 77/20/77 1189/19/1189
f 1948/16/1948 3049/17/3049 1189/19/1189 320/21/320
f 602/9/602 1949/7/1949 3050/23/3050 1753/22/1753
f 1949/7/1949 699/8/699 1948/16/1948 3050/23/3050
f 3050/23/3050 1948/16/1948 320/21/320 1188/24/1188
f 1753/22/1753 3050/23/3050 1188/24/1188 170/25/170
f 74/13/74 1180/27/1180 3051/26/3051 1184/12/1184
f 1180/27/1180 316/29/316 1950/28/1950 3051/26/3051
f 3051/26/3051 1950/28/1950 700/31/700 1953/30/1953
f 1184/12/1184 3051/26/3051 1953/30/1953 318/15/318
f 316/29/316 1181/33/1181 3052/32/3052 1950/28/1950
f 1181/33/1181 75/35/75 1186/34/1186 3052/32/3052
f 3052/32/3052 1186/34/1186 319/37/319 1951/36/1951
f 1950/28/1950 3052/32/3052 1951/36/1951 700/31/700
f 700/31/700 1951/36/1951 3053/39/3053 1952/38/1952
f 1951/36/1951 319/37/319 1187/40/1187 3053/39/3053
f 3053/39/3053 1187/40/1187 78/42/78 1191/41/1191
f 1952/38/1952 3053/39/3053 1191/41/1191 321/43/321
f 318/15/318 1953/30/1953 3054/44/3054 1185/18/1185
f 1953/30/1953 700/31/700 1952/38/1952 3054/44/3054
f 3054/44/3054 1952/38/1952 321/43/321 1190/45/1190
f 1185/18/1185 3054/44/3054 1190/45/1190 77/20/77
f 170/25/170 1188/24/1188 3055/47/3055 1750/46/1750
f 1188/24/1188 320/21/320 1954/48/1954 3055/47/3055
f 3055/47/3055 1954/48/1954 701/50/701 1957/49/1957
f 1750/46/1750 3055/47/3055 1957/49/1957 601/51/601
f 320/21/320 1189/19/1189 3056/52/3056 1954/48/1954
f 1189/19/1189 77/20/77 1194/53/1194 3056/52/3056
f 3056/52/3056 1194/53/1194 323/55/323 1955/54/1955
f 1954/48/1954 3056/52/3056 1955/54/1955 701/50/701
f 701/50/701 1955/54/1955 3057/57/3057 1956/56/1956
f 1955/54/1955 323/55/323 1195/58/1195 3057/57/3057
f 3057/57/3057 1195/58/1195 80/60/80 1199/59/1199
f 1956/56/1956 3057/57/3057 1199/59/1199 325/61/325
f 601/51/601 1957/49/1957 3058/63/3058 1751/62/1751
f 1957/49/1957 701/50/701 1956/56/1956 3058/63/3058
f 3058/63/3058 1956/56/1956 325/61/325 1198/64/1198
f 1751/62/1751 3058/63/3058 1198/64/1198 171/65/171
f 77/20/77 1190/45/1190 3059/66/3059 1194/53/1194
f 1190/45/1190 321/43/321 1958/67/1958 3059/66/3059
f 3059/66/3059 1958/67/1958 702/69/702 1961/68/1961
f 1194/53/1194 3059/66/3059 1961/68/1961 323/55/323
f 321/43/321 1191/41/1191 3060/70/3060 1958/67/1958
f 1191/41/1191 78/42/78 1196/71/1196 3060/70/3060
f 3060/70/3060 1196/71/1196 324/73/324 1959/72/1959
f 1958/67/1958 3060/70/3060 1959/72/1959 702/69/702
f 702/69/702 1959/72/1959 3061/75/3061 1960/74/1960
f 1959/72/1959 324/73/324 1197/76/1197 3061/75/3061
f 3061/75/3061 1197/76/1197 81/78/81 1201/77/1201
f 1960/74/1960 3061/75/3061 1201/77/1201 326/79/326
f 323/55/323 1961/68/1961 3062/80/3062 1195/58/1195
f 1961/68/1961 702/69/702 1960/74/1960 3062/80/3062
f 3062/80/3062 1960/74/1960 326/79/326 1200/81/1200
f 1195/58/1195 3062/80/3062 1200/81/1200 80/60/80
f 9/82/9 1177/85/1177 3063/84/3063 1121/83/1121
f 1177/85/1177 314/87/314 1962/86/1962 3063/84/3063
f 3063/84/3063 1962/86/1962 703/89/703 1965/88/1965
f 1121/83/1121 3063/84/3063 1965/88/1965 286/90/286
f 314/87/314 1176/92/1176 3064/91/3064 1962/86/1962
f 1176/92/1176 72/94/72 1202/93/1202 3064/91/3064
f 3064/91/3064 1202/93/1202 327/96/327 1963/95/1963
f 1962/86/1962 3064/91/3064 1963/95/1963 703/89/703
f 703/89/703 1963/95/1963 3065/98/3065 1964/97/1964
f 1963/95/1963 327/96/327 1203/99/1203 3065/98/3065
f 3065/98/3065 1203/99/1203 73/101/73 1225/100/1225
f 1964/97/1964 3065/98/3065 1225/100/1225 338/102/338
f 286/90/286 1965/88/1965 3066/104/3066 1120/103/1120
f 1965/88/1965 703/89/703 1964/97/1964 3066/104/3066
f 3066/104/3066 1964/97/1964 338/102/338 1224/105/1224
f 1120/103/1120 3066/104/3066 1224/105/1224 51/106/51
f 168/107/168 1669/110/1669 3067/109/3067 1748/108/1748
f 1669/110/1669 560/112/560 1966/111/1966 3067/109/3067
f 3067/109/3067 1966/111/1966 704/114/704 1969/113/1969
f 1748/108/1748 3067/109/3067 1969/113/1969 600/115/600
f 560/112/560 1668/117/1668 3068/116/3068 1966/111/1966
f 1668/117/1668 71/119/71 1204/118/1204 3068/116/3068
f 3068/116/3068 1204/118/1204 328/121/328 1967/120/1967
f 1966/111/1966 3068/116/3068 1967/120/1967 704/114/704
f 704/114/704 1967/120/1967 3069/123/3069 1968/122/1968
f 1967/120/1967 328/121/328 1205/124/1205 3069/123/3069
f 3069/123/3069 1205/124/1205 74/13/74 1179/11/1179
f 1968/122/1968 3069/123/3069 1179/11/1179 315/6/315
f 600/115/600 1969/113/1969 3070/126/3070 1749/125/1749
f 1969/113/1969 704/114/704 1968/122/1968 3070/126/3070
f 3070/126/3070 1968/122/1968 315/6/315 1178/4/1178
f 1749/125/1749 3070/126/3070 1178/4/1178 169/1/169
f 71/119/71 1173/128/1173 3071/127/3071 1204/118/1204
f 1173/128/1173 312/130/312 1970/129/1970 3071/127/3071
f 3071/127/3071 1970/129/1970 705/132/705 1973/131/1973
f 1204/118/1204 3071/127/3071 1973/131/1973 328/121/328
f 312/130/312 1172/134/1172 3072/133/3072 1970/129/1970
f 1172/134/1172 70/136/70 1206/135/1206 3072/133/3072
f 3072/133/3072 1206/135/1206 329/138/329 1971/137/1971
f 1970/129/1970 3072/133/3072 1971/137/1971 705/132/705
f 705/132/705 1971/137/1971 3073/140/3073 1972/139/1972
f 1971/137/1971 329/138/329 1207/141/1207 3073/140/3073
f 3073/140/3073 1207/141/1207 75/35/75 1181/33/1181
f 1972/139/1972 3073/140/3073 1181/33/1181 316/29/316
f 328/121/328 1973/131/1973 3074/142/3074 1205/124/1205
f 1973/131/1973 705/132/705 1972/139/1972 3074/142/3074
f 3074/142/3074 1972/139/1972 316/29/316 1180/27/1180
f 1205/124/1205 3074/142/3074 1180/27/1180 74/13/74
f 216/143/216 1861/146/1861 3075/145/3075 1944/144/1944
f 1861/146/1861 656/148/656 1974/147/1974 3075/145/3075
f 3075/145/3075 1974/147/1974 706/150/706 1977/149/1977
f 1944/144/1944 3075/145/3075 1977/149/1977 698/151/698
f 656/148/656 1860/153/1860 3076/152/3076 1974/147/1974
f 1860/153/1860 10/155/10 1034/154/1034 3076/152/3076
f 3076/152/3076 1034/154/1034 243/157/243 1975/156/1975
f 1974/147/1974 3076/152/3076 1975/156/1975 706/150/706
f 706/150/706 1975/156/1975 3077/159/3077 1976/158/1976
f 1975/156/1975 243/157/243 1035/160/1035 3077/159/3077
f 3077/159/3077 1035/160/1035 19/162/19 1862/161/1862
f 1976/158/1976 3077/159/3077 1862/161/1862 657/163/657
f 698/151/698 1977/149/1977 3078/165/3078 1945/164/1945
f 1977/149/1977 706/150/706 1976/158/1976 3078/165/3078
f 3078/165/3078 1976/158/1976 657/163/657 1863/166/1863
f 1945/164/1945 3078/165/3078 1863/166/1863 217/167/217
f 217/167/217 1863/166/1863 3079/169/3079 1942/168/1942
f 1863/166/1863 657/163/657 1978/170/1978 3079/169/3079
f 3079/169/3079 1978/170/1978 707/172/707 1981/171/1981
f 1942/168/1942 3079/169/3079 1981/171/1981 697/173/697
f 657/163/657 1862/161/1862 3080/174/3080 1978/170/1978
f 1862/161/1862 19/162/19 1036/175/1036 3080/174/3080
f 3080/174/3080 1036/175/1036 244/177/244 1979/176/1979
f 1978/170/1978 3080/174/3080 1979/176/1979 707/172/707
f 707/172/707 1979/176/1979 3081/179/3081 1980/178/1980
f 1979/176/1979 244/177/244 1037/180/1037 3081/179/3081
f 3081/179/3081 1037/180/1037 20/182/20 1864/181/1864
f 1980/178/1980 3081/179/3081 1864/181/1864 658/183/658
f 697/173/697 1981/171/1981 3082/185/3082 1943/184/1943
f 1981/171/1981 707/172/707 1980/178/1980 3082/185/3082
f 3082/185/3082 1980/178/1980 658/183/658 1865/186/1865
f 1943/184/1943 3082/185/3082 1865/186/1865 218/187/218
f 218/187/218 1865/186/1865 3083/189/3083 1940/188/1940
f 1865/186/1865 658/183/658 1982/190/1982 3083/189/3083
f 3083/189/3083 1982/190/1982 708/192/708 1985/191/1985
f 1940/188/1940 3083/189/3083 1985/191/1985 696/193/696
f 658/183/658 1864/181/1864 3084/194/3084 1982/190/1982
f 1864/181/1864 20/182/20 1038/195/1038 3084/194/3084
f 3084/194/3084 1038/195/1038 245/197/245 1983/196/1983
f 1982/190/1982 3084/194/3084 1983/196/1983 708/192/708
f 708/192/708 1983/196/1983 3085/199/3085 1984/198/1984
f 1983/196/1983 245/197/245 1039/200/1039 3085/199/3085
f 3085/199/3085 1039/200/1039 21/202/21 1866/201/1866
f 1984/198/1984 3085/199/3085 1866/201/1866 659/203/659
f 696/193/696 1985/191/1985 3086/205/3086 1941/204/1941
f 1985/191/1985 708/192/708 1984/198/1984 3086/205/3086
f 3086/205/3086 1984/198/1984 659/203/659 1867/206/1867
f 1941/204/1941 3086/205/3086 1867/206/1867 219/207/219
f 219/207/219 1867/206/1867 3087/209/3087 1938/208/1938
f 1867/206/1867 659/203/659 1986/210/1986 3087/209/3087
f 3087/209/3087 1986/210/1986 709/212/709 1989/211/1989
f 1938/208/1938 3087/209/3087 1989/211/1989 695/213/695
f 659/203/659 1866/201/1866 3088/214/3088 1986/210/1986
f 1866/201/1866 21/202/21 1040/215/1040 3088/214/3088
f 3088/214/3088 1040/215/1040 246/217/246 1987/216/1987
f 1986/210/1986 3088/214/3088 1987/216/1987 709/212/709
f 709/212/709 1987/216/1987 3089/219/3089 1988/218/1988
f 1987/216/1987 246/217/246 1041/220/1041 3089/219/3089
f 3089/219/3089 1041/220/1041 4/222/4 1852/221/1852
f 1988/218/1988 3089/219/3089 1852/221/1852 652/223/652
f 695/213/695 1989/211/1989 3090/225/3090 1939/224/1939
f 1989/211/1989 709/212/709 1988/218/1988 3090/225/3090
f 3090/225/3090 1988/218/1988 652/223/652 1853/226/1853
f 1939/224/1939 3090/225/3090 1853/226/1853 212/227/212
f 80/60/80 1200/81/1200 3091/229/3091 1217/228/1217
f 1200/81/1200 326/79/326 1990/230/1990 3091/229/3091
f 3091/229/3091 1990/230/1990 710/232/710 1993/231/1993
f 1217/228/1217 3091/229/3091 1993/231/1993 334/233/334
f 326/79/326 1201/77/1201 3092/234/3092 1990/230/1990
f 1201/77/1201 81/78/81 1215/235/1215 3092/234/3092
f 3092/234/3092 1215/235/1215 333/237/333 1991/236/1991
f 1990/230/1990 3092/234/3092 1991/236/1991 710/232/710
f 710/232/710 1991/236/1991 3093/239/3093 1992/238/1992
f 1991/236/1991 333/237/333 1214/240/1214 3093/239/3093
f 3093/239/3093 1214/240/1214 22/242/22 1044/241/1044
f 1992/238/1992 3093/239/3093 1044/241/1044 248/243/248
f 334/233/334 1993/231/1993 3094/245/3094 1216/244/1216
f 1993/231/1993 710/232/710 1992/238/1992 3094/245/3094
f 3094/245/3094 1992/238/1992 248/243/248 1045/246/1045
f 1216/244/1216 3094/245/3094 1045/246/1045 23/247/23
f 171/65/171 1198/64/1198 3095/249/3095 1746/248/1746
f 1198/64/1198 325/61/325 1994/250/1994 3095/249/3095
f 3095/249/3095 1994/250/1994 711/252/711 1997/251/1997
f 1746/248/1746 3095/249/3095 1997/251/1997 599/253/599
f 325/61/325 1199/59/1199 3096/254/3096 1994/250/1994
f 1199/59/1199 80/60/80 1217/228/1217 3096/254/3096
f 3096/254/3096 1217/228/1217 334/233/334 1995/255/1995
f 1994/250/1994 3096/254/3096 1995/255/1995 711/252/711
f 711/252/711 1995/255/1995 3097/257/3097 1996/256/1996
f 1995/255/1995 334/233/334 1216/244/1216 3097/257/3097
f 3097/257/3097 1216/244/1216 23/247/23 1660/258/1660
f 1996/256/1996 3097/257/3097 1660/258/1660 556/259/556
f 599/253/599 1997/251/1997 3098/261/3098 1747/260/1747
f 1997/251/1997 711/252/711 1996/256/1996 3098/261/3098
f 3098/261/3098 1996/256/1996 556/259/556 1661/262/1661
f 1747/260/1747 3098/261/3098 1661/262/1661 164/263/164
f 49/264/49 1220/267/1220 3099/266/3099 1115/265/1115
f 1220/267/1220 336/269/336 1998/268/1998 3099/266/3099
f 3099/266/3099 1998/268/1998 712/271/712 2001/270/2001
f 1115/265/1115 3099/266/3099 2001/270/2001 283/272/283
f 336/269/336 1221/274/1221 3100/273/3100 1998/268/1998
f 1221/274/1221 79/276/79 1219/275/1219 3100/273/3100
f 3100/273/3100 1219/275/1219 335/278/335 1999/277/1999
f 1998/268/1998 3100/273/3100 1999/277/1999 712/271/712
f 712/271/712 1999/277/1999 3101/280/3101 2000/279/2000
f 1999/277/1999 335/278/335 1218/281/1218 3101/280/3101
f 3101/280/3101 1218/281/1218 24/283/24 1048/282/1048
f 2000/279/2000 3101/280/3101 1048/282/1048 250/284/250
f 283/272/283 2001/270/2001 3102/286/3102 1114/285/1114
f 2001/270/2001 712/271/712 2000/279/2000 3102/286/3102
f 3102/286/3102 2000/279/2000 250/284/250 1049/287/1049
f 1114/285/1114 3102/286/3102 1049/287/1049 3/288/3
f 50/289/50 1222/292/1222 3103/291/3103 1117/290/1117
f 1222/292/1222 337/294/337 2002/293/2002 3103/291/3103
f 3103/291/3103 2002/293/2002 713/296/713 2005/295/2005
f 1117/290/1117 3103/291/3103 2005/295/2005 284/297/284
f 337/294/337 1223/299/1223 3104/298/3104 2002/293/2002
f 1223/299/1223 76/301/76 1192/300/1192 3104/298/3104
f 3104/298/3104 1192/300/1192 322/303/322 2003/302/2003
f 2002/293/2002 3104/298/3104 2003/302/2003 713/296/713
f 713/296/713 2003/302/2003 3105/305/3105 2004/304/2004
f 2003/302/2003 322/303/322 1193/306/1193 3105/305/3105
f 3105/305/3105 1193/306/1193 79/276/79 1221/274/1221
f 2004/304/2004 3105/305/3105 1221/274/1221 336/269/336
f 284/297/284 2005/295/2005 3106/308/3106 1116/307/1116
f 2005/295/2005 713/296/713 2004/304/2004 3106/308/3106
f 3106/308/3106 2004/304/2004 336/269/336 1220/267/1220
f 1116/307/1116 3106/308/3106 1220/267/1220 49/264/49
f 51/106/51 1224/105/1224 3107/310/3107 1119/309/1119
f 1224/105/1224 338/102/338 2006/311/2006 3107/310/3107
f 3107/310/3107 2006/311/2006 714/313/714 2009/312/2009
f 1119/309/1119 3107/310/3107 2009/312/2009 285/314/285
f 338/102/338 1225/100/1225 3108/315/3108 2006/311/2006
f 1225/100/1225 73/101/73 1182/316/1182 3108/315/3108
f 3108/315/3108 1182/316/1182 317/318/317 2007/317/2007
f 2006/311/2006 3108/315/3108 2007/317/2007 714/313/714
f 714/313/714 2007/317/2007 3109/320/3109 2008/319/2008
f 2007/317/2007 317/318/317 1183/321/1183 3109/320/3109
f 3109/320/3109 1183/321/1183 76/301/76 1223/299/1223
f 2008/319/2008 3109/320/3109 1223/299/1223 337/294/337
f 285/314/285 2009/312/2009 3110/323/3110 1118/322/1118
f 2009/312/2009 714/313/714 2008/319/2008 3110/323/3110
f 3110/323/3110 2008/319/2008 337/294/337 1222/292/1222
f 1118/322/1118 3110/323/3110 1222/292/1222 50/289/50
f 172/324/172 1226/327/1226 3111/326/3111 1744/325/1744
f 1226/327/1226 339/329/339 2010/328/2010 3111/326/3111
f 3111/326/3111 2010/328/2010 715/331/715 2013/330/2013
f 1744/325/1744 3111/326/3111 2013/330/2013 598/332/598
f 339/329/339 1227/334/1227 3112/333/3112 2010/328/2010
f 1227/334/1227 83/336/83 1232/335/1232 3112/333/3112
f 3112/333/3112 1232/335/1232 342/338/342 2011/337/2011
f 2010/328/2010 3112/333/3112 2011/337/2011 715/331/715
f 715/331/715 2011/337/2011 3113/340/3113 2012/339/2012
f 2011/337/2011 342/338/342 1233/341/1233 3113/340/3113
f 3113/340/3113 1233/341/1233 86/343/86 1237/342/1237
f 2012/339/2012 3113/340/3113 1237/342/1237 344/344/344
f 598/332/598 2013/330/2013 3114/346/3114 1745/345/1745
f 2013/330/2013 715/331/715 2012/339/2012 3114/346/3114
f 3114/346/3114 2012/339/2012 344/344/344 1236/347/1236
f 1745/345/1745 3114/346/3114 1236/347/1236 173/348/173
f 83/336/83 1228/350/1228 3115/349/3115 1232/335/1232
f 1228/350/1228 340/352/340 2014/351/2014 3115/349/3115
f 3115/349/3115 2014/351/2014 716/354/716 2017/353/2017
f 1232/335/1232 3115/349/3115 2017/353/2017 342/338/342
f 340/352/340 1229/356/1229 3116/355/3116 2014/351/2014
f 1229/356/1229 84/358/84 1234/357/1234 3116/355/3116
f 3116/355/3116 1234/357/1234 343/360/343 2015/359/2015
f 2014/351/2014 3116/355/3116 2015/359/2015 716/354/716
f 716/354/716 2015/359/2015 3117/362/3117 2016/361/2016
f 2015/359/2015 343/360/343 1235/363/1235 3117/362/3117
f 3117/362/3117 1235/363/1235 87/365/87 1239/364/1239
f 2016/361/2016 3117/362/3117 1239/364/1239 345/366/345
f 342/338/342 2017/353/2017 3118/367/3118 1233/341/1233
f 2017/353/2017 716/354/716 2016/361/2016 3118/367/3118
f 3118/367/3118 2016/361/2016 345/366/345 1238/368/1238
f 1233/341/1233 3118/367/3118 1238/368/1238 86/343/86
f 173/348/173 1236/347/1236 3119/370/3119 1742/369/1742
f 1236/347/1236 344/344/344 2018/371/2018 3119/370/3119
f 3119/370/3119 2018/371/2018 717/373/717 2021/372/2021
f 1742/369/1742 3119/370/3119 2021/372/2021 597/374/597
f 344/344/344 1237/342/1237 3120/375/3120 2018/371/2018
f 1237/342/1237 86/343/86 1242/376/1242 3120/375/3120
f 3120/375/3120 1242/376/1242 347/378/347 2019/377/2019
f 2018/371/2018 3120/375/3120 2019/377/2019 717/373/717
f 717/373/717 2019/377/2019 3121/380/3121 2020/379/2020
f 2019/377/2019 347/378/347 1243/381/1243 3121/380/3121
f 3121/380/3121 1243/381/1243 89/383/89 1247/382/1247
f 2020/379/2020 3121/380/3121 1247/382/1247 349/384/349
f 597/374/597 2021/372/2021 3122/386/3122 1743/385/1743
f 2021/372/2021 717/373/717 2020/379/2020 3122/386/3122
f 3122/386/3122 2020/379/2020 349/384/349 1246/387/1246
f 1743/385/1743 3122/386/3122 1246/387/1246 174/388/174
f 86/343/86 1238/368/1238 3123/389/3123 1242/376/1242
f 1238/368/1238 345/366/345 2022/390/2022 3123/389/3123
f 3123/389/3123 2022/390/2022 718/392/718 2025/391/2025
f 1242/376/1242 3123/389/3123 2025/391/2025 347/378/347
f 345/366/345 1239/364/1239 3124/393/3124 2022/390/2022
f 1239/364/1239 87/365/87 1244/394/1244 3124/393/3124
f 3124/393/3124 1244/394/1244 348/396/348 2023/395/2023
f 2022/390/2022 3124/393/3124 2023/395/2023 718/392/718
f 718/392/718 2023/395/2023 3125/398/3125 2024/397/2024
f 2023/395/2023 348/396/348 1245/399/1245 3125/398/3125
f 3125/398/3125 1245/399/1245 90/401/90 1249/400/1249
f 2024/397/2024 3125/398/3125 1249/400/1249 350/402/350
f 347/378/347 2025/391/2025 3126/403/3126 1243/381/1243
f 2025/391/2025 718/392/718 2024/397/2024 3126/403/3126
f 3126/403/3126 2024/397/2024 350/402/350 1248/404/1248
f 1243/381/1243 3126/403/3126 1248/404/1248 89/383/89
f 3/288/3 1049/287/1049 3127/406/3127 1057/405/1057
f 1049/287/1049 250/284/250 2026/407/2026 3127/406/3127
f 3127/406/3127 2026/407/2026 719/409/719 2029/408/2029
f 1057/405/1057 3127/406/3127 2029/408/2029 254/410/254
f 250/284/250 1048/282/1048 3128/411/3128 2026/407/2026
f 1048/282/1048 24/283/24 1250/412/1250 3128/411/3128
f 3128/411/3128 1250/412/1250 351/414/351 2027/413/2027
f 2026/407/2026 3128/411/3128 2027/413/2027 719/409/719
f 719/409/719 2027/413/2027 3129/416/3129 2028/415/2028
f 2027/413/2027 351/414/351 1251/417/1251 3129/416/3129
f 3129/416/3129 1251/417/1251 82/419/82 1273/418/1273
f 2028/415/2028 3129/416/3129 1273/418/1273 362/420/362
f 254/410/254 2029/408/2029 3130/422/3130 1056/421/1056
f 2029/408/2029 719/409/719 2028/415/2028 3130/422/3130
f 3130/422/3130 2028/415/2028 362/420/362 1272/423/1272
f 1056/421/1056 3130/422/3130 1272/423/1272 27/424/27
f 164/263/164 1661/262/1661 3131/426/3131 1740/425/1740
f 1661/262/1661 556/259/556 2030/427/2030 3131/426/3131
f 3131/426/3131 2030/427/2030 720/429/720 2033/428/2033
f 1740/425/1740 3131/426/3131 2033/428/2033 596/430/596
f 556/259/556 1660/258/1660 3132/431/3132 2030/427/2030
f 1660/258/1660 23/247/23 1252/432/1252 3132/431/3132
f 3132/431/3132 1252/432/1252 352/434/352 2031/433/2031
f 2030/427/2030 3132/431/3132 2031/433/2031 720/429/720
f 720/429/720 2031/433/2031 3133/436/3133 2032/435/2032
f 2031/433/2031 352/434/352 1253/437/1253 3133/436/3133
f 3133/436/3133 1253/437/1253 83/336/83 1227/334/1227
f 2032/435/2032 3133/436/3133 1227/334/1227 339/329/339
f 596/430/596 2033/428/2033 3134/439/3134 1741/438/1741
f 2033/428/2033 720/429/720 2032/435/2032 3134/439/3134
f 3134/439/3134 2032/435/2032 339/329/339 1226/327/1226
f 1741/438/1741 3134/439/3134 1226/327/1226 172/324/172
f 23/247/23 1045/246/1045 3135/440/3135 1252/432/1252
f 1045/246/1045 248/243/248 2034/441/2034 3135/440/3135
f 3135/440/3135 2034/441/2034 721/443/721 2037/442/2037
f 1252/432/1252 3135/440/3135 2037/442/2037 352/434/352
f 248/243/248 1044/241/1044 3136/444/3136 2034/441/2034
f 1044/241/1044 22/242/22 1254/445/1254 3136/444/3136
f 3136/444/3136 1254/445/1254 353/447/353 2035/446/2035
f 2034/441/2034 3136/444/3136 2035/446/2035 721/443/721
f 721/443/721 2035/446/2035 3137/449/3137 2036/448/2036
f 2035/446/2035 353/447/353 1255/450/1255 3137/449/3137
f 3137/449/3137 1255/450/1255 84/358/84 1229/356/1229
f 2036/448/2036 3137/449/3137 1229/356/1229 340/352/340
f 352/434/352 2037/442/2037 3138/451/3138 1253/437/1253
f 2037/442/2037 721/443/721 2036/448/2036 3138/451/3138
f 3138/451/3138 2036/448/2036 340/352/340 1228/350/1228
f 1253/437/1253 3138/451/3138 1228/350/1228 83/336/83
f 212/227/212 1853/226/1853 3139/453/3139 1936/452/1936
f 1853/226/1853 652/223/652 2038/454/2038 3139/453/3139
f 3139/453/3139 2038/454/2038 722/456/722 2041/455/2041
f 1936/452/1936 3139/453/3139 2041/455/2041 694/457/694
f 652/223/652 1852/221/1852 3140/458/3140 2038/454/2038
f 1852/221/1852 4/222/4 1058/459/1058 3140/458/3140
f 3140/458/3140 1058/459/1058 255/461/255 2039/460/2039
f 2038/454/2038 3140/458/3140 2039/460/2039 722/456/722
f 722/456/722 2039/460/2039 3141/463/3141 2040/462/2040
f 2039/460/2039 255/461/255 1059/464/1059 3141/463/3141
f 3141/463/3141 1059/464/1059 28/466/28 1868/465/1868
f 2040/462/2040 3141/463/3141 1868/465/1868 660/467/660
f 694/457/694 2041/455/2041 3142/469/3142 1937/468/1937
f 2041/455/2041 722/456/722 2040/462/2040 3142/469/3142
f 3142/469/3142 2040/462/2040 660/467/660 1869/470/1869
f 1937/468/1937 3142/469/3142 1869/470/1869 220/471/220
f 220/471/220 1869/470/1869 3143/473/3143 1934/472/1934
f 1869/470/1869 660/467/660 2042/474/2042 3143/473/3143
f 3143/473/3143 2042/474/2042 723/476/723 2045/475/2045
f 1934/472/1934 3143/473/3143 2045/475/2045 693/477/693
f 660/467/660 1868/465/1868 3144/478/3144 2042/474/2042
f 1868/465/1868 28/466/28 1060/479/1060 3144/478/3144
f 3144/478/3144 1060/479/1060 256/481/256 2043/480/2043
f 2042/474/2042 3144/478/3144 2043/480/2043 723/476/723
f 723/476/723 2043/480/2043 3145/483/3145 2044/482/2044
f 2043/480/2043 256/481/256 1061/484/1061 3145/483/3145
f 3145/483/3145 1061/484/1061 29/486/29 1870/485/1870
f 2044/482/2044 3145/483/3145 1870/485/1870 661/487/661
f 693/477/693 2045/475/2045 3146/489/3146 1935/488/1935
f 2045/475/2045 723/476/723 2044/482/2044 3146/489/3146
f 3146/489/3146 2044/482/2044 661/487/661 1871/490/1871
f 1935/488/1935 3146/489/3146 1871/490/1871 221/491/221
f 221/491/221 1871/490/1871 3147/493/3147 1932/492/1932
f 1871/490/1871 661/487/661 2046/494/2046 3147/493/3147
f 3147/493/3147 2046/494/2046 724/496/724 2049/495/2049
f 1932/492/1932 3147/493/3147 2049/495/2049 692/497/692
f 661/487/661 1870/485/1870 3148/498/3148 2046/494/2046
f 1870/485/1870 29/486/29 1062/499/1062 3148/498/3148
f 3148/498/3148 1062/499/1062 257/501/257 2047/500/2047
f 2046/494/2046 3148/498/3148 2047/500/2047 724/496/724
f 724/496/724 2047/500/2047 3149/503/3149 2048/502/2048
f 2047/500/2047 257/501/257 1063/504/1063 3149/503/3149
f 3149/503/3149 1063/504/1063 30/506/30 1872/505/1872
f 2048/502/2048 3149/503/3149 1872/505/1872 662/507/662
f 692/497/692 2049/495/2049 3150/509/3150 1933/508/1933
f 2049/495/2049 724/496/724 2048/502/2048 3150/509/3150
f 3150/509/3150 2048/502/2048 662/507/662 1873/510/1873
f 1933/508/1933 3150/509/3150 1873/510/1873 222/511/222
f 222/511/222 1873/510/1873 3151/513/3151 1930/512/1930
f 1873/510/1873 662/507/662 2050/514/2050 3151/513/3151
f 3151/513/3151 2050/514/2050 725/516/725 2053/515/2053
f 1930/512/1930 3151/513/3151 2053/515/2053 691/517/691
f 662/507/662 1872/505/1872 3152/518/3152 2050/514/2050
f 1872/505/1872 30/506/30 1064/519/1064 3152/518/3152
f 3152/518/3152 1064/519/1064 258/521/258 2051/520/2051
f 2050/514/2050 3152/518/3152 2051/520/2051 725/516/725
f 725/516/725 2051/520/2051 3153/523/3153 2052/522/2052
f 2051/520/2051 258/521/258 1065/524/1065 3153/523/3153
f 3153/523/3153 1065/524/1065 8/526/8 1854/525/1854
f 2052/522/2052 3153/523/3153 1854/525/1854 653/527/653
f 691/517/691 2053/515/2053 3154/529/3154 1931/528/1931
f 2053/515/2053 725/516/725 2052/522/2052 3154/529/3154
f 3154/529/3154 2052/522/2052 653/527/653 1855/530/1855
f 1931/528/1931 3154/529/3154 1855/530/1855 213/531/213
f 89/383/89 1248/404/1248 3155/533/3155 1265/532/1265
f 1248/404/1248 350/402/350 2054/534/2054 3155/533/3155
f 3155/533/3155 2054/534/2054 726/536/726 2057/535/2057
f 1265/532/1265 3155/533/3155 2057/535/2057 358/537/358
f 350/402/350 1249/400/1249 3156/538/3156 2054/534/2054
f 1249/400/1249 90/401/90 1263/539/1263 3156/538/3156
f 3156/538/3156 1263/539/1263 357/541/357 2055/540/2055
f 2054/534/2054 3156/538/3156 2055/540/2055 726/536/726
f 726/536/726 2055/540/2055 3157/543/3157 2056/542/2056
f 2055/540/2055 357/541/357 1262/544/1262 3157/543/3157
f 3157/543/3157 1262/544/1262 31/546/31 1068/545/1068
f 2056/542/2056 3157/543/3157 1068/545/1068 260/547/260
f 358/537/358 2057/535/2057 3158/549/3158 1264/548/1264
f 2057/535/2057 726/536/726 2056/542/2056 3158/549/3158
f 3158/549/3158 2056/542/2056 260/547/260 1069/550/1069
f 1264/548/1264 3158/549/3158 1069/550/1069 32/551/32
f 174/388/174 1246/387/1246 3159/553/3159 1738/552/1738
f 1246/387/1246 349/384/349 2058/554/2058 3159/553/3159
f 3159/553/3159 2058/554/2058 727/556/727 2061/555/2061
f 1738/552/1738 3159/553/3159 2061/555/2061 595/557/595
f 349/384/349 1247/382/1247 3160/558/3160 2058/554/2058
f 1247/382/1247 89/383/89 1265/532/1265 3160/558/3160
f 3160/558/3160 1265/532/1265 358/537/358 2059/559/2059
f 2058/554/2058 3160/558/3160 2059/559/2059 727/556/727
f 727/556/727 2059/559/2059 3161/561/3161 2060/560/2060
f 2059/559/2059 358/537/358 1264/548/1264 3161/561/3161
f 3161/561/3161 1264/548/1264 32/551/32 1662/562/1662
f 2060/560/2060 3161/561/3161 1662/562/1662 557/563/557
f 595/557/595 2061/555/2061 3162/565/3162 1739/564/1739
f 2061/555/2061 727/556/727 2060/560/2060 3162/565/3162
f 3162/565/3162 2060/560/2060 557/563/557 1663/566/1663
f 1739/564/1739 3162/565/3162 1663/566/1663 165/567/165
f 25/568/25 1268/571/1268 3163/570/3163 1051/569/1051
f 1268/571/1268 360/573/360 2062/572/2062 3163/570/3163
f 3163/570/3163 2062/572/2062 728/575/728 2065/574/2065
f 1051/569/1051 3163/570/3163 2065/574/2065 251/576/251
f 360/573/360 1269/578/1269 3164/577/3164 2062/572/2062
f 1269/578/1269 88/580/88 1267/579/1267 3164/577/3164
f 3164/577/3164 1267/579/1267 359/582/359 2063/581/2063
f 2062/572/2062 3164/577/3164 2063/581/2063 728/575/728
f 728/575/728 2063/581/2063 3165/584/3165 2064/583/2064
f 2063/581/2063 359/582/359 1266/585/1266 3165/584/3165
f 3165/584/3165 1266/585/1266 33/587/33 1072/586/1072
f 2064/583/2064 3165/584/3165 1072/586/1072 262/588/262
f 251/576/251 2065/574/2065 3166/590/3166 1050/589/1050
f 2065/574/2065 728/575/728 2064/583/2064 3166/590/3166
f 3166/590/3166 2064/583/2064 262/588/262 1073/591/1073
f 1050/589/1050 3166/590/3166 1073/591/1073 7/592/7
f 26/593/26 1270/596/1270 3167/595/3167 1053/594/1053
f 1270/596/1270 361/598/361 2066/597/2066 3167/595/3167
f 3167/595/3167 2066/597/2066 729/600/729 2069/599/2069
f 1053/594/1053 3167/595/3167 2069/599/2069 252/601/252
f 361/598/361 1271/603/1271 3168/602/3168 2066/597/2066
f 1271/603/1271 85/605/85 1240/604/1240 3168/602/3168
f 3168/602/3168 1240/604/1240 346/607/346 2067/606/2067
f 2066/597/2066 3168/602/3168 2067/606/2067 729/600/729
f 729/600/729 2067/606/2067 3169/609/3169 2068/608/2068
f 2067/606/2067 346/607/346 1241/610/1241 3169/609/3169
f 3169/609/3169 1241/610/1241 88/580/88 1269/578/1269
f 2068/608/2068 3169/609/3169 1269/578/1269 360/573/360
f 252/601/252 2069/599/2069 3170/612/3170 1052/611/1052
f 2069/599/2069 729/600/729 2068/608/2068 3170/612/3170
f 3170/612/3170 2068/608/2068 360/573/360 1268/571/1268
f 1052/611/1052 3170/612/3170 1268/571/1268 25/568/25
f 27/424/27 1272/423/1272 3171/614/3171 1055/613/1055
f 1272/423/1272 362/420/362 2070/615/2070 3171/614/3171
f 3171/614/3171 2070/615/2070 730/617/730 2073/616/2073
f 1055/613/1055 3171/614/3171 2073/616/2073 253/618/253
f 362/420/362 1273/418/1273 3172/619/3172 2070/615/2070
f 1273/418/1273 82/419/82 1230/620/1230 3172/619/3172
f 3172/619/3172 1230/620/1230 341/622/341 2071/621/2071
f 2070/615/2070 3172/619/3172 2071/621/2071 730/617/730
f 730/617/730 2071/621/2071 3173/624/3173 2072/623/2072
f 2071/621/2071 341/622/341 1231/625/1231 3173/624/3173
f 3173/624/3173 1231/625/1231 85/605/85 1271/603/1271
f 2072/623/2072 3173/624/3173 1271/603/1271 361/598/361
f 253/618/253 2073/616/2073 3174/627/3174 1054/626/1054
f 2073/616/2073 730/617/730 2072/623/2072 3174/627/3174
f 3174/627/3174 2072/623/2072 361/598/361 1270/596/1270
f 1054/626/1054 3174/627/3174 1270/596/1270 26/593/26
f 175/628/175 1274/631/1274 3175/630/3175 1736/629/1736
f 1274/631/1274 363/633/363 2074/632/2074 3175/630/3175
f 3175/630/3175 2074/632/2074 731/635/731 2077/634/2077
f 1736/629/1736 3175/630/3175 2077/634/2077 594/636/594
f 363/633/363 1275/638/1275 3176/637/3176 2074/632/2074
f 1275/638/1275 92/640/92 1280/639/1280 3176/637/3176
f 3176/637/3176 1280/639/1280 366/642/366 2075/641/2075
f 2074/632/2074 3176/637/3176 2075/641/2075 731/635/731
f 731/635/731 2075/641/2075 3177/644/3177 2076/643/2076
f 2075/641/2075 366/642/366 1281/645/1281 3177/644/3177
f 3177/644/3177 1281/645/1281 95/647/95 1285/646/1285
f 2076/643/2076 3177/644/3177 1285/646/1285 368/648/368
f 594/636/594 2077/634/2077 3178/650/3178 1737/649/1737
f 2077/634/2077 731/635/731 2076/643/2076 3178/650/3178
f 3178/650/3178 2076/643/2076 368/648/368 1284/651/1284
f 1737/649/1737 3178/650/3178 1284/651/1284 176/652/176
f 92/640/92 1276/654/1276 3179/653/3179 1280/639/1280
f 1276/654/1276 364/656/364 2078/655/2078 3179/653/3179
f 3179/653/3179 2078/655/2078 732/658/732 2081/657/2081
f 1280/639/1280 3179/653/3179 2081/657/2081 366/642/366
f 364/656/364 1277/660/1277 3180/659/3180 2078/655/2078
f 1277/660/1277 93/662/93 1282/661/1282 3180/659/3180
f 3180/659/3180 1282/661/1282 367/664/367 2079/663/2079
f 2078/655/2078 3180/659/3180 2079/663/2079 732/658/732
f 732/658/732 2079/663/2079 3181/666/3181 2080/665/2080
f 2079/663/2079 367/664/367 1283/667/1283 3181/666/3181
f 3181/666/3181 1283/667/1283 96/669/96 1287/668/1287
f 2080/665/2080 3181/666/3181 1287/668/1287 369/670/369
f 366/642/366 2081/657/2081 3182/671/3182 1281/645/1281
f 2081/657/2081 732/658/732 2080/665/2080 3182/671/3182
f 3182/671/3182 2080/665/2080 369/670/369 1286/672/1286
f 1281/645/1281 3182/671/3182 1286/672/1286 95/647/95
f 176/652/176 1284/651/1284 3183/674/3183 1734/673/1734
f 1284/651/1284 368/648/368 2082/675/2082 3183/674/3183
f 3183/674/3183 2082/675/2082 733/677/733 2085/676/2085
f 1734/673/1734 3183/674/3183 2085/676/2085 593/678/593
f 368/648/368 1285/646/1285 3184/679/3184 2082/675/2082
f 1285/646/1285 95/647/95 1290/680/1290 3184/679/3184
f 3184/679/3184 1290/680/1290 371/682/371 2083/681/2083
f 2082/675/2082 3184/679/3184 2083/681/2083 733/677/733
f 733/677/733 2083/681/2083 3185/684/3185 2084/683/2084
f 2083/681/2083 371/682/371 1291/685/1291 3185/684/3185
f 3185/684/3185 1291/685/1291 98/687/98 1295/686/1295
f 2084/683/2084 3185/684/3185 1295/686/1295 373/688/373
f 593/678/593 2085/676/2085 3186/690/3186 1735/689/1735
f 2085/676/2085 733/677/733 2084/683/2084 3186/690/3186
f 3186/690/3186 2084/683/2084 373/688/373 1294/691/1294
f 1735/689/1735 3186/690/3186 1294/691/1294 177/692/177
f 95/647/95 1286/672/1286 3187/693/3187 1290/680/1290
f 1286/672/1286 369/670/369 2086/694/2086 3187/693/3187
f 3187/693/3187 2086/694/2086 734/696/734 2089/695/2089
f 1290/680/1290 3187/693/3187 2089/695/2089 371/682/371
f 369/670/369 1287/668/1287 3188/697/3188 2086/694/2086
f 1287/668/1287 96/669/96 1292/698/1292 3188/697/3188
f 3188/697/3188 1292/698/1292 372/700/372 2087/699/2087
f 2086/694/2086 3188/697/3188 2087/699/2087 734/696/734
f 734/696/734 2087/699/2087 3189/702/3189 2088/701/2088
f 2087/699/2087 372/700/372 1293/703/1293 3189/702/3189
f 3189/702/3189 1293/703/1293 99/705/99 1297/704/1297
f 2088/701/2088 3189/702/3189 1297/704/1297 374/706/374
f 371/682/371 2089/695/2089 3190/707/3190 1291/685/1291
f 2089/695/2089 734/696/734 2088/701/2088 3190/707/3190
f 3190/707/3190 2088/701/2088 374/706/374 1296/708/1296
f 1291/685/1291 3190/707/3190 1296/708/1296 98/687/98
f 11/709/11 1169/712/1169 3191/711/3191 1137/710/1137
f 1169/712/1169 310/714/310 2090/713/2090 3191/711/3191
f 3191/711/3191 2090/713/2090 735/716/735 2093/715/2093
f 1137/710/1137 3191/711/3191 2093/715/2093 294/717/294
f 310/714/310 1168/719/1168 3192/718/3192 2090/713/2090
f 1168/719/1168 69/721/69 1298/720/1298 3192/718/3192
f 3192/718/3192 1298/720/1298 375/723/375 2091/722/2091
f 2090/713/2090 3192/718/3192 2091/722/2091 735/716/735
f 735/716/735 2091/722/2091 3193/725/3193 2092/724/2092
f 2091/722/2091 375/723/375 1299/726/1299 3193/725/3193
f 3193/725/3193 1299/726/1299 91/728/91 1321/727/1321
f 2092/724/2092 3193/725/3193 1321/727/1321 386/729/386
f 294/717/294 2093/715/2093 3194/731/3194 1136/730/1136
f 2093/715/2093 735/716/735 2092/724/2092 3194/731/3194
f 3194/731/3194 2092/724/2092 386/729/386 1320/732/1320
f 1136/730/1136 3194/731/3194 1320/732/1320 57/733/57
f 167/734/167 1667/737/1667 3195/736/3195 1732/735/1732
f 1667/737/1667 559/739/559 2094/738/2094 3195/736/3195
f 3195/736/3195 2094/738/2094 736/741/736 2097/740/2097
f 1732/735/1732 3195/736/3195 2097/740/2097 592/742/592
f 559/739/559 1666/744/1666 3196/743/3196 2094/738/2094
f 1666/744/1666 68/746/68 1300/745/1300 3196/743/3196
f 3196/743/3196 1300/745/1300 376/748/376 2095/747/2095
f 2094/738/2094 3196/743/3196 2095/747/2095 736/741/736
f 736/741/736 2095/747/2095 3197/750/3197 2096/749/2096
f 2095/747/2095 376/748/376 1301/751/1301 3197/750/3197
f 3197/750/3197 1301/751/1301 92/640/92 1275/638/1275
f 2096/749/2096 3197/750/3197 1275/638/1275 363/633/363
f 592/742/592 2097/740/2097 3198/753/3198 1733/752/1733
f 2097/740/2097 736/741/736 2096/749/2096 3198/753/3198
f 3198/753/3198 2096/749/2096 363/633/363 1274/631/1274
f 1733/752/1733 3198/753/3198 1274/631/1274 175/628/175
f 68/746/68 1165/755/1165 3199/754/3199 1300/745/1300
f 1165/755/1165 308/757/308 2098/756/2098 3199/754/3199
f 3199/754/3199 2098/756/2098 737/759/737 2101/758/2101
f 1300/745/1300 3199/754/3199 2101/758/2101 376/748/376
f 308/757/308 1164/761/1164 3200/760/3200 2098/756/2098
f 1164/761/1164 67/763/67 1302/762/1302 3200/760/3200
f 3200/760/3200 1302/762/1302 377/765/377 2099/764/2099
f 2098/756/2098 3200/760/3200 2099/764/2099 737/759/737
f 737/759/737 2099/764/2099 3201/767/3201 2100/766/2100
f 2099/764/2099 377/765/377 1303/768/1303 3201/767/3201
f 3201/767/3201 1303/768/1303 93/662/93 1277/660/1277
f 2100/766/2100 3201/767/3201 1277/660/1277 364/656/364
f 376/748/376 2101/758/2101 3202/769/3202 1301/751/1301
f 2101/758/2101 737/759/737 2100/766/2100 3202/769/3202
f 3202/769/3202 2100/766/2100 364/656/364 1276/654/1276
f 1301/751/1301 3202/769/3202 1276/654/1276 92/640/92
f 215/770/215 1859/773/1859 3203/772/3203 1928/771/1928
f 1859/773/1859 655/775/655 2102/774/2102 3203/772/3203
f 3203/772/3203 2102/774/2102 738/777/738 2105/776/2105
f 1928/771/1928 3203/772/3203 2105/776/2105 690/778/690
f 655/775/655 1858/780/1858 3204/779/3204 2102/774/2102
f 1858/780/1858 12/782/12 1082/781/1082 3204/779/3204
f 3204/779/3204 1082/781/1082 267/784/267 2103/783/2103
f 2102/774/2102 3204/779/3204 2103/783/2103 738/777/738
f 738/777/738 2103/783/2103 3205/786/3205 2104/785/2104
f 2103/783/2103 267/784/267 1083/787/1083 3205/786/3205
f 3205/786/3205 1083/787/1083 37/789/37 1874/788/1874
f 2104/785/2104 3205/786/3205 1874/788/1874 663/790/663
f 690/778/690 2105/776/2105 3206/792/3206 1929/791/1929
f 2105/776/2105 738/777/738 2104/785/2104 3206/792/3206
f 3206/792/3206 2104/785/2104 663/790/663 1875/793/1875
f 1929/791/1929 3206/792/3206 1875/793/1875 223/794/223
f 223/794/223 1875/793/1875 3207/796/3207 1926/795/1926
f 1875/793/1875 663/790/663 2106/797/2106 3207/796/3207
f 3207/796/3207 2106/797/2106 739/799/739 2109/798/2109
f 1926/795/1926 3207/796/3207 2109/798/2109 689/800/689
f 663/790/663 1874/788/1874 3208/801/3208 2106/797/2106
f 1874/788/1874 37/789/37 1084/802/1084 3208/801/3208
f 3208/801/3208 1084/802/1084 268/804/268 2107/803/2107
f 2106/797/2106 3208/801/3208 2107/803/2107 739/799/739
f 739/799/739 2107/803/2107 3209/806/3209 2108/805/2108
f 2107/803/2107 268/804/268 1085/807/1085 3209/806/3209
f 3209/806/3209 1085/807/1085 38/809/38 1876/808/1876
f 2108/805/2108 3209/806/3209 1876/808/1876 664/810/664
f 689/800/689 2109/798/2109 3210/812/3210 1927/811/1927
f 2109/798/2109 739/799/739 2108/805/2108 3210/812/3210
f 3210/812/3210 2108/805/2108 664/810/664 1877/813/1877
f 1927/811/1927 3210/812/3210 1877/813/1877 224/814/224
f 224/814/224 1877/813/1877 3211/816/3211 1924/815/1924
f 1877/813/1877 664/810/664 2110/817/2110 3211/816/3211
f 3211/816/3211 2110/817/2110 740/819/740 2113/818/2113
f 1924/815/1924 3211/816/3211 2113/818/2113 688/820/688
f 664/810/664 1876/808/1876 3212/821/3212 2110/817/2110
f 1876/808/1876 38/809/38 1086/822/1086 3212/821/3212
f 3212/821/3212 1086/822/1086 269/824/269 2111/823/2111
f 2110/817/2110 3212/821/3212 2111/823/2111 740/819/740
f 740/819/740 2111/823/2111 3213/826/3213 2112/825/2112
f 2111/823/2111 269/824/269 1087/827/1087 3213/826/3213
f 3213/826/3213 1087/827/1087 39/829/39 1878/828/1878
f 2112/825/2112 3213/826/3213 1878/828/1878 665/830/665
f 688/820/688 2113/818/2113 3214/832/3214 1925/831/1925
f 2113/818/2113 740/819/740 2112/825/2112 3214/832/3214
f 3214/832/3214 2112/825/2112 665/830/665 1879/833/1879
f 1925/831/1925 3214/832/3214 1879/833/1879 225/834/225
f 225/834/225 1879/833/1879 3215/836/3215 1922/835/1922
f 1879/833/1879 665/830/665 2114/837/2114 3215/836/3215
f 3215/836/3215 2114/837/2114 741/839/741 2117/838/2117
f 1922/835/1922 3215/836/3215 2117/838/2117 687/840/687
f 665/830/665 1878/828/1878 3216/841/3216 2114/837/2114
f 1878/828/1878 39/829/39 1088/842/1088 3216/841/3216
f 3216/841/3216 1088/842/1088 270/844/270 2115/843/2115
f 2114/837/2114 3216/841/3216 2115/843/2115 741/839/741
f 741/839/741 2115/843/2115 3217/846/3217 2116/845/2116
f 2115/843/2115 270/844/270 1089/847/1089 3217/846/3217
f 3217/846/3217 1089/847/1089 6/849/6 1856/848/1856
f 2116/845/2116 3217/846/3217 1856/848/1856 654/850/654
f 687/840/687 2117/838/2117 3218/852/3218 1923/851/1923
f 2117/838/2117 741/839/741 2116/845/2116 3218/852/3218
f 3218/852/3218 2116/845/2116 654/850/654 1857/853/1857
f 1923/851/1923 3218/852/3218 1857/853/1857 214/854/214
f 98/687/98 1296/708/1296 3219/856/3219 1313/855/1313
f 1296/708/1296 374/706/374 2118/857/2118 3219/856/3219
f 3219/856/3219 2118/857/2118 742/859/742 2121/858/2121
f 1313/855/1313 3219/856/3219 2121/858/2121 382/860/382
f 374/706/374 1297/704/1297 3220/861/3220 2118/857/2118
f 1297/704/1297 99/705/99 1311/862/1311 3220/861/3220
f 3220/861/3220 1311/862/1311 381/864/381 2119/863/2119
f 2118/857/2118 3220/861/3220 2119/863/2119 742/859/742
f 742/859/742 2119/863/2119 3221/866/3221 2120/865/2120
f 2119/863/2119 381/864/381 1310/867/1310 3221/866/3221
f 3221/866/3221 1310/867/1310 40/869/40 1092/868/1092
f 2120/865/2120 3221/866/3221 1092/868/1092 272/870/272
f 382/860/382 2121/858/2121 3222/872/3222 1312/871/1312
f 2121/858/2121 742/859/742 2120/865/2120 3222/872/3222
f 3222/872/3222 2120/865/2120 272/870/272 1093/873/1093
f 1312/871/1312 3222/872/3222 1093/873/1093 41/874/41
f 177/692/177 1294/691/1294 3223/876/3223 1730/875/1730
f 1294/691/1294 373/688/373 2122/877/2122 3223/876/3223
f 3223/876/3223 2122/877/2122 743/879/743 2125/878/2125
f 1730/875/1730 3223/876/3223 2125/878/2125 591/880/591
f 373/688/373 1295/686/1295 3224/881/3224 2122/877/2122
f 1295/686/1295 98/687/98 1313/855/1313 3224/881/3224
f 3224/881/3224 1313/855/1313 382/860/382 2123/882/2123
f 2122/877/2122 3224/881/3224 2123/882/2123 743/879/743
f 743/879/743 2123/882/2123 3225/884/3225 2124/883/2124
f 2123/882/2123 382/860/382 1312/871/1312 3225/884/3225
f 3225/884/3225 1312/871/1312 41/874/41 1664/885/1664
f 2124/883/2124 3225/884/3225 1664/885/1664 558/886/558
f 591/880/591 2125/878/2125 3226/888/3226 1731/887/1731
f 2125/878/2125 743/879/743 2124/883/2124 3226/888/3226
f 3226/888/3226 2124/883/2124 558/886/558 1665/889/1665
f 1731/887/1731 3226/888/3226 1665/889/1665 166/890/166
f 55/891/55 1316/894/1316 3227/893/3227 1131/892/1131
f 1316/894/1316 384/896/384 2126/895/2126 3227/893/3227
f 3227/893/3227 2126/895/2126 744/898/744 2129/897/2129
f 1131/892/1131 3227/893/3227 2129/897/2129 291/899/291
f 384/896/384 1317/901/1317 3228/900/3228 2126/895/2126
f 1317/901/1317 97/903/97 1315/902/1315 3228/900/3228
f 3228/900/3228 1315/902/1315 383/905/383 2127/904/2127
f 2126/895/2126 3228/900/3228 2127/904/2127 744/898/744
f 744/898/744 2127/904/2127 3229/907/3229 2128/906/2128
f 2127/904/2127 383/905/383 1314/908/1314 3229/907/3229
f 3229/907/3229 1314/908/1314 42/910/42 1096/909/1096
f 2128/906/2128 3229/907/3229 1096/909/1096 274/911/274
f 291/899/291 2129/897/2129 3230/913/3230 1130/912/1130
f 2129/897/2129 744/898/744 2128/906/2128 3230/913/3230
f 3230/913/3230 2128/906/2128 274/911/274 1097/914/1097
f 1130/912/1130 3230/913/3230 1097/914/1097 5/915/5
f 56/916/56 1318/919/1318 3231/918/3231 1133/917/1133
f 1318/919/1318 385/921/385 2130/920/2130 3231/918/3231
f 3231/918/3231 2130/920/2130 745/923/745 2133/922/2133
f 1133/917/1133 3231/918/3231 2133/922/2133 292/924/292
f 385/921/385 1319/926/1319 3232/925/3232 2130/920/2130
f 1319/926/1319 94/928/94 1288/927/1288 3232/925/3232
f 3232/925/3232 1288/927/1288 370/930/370 2131/929/2131
f 2130/920/2130 3232/925/3232 2131/929/2131 745/923/745
f 745/923/745 2131/929/2131 3233/932/3233 2132/931/2132
f 2131/929/2131 370/930/370 1289/933/1289 3233/932/3233
f 3233/932/3233 1289/933/1289 97/903/97 1317/901/1317
f 2132/931/2132 3233/932/3233 1317/901/1317 384/896/384
f 292/924/292 2133/922/2133 3234/935/3234 1132/934/1132
f 2133/922/2133 745/923/745 2132/931/2132 3234/935/3234
f 3234/935/3234 2132/931/2132 384/896/384 1316/894/1316
f 1132/934/1132 3234/935/3234 1316/894/1316 55/891/55
f 57/733/57 1320/732/1320 3235/937/3235 1135/936/1135
f 1320/732/1320 386/729/386 2134/938/2134 3235/937/3235
f 3235/937/3235 2134/938/2134 746/940/746 2137/939/2137
f 1135/936/1135 3235/937/3235 2137/939/2137 293/941/293
f 386/729/386 1321/727/1321 3236/942/3236 2134/938/2134
f 1321/727/1321 91/728/91 1278/943/1278 3236/942/3236
f 3236/942/3236 1278/943/1278 365/945/365 2135/944/2135
f 2134/938/2134 3236/942/3236 2135/944/2135 746/940/746
f 746/940/746 2135/944/2135 3237/947/3237 2136/946/2136
f 2135/944/2135 365/945/365 1279/948/1279 3237/947/3237
f 3237/947/3237 1279/948/1279 94/928/94 1319/926/1319
f 2136/946/2136 3237/947/3237 1319/926/1319 385/921/385
f 293/941/293 2137/939/2137 3238/950/3238 1134/949/1134
f 2137/939/2137 746/940/746 2136/946/2136 3238/950/3238
f 3238/950/3238 2136/946/2136 385/921/385 1318/919/1318
f 1134/949/1134 3238/950/3238 1318/919/1318 56/916/56
f 178/951/178 1322/954/1322 3239/953/3239 1728/952/1728
f 1322/954/1322 387/956/387 2138/955/2138 3239/953/3239
f 3239/953/3239 2138/955/2138 747/958/747 2141/957/2141
f 1728/952/1728 3239/953/3239 2141/957/2141 590/959/590
f 387/956/387 1323/961/1323 3240/960/3240 2138/955/2138
f 1323/961/1323 101/963/101 1328/962/1328 3240/960/3240
f 3240/960/3240 1328/962/1328 390/965/390 2139/964/2139
f 2138/955/2138 3240/960/3240 2139/964/2139 747/958/747
f 747/958/747 2139/964/2139 3241/967/3241 2140/966/2140
f 2139/964/2139 390/965/390 1329/968/1329 3241/967/3241
f 3241/967/3241 1329/968/1329 104/970/104 1333/969/1333
f 2140/966/2140 3241/967/3241 1333/969/1333 392/971/392
f 590/959/590 2141/957/2141 3242/973/3242 1729/972/1729
f 2141/957/2141 747/958/747 2140/966/2140 3242/973/3242
f 3242/973/3242 2140/966/2140 392/971/392 1332/974/1332
f 1729/972/1729 3242/973/3242 1332/974/1332 179/975/179
f 101/963/101 1324/977/1324 3243/976/3243 1328/962/1328
f 1324/977/1324 388/979/388 2142/978/2142 3243/976/3243
f 3243/976/3243 2142/978/2142 748/981/748 2145/980/2145
f 1328/962/1328 3243/976/3243 2145/980/2145 390/965/390
f 388/979/388 1325/983/1325 3244/982/3244 2142/978/2142
f 1325/983/1325 102/985/102 1330/984/1330 3244/982/3244
f 3244/982/3244 1330/984/1330 391/987/391 2143/986/2143
f 2142/978/2142 3244/982/3244 2143/986/2143 748/981/748
f 748/981/748 2143/986/2143 3245/989/3245 2144/988/2144
f 2143/986/2143 391/987/391 1331/990/1331 3245/989/3245
f 3245/989/3245 1331/990/1331 105/992/105 1335/991/1335
f 2144/988/2144 3245/989/3245 1335/991/1335 393/993/393
f 390/965/390 2145/980/2145 3246/994/3246 1329/968/1329
f 2145/980/2145 748/981/748 2144/988/2144 3246/994/3246
f 3246/994/3246 2144/988/2144 393/993/393 1334/995/1334
f 1329/968/1329 3246/994/3246 1334/995/1334 104/970/104
f 179/975/179 1332/974/1332 3247/997/3247 1726/996/1726
f 1332/974/1332 392/971/392 2146/998/2146 3247/997/3247
f 3247/997/3247 2146/998/2146 749/1000/749 2149/999/2149
f 1726/996/1726 3247/997/3247 2149/999/2149 589/1001/589
f 392/971/392 1333/969/1333 3248/1002/3248 2146/998/2146
f 1333/969/1333 104/970/104 1338/1003/1338 3248/1002/3248
f 3248/1002/3248 1338/1003/1338 395/1005/395 2147/1004/2147
f 2146/998/2146 3248/1002/3248 2147/1004/2147 749/1000/749
f 749/1000/749 2147/1004/2147 3249/1007/3249 2148/1006/2148
f 2147/1004/2147 395/1005/395 1339/1008/1339 3249/1007/3249
f 3249/1007/3249 1339/1008/1339 107/1010/107 1343/1009/1343
f 2148/1006/2148 3249/1007/3249 1343/1009/1343 397/1011/397
f 589/1001/589 2149/999/2149 3250/1013/3250 1727/1012/1727
f 2149/999/2149 749/1000/749 2148/1006/2148 3250/1013/3250
f 3250/1013/3250 2148/1006/2148 397/1011/397 1342/1014/1342
f 1727/1012/1727 3250/1013/3250 1342/1014/1342 180/1015/180
f 104/970/104 1334/995/1334 3251/1016/3251 1338/1003/1338
f 1334/995/1334 393/993/393 2150/1017/2150 3251/1016/3251
f 3251/1016/3251 2150/1017/2150 750/1019/750 2153/1018/2153
f 1338/1003/1338 3251/1016/3251 2153/1018/2153 395/1005/395
f 393/993/393 1335/991/1335 3252/1020/3252 2150/1017/2150
f 1335/991/1335 105/992/105 1340/1021/1340 3252/1020/3252
f 3252/1020/3252 1340/1021/1340 396/1023/396 2151/1022/2151
f 2150/1017/2150 3252/1020/3252 2151/1022/2151 750/1019/750
f 750/1019/750 2151/1022/2151 3253/1025/3253 2152/1024/2152
f 2151/1022/2151 396/1023/396 1341/1026/1341 3253/1025/3253
f 3253/1025/3253 1341/1026/1341 108/1028/108 1345/1027/1345
f 2152/1024/2152 3253/1025/3253 1345/1027/1345 398/1029/398
f 395/1005/395 2153/1018/2153 3254/1030/3254 1339/1008/1339
f 2153/1018/2153 750/1019/750 2152/1024/2152 3254/1030/3254
f 3254/1030/3254 2152/1024/2152 398/1029/398 1344/1031/1344
f 1339/1008/1339 3254/1030/3254 1344/1031/1344 107/1010/107
f 5/915/5 1097/914/1097 3255/1033/3255 1105/1032/1105
f 1097/914/1097 274/911/274 2154/1034/2154 3255/1033/3255
f 3255/1033/3255 2154/1034/2154 751/1036/751 2157/1035/2157
f 1105/1032/1105 3255/1033/3255 2157/1035/2157 278/1037/278
f 274/911/274 1096/909/1096 3256/1038/3256 2154/1034/2154
f 1096/909/1096 42/910/42 1346/1039/1346 3256/1038/3256
f 3256/1038/3256 1346/1039/1346 399/1041/399 2155/1040/2155
f 2154/1034/2154 3256/1038/3256 2155/1040/2155 751/1036/751
f 751/1036/751 2155/1040/2155 3257/1043/3257 2156/1042/2156
f 2155/1040/2155 399/1041/399 1347/1044/1347 3257/1043/3257
f 3257/1043/3257 1347/1044/1347 100/1046/100 1369/1045/1369
f 2156/1042/2156 3257/1043/3257 1369/1045/1369 410/1047/410
f 278/1037/278 2157/1035/2157 3258/1049/3258 1104/1048/1104
f 2157/1035/2157 751/1036/751 2156/1042/2156 3258/1049/3258
f 3258/1049/3258 2156/1042/2156 410/1047/410 1368/1050/1368
f 1104/1048/1104 3258/1049/3258 1368/1050/1368 45/1051/45
f 166/890/166 1665/889/1665 3259/1053/3259 1724/1052/1724
f 1665/889/1665 558/886/558 2158/1054/2158 3259/1053/3259
f 3259/1053/3259 2158/1054/2158 752/1056/752 2161/1055/2161
f 1724/1052/1724 3259/1053/3259 2161/1055/2161 588/1057/588
f 558/886/558 1664/885/1664 3260/1058/3260 2158/1054/2158
f 1664/885/1664 41/874/41 1348/1059/1348 3260/1058/3260
f 3260/1058/3260 1348/1059/1348 400/1061/400 2159/1060/2159
f 2158/1054/2158 3260/1058/3260 2159/1060/2159 752/1056/752
f 752/1056/752 2159/1060/2159 3261/1063/3261 2160/1062/2160
f 2159/1060/2159 400/1061/400 1349/1064/1349 3261/1063/3261
f 3261/1063/3261 1349/1064/1349 101/963/101 1323/961/1323
f 2160/1062/2160 3261/1063/3261 1323/961/1323 387/956/387
f 588/1057/588 2161/1055/2161 3262/1066/3262 1725/1065/1725
f 2161/1055/2161 752/1056/752 2160/1062/2160 3262/1066/3262
f 3262/1066/3262 2160/1062/2160 387/956/387 1322/954/1322
f 1725/1065/1725 3262/1066/3262 1322/954/1322 178/951/178
f 41/874/41 1093/873/1093 3263/1067/3263 1348/1059/1348
f 1093/873/1093 272/870/272 2162/1068/2162 3263/1067/3263
f 3263/1067/3263 2162/1068/2162 753/1070/753 2165/1069/2165
f 1348/1059/1348 3263/1067/3263 2165/1069/2165 400/1061/400
f 272/870/272 1092/868/1092 3264/1071/3264 2162/1068/2162
f 1092/868/1092 40/869/40 1350/1072/1350 3264/1071/3264
f 3264/1071/3264 1350/1072/1350 401/1074/401 2163/1073/2163
f 2162/1068/2162 3264/1071/3264 2163/1073/2163 753/1070/753
f 753/1070/753 2163/1073/2163 3265/1076/3265 2164/1075/2164
f 2163/1073/2163 401/1074/401 1351/1077/1351 3265/1076/3265
f 3265/1076/3265 1351/1077/1351 102/985/102 1325/983/1325
f 2164/1075/2164 3265/1076/3265 1325/983/1325 388/979/388
f 400/1061/400 2165/1069/2165 3266/1078/3266 1349/1064/1349
f 2165/1069/2165 753/1070/753 2164/1075/2164 3266/1078/3266
f 3266/1078/3266 2164/1075/2164 388/979/388 1324/977/1324
f 1349/1064/1349 3266/1078/3266 1324/977/1324 101/963/101
f 214/854/214 1857/853/1857 3267/1080/3267 1920/1079/1920
f 1857/853/1857 654/850/654 2166/1081/2166 3267/1080/3267
f 3267/1080/3267 2166/1081/2166 754/1083/754 2169/1082/2169
f 1920/1079/1920 3267/1080/3267 2169/1082/2169 686/1084/686
f 654/850/654 1856/848/1856 3268/1085/3268 2166/1081/2166
f 1856/848/1856 6/849/6 1106/1086/1106 3268/1085/3268
f 3268/1085/3268 1106/1086/1106 279/1088/279 2167/1087/2167
f 2166/1081/2166 3268/1085/3268 2167/1087/2167 754/1083/754
f 754/1083/754 2167/1087/2167 3269/1090/3269 2168/1089/2168
f 2167/1087/2167 279/1088/279 1107/1091/1107 3269/1090/3269
f 3269/1090/3269 1107/1091/1107 46/1093/46 1880/1092/1880
f 2168/1089/2168 3269/1090/3269 1880/1092/1880 666/1094/666
f 686/1084/686 2169/1082/2169 3270/1096/3270 1921/1095/1921
f 2169/1082/2169 754/1083/754 2168/1089/2168 3270/1096/3270
f 3270/1096/3270 2168/1089/2168 666/1094/666 1881/1097/1881
f 1921/1095/1921 3270/1096/3270 1881/1097/1881 226/1098/226
f 226/1098/226 1881/1097/1881 3271/1100/3271 1918/1099/1918
f 1881/1097/1881 666/1094/666 2170/1101/2170 3271/1100/3271
f 3271/1100/3271 2170/1101/2170 755/1103/755 2173/1102/2173
f 1918/1099/1918 3271/1100/3271 2173/1102/2173 685/1104/685
f 666/1094/666 1880/1092/1880 3272/1105/3272 2170/1101/2170
f 1880/1092/1880 46/1093/46 1108/1106/1108 3272/1105/3272
f 3272/1105/3272 1108/1106/1108 280/1108/280 2171/1107/2171
f 2170/1101/2170 3272/1105/3272 2171/1107/2171 755/1103/755
f 755/1103/755 2171/1107/2171 3273/1110/3273 2172/1109/2172
f 2171/1107/2171 280/1108/280 1109/1111/1109 3273/1110/3273
f 3273/1110/3273 1109/1111/1109 47/1113/47 1882/1112/1882
f 2172/1109/2172 3273/1110/3273 1882/1112/1882 667/1114/667
f 685/1104/685 2173/1102/2173 3274/1116/3274 1919/1115/1919
f 2173/1102/2173 755/1103/755 2172/1109/2172 3274/1116/3274
f 3274/1116/3274 2172/1109/2172 667/1114/667 1883/1117/1883
f 1919/1115/1919 3274/1116/3274 1883/1117/1883 227/1118/227
f 227/1118/227 1883/1117/1883 3275/1120/3275 1916/1119/1916
f 1883/1117/1883 667/1114/667 2174/1121/2174 3275/1120/3275
f 3275/1120/3275 2174/1121/2174 756/1123/756 2177/1122/2177
f 1916/1119/1916 3275/1120/3275 2177/1122/2177 684/1124/684
f 667/1114/667 1882/1112/1882 3276/1125/3276 2174/1121/2174
f 1882/1112/1882 47/1113/47 1110/1126/1110 3276/1125/3276
f 3276/1125/3276 1110/1126/1110 281/1128/281 2175/1127/2175
f 2174/1121/2174 3276/1125/3276 2175/1127/2175 756/1123/756
f 756/1123/756 2175/1127/2175 3277/1130/3277 2176/1129/2176
f 2175/1127/2175 281/1128/281 1111/1131/1111 3277/1130/3277
f 3277/1130/3277 1111/1131/1111 48/1133/48 1884/1132/1884
f 2176/1129/2176 3277/1130/3277 1884/1132/1884 668/1134/668
f 684/1124/684 2177/1122/2177 3278/1136/3278 1917/1135/1917
f 2177/1122/2177 756/1123/756 2176/1129/2176 3278/1136/3278
f 3278/1136/3278 2176/1129/2176 668/1134/668 1885/1137/1885
f 1917/1135/1917 3278/1136/3278 1885/1137/1885 228/1138/228
f 228/1138/228 1885/1137/1885 3279/1140/3279 1914/1139/1914
f 1885/1137/1885 668/1134/668 2178/1141/2178 3279/1140/3279
f 3279/1140/3279 2178/1141/2178 757/1143/757 2181/1142/2181
f 1914/1139/1914 3279/1140/3279 2181/1142/2181 683/1144/683
f 668/1134/668 1884/1132/1884 3280/1145/3280 2178/1141/2178
f 1884/1132/1884 48/1133/48 1112/1146/1112 3280/1145/3280
f 3280/1145/3280 1112/1146/1112 282/1148/282 2179/1147/2179
f 2178/1141/2178 3280/1145/3280 2179/1147/2179 757/1143/757
f 757/1143/757 2179/1147/2179 3281/1150/3281 2180/1149/2180
f 2179/1147/2179 282/1148/282 1113/1151/1113 3281/1150/3281
f 3281/1150/3281 1113/1151/1113 2/1153/2 1033/1152/1033
f 2180/1149/2180 3281/1150/3281 1033/1152/1033 242/1154/242
f 683/1144/683 2181/1142/2181 3282/1156/3282 1915/1155/1915
f 2181/1142/2181 757/1143/757 2180/1149/2180 3282/1156/3282
f 3282/1156/3282 2180/1149/2180 242/1154/242 1032/1157/1032
f 1915/1155/1915 3282/1156/3282 1032/1157/1032 211/1158/211
f 107/1010/107 1344/1031/1344 3283/1160/3283 1361/1159/1361
f 1344/1031/1344 398/1029/398 2182/1161/2182 3283/1160/3283
f 3283/1160/3283 2182/1161/2182 758/1163/758 2185/1162/2185
f 1361/1159/1361 3283/1160/3283 2185/1162/2185 406/1164/406
f 398/1029/398 1345/1027/1345 3284/1165/3284 2182/1161/2182
f 1345/1027/1345 108/1028/108 1359/1166/1359 3284/1165/3284
f 3284/1165/3284 1359/1166/1359 405/1168/405 2183/1167/2183
f 2182/1161/2182 3284/1165/3284 2183/1167/2183 758/1163/758
f 758/1163/758 2183/1167/2183 3285/1170/3285 2184/1169/2184
f 2183/1167/2183 405/1168/405 1358/1171/1358 3285/1170/3285
f 3285/1170/3285 1358/1171/1358 18/1173/18 1031/1172/1031
f 2184/1169/2184 3285/1170/3285 1031/1172/1031 241/1174/241
f 406/1164/406 2185/1162/2185 3286/1176/3286 1360/1175/1360
f 2185/1162/2185 758/1163/758 2184/1169/2184 3286/1176/3286
f 3286/1176/3286 2184/1169/2184 241/1174/241 1030/1177/1030
f 1360/1175/1360 3286/1176/3286 1030/1177/1030 17/1178/17
f 180/1015/180 1342/1014/1342 3287/1180/3287 1722/1179/1722
f 1342/1014/1342 397/1011/397 2186/1181/2186 3287/1180/3287
f 3287/1180/3287 2186/1181/2186 759/1183/759 2189/1182/2189
f 1722/1179/1722 3287/1180/3287 2189/1182/2189 587/1184/587
f 397/1011/397 1343/1009/1343 3288/1185/3288 2186/1181/2186
f 1343/1009/1343 107/1010/107 1361/1159/1361 3288/1185/3288
f 3288/1185/3288 1361/1159/1361 406/1164/406 2187/1186/2187
f 2186/1181/2186 3288/1185/3288 2187/1186/2187 759/1183/759
f 759/1183/759 2187/1186/2187 3289/1188/3289 2188/1187/2188
f 2187/1186/2187 406/1164/406 1360/1175/1360 3289/1188/3289
f 3289/1188/3289 1360/1175/1360 17/1178/17 1029/1189/1029
f 2188/1187/2188 3289/1188/3289 1029/1189/1029 240/1190/240
f 587/1184/587 2189/1182/2189 3290/1192/3290 1723/1191/1723
f 2189/1182/2189 759/1183/759 2188/1187/2188 3290/1192/3290
f 3290/1192/3290 2188/1187/2188 240/1190/240 1028/1193/1028
f 1723/1191/1723 3290/1192/3290 1028/1193/1028 163/1194/163
f 43/1195/43 1364/1198/1364 3291/1197/3291 1099/1196/1099
f 1364/1198/1364 408/1200/408 2190/1199/2190 3291/1197/3291
f 3291/1197/3291 2190/1199/2190 760/1202/760 2193/1201/2193
f 1099/1196/1099 3291/1197/3291 2193/1201/2193 275/1203/275
f 408/1200/408 1365/1205/1365 3292/1204/3292 2190/1199/2190
f 1365/1205/1365 106/1207/106 1363/1206/1363 3292/1204/3292
f 3292/1204/3292 1363/1206/1363 407/1209/407 2191/1208/2191
f 2190/1199/2190 3292/1204/3292 2191/1208/2191 760/1202/760
f 760/1202/760 2191/1208/2191 3293/1211/3293 2192/1210/2192
f 2191/1208/2191 407/1209/407 1362/1212/1362 3293/1211/3293
f 3293/1211/3293 1362/1212/1362 16/1214/16 1027/1213/1027
f 2192/1210/2192 3293/1211/3293 1027/1213/1027 239/1215/239
f 275/1203/275 2193/1201/2193 3294/1217/3294 1098/1216/1098
f 2193/1201/2193 760/1202/760 2192/1210/2192 3294/1217/3294
f 3294/1217/3294 2192/1210/2192 239/1215/239 1026/1218/1026
f 1098/1216/1098 3294/1217/3294 1026/1218/1026 1/1219/1
f 44/1220/44 1366/1223/1366 3295/1222/3295 1101/1221/1101
f 1366/1223/1366 409/1225/409 2194/1224/2194 3295/1222/3295
f 3295/1222/3295 2194/1224/2194 761/1227/761 2197/1226/2197
f 1101/1221/1101 3295/1222/3295 2197/1226/2197 276/1228/276
f 409/1225/409 1367/1230/1367 3296/1229/3296 2194/1224/2194
f 1367/1230/1367 103/1232/103 1336/1231/1336 3296/1229/3296
f 3296/1229/3296 1336/1231/1336 394/1234/394 2195/1233/2195
f 2194/1224/2194 3296/1229/3296 2195/1233/2195 761/1227/761
f 761/1227/761 2195/1233/2195 3297/1236/3297 2196/1235/2196
f 2195/1233/2195 394/1234/394 1337/1237/1337 3297/1236/3297
f 3297/1236/3297 1337/1237/1337 106/1207/106 1365/1205/1365
f 2196/1235/2196 3297/1236/3297 1365/1205/1365 408/1200/408
f 276/1228/276 2197/1226/2197 3298/1239/3298 1100/1238/1100
f 2197/1226/2197 761/1227/761 2196/1235/2196 3298/1239/3298
f 3298/1239/3298 2196/1235/2196 408/1200/408 1364/1198/1364
f 1100/1238/1100 3298/1239/3298 1364/1198/1364 43/1195/43
f 45/1051/45 1368/1050/1368 3299/1241/3299 1103/1240/1103
f 1368/1050/1368 410/1047/410 2198/1242/2198 3299/1241/3299
f 3299/1241/3299 2198/1242/2198 762/1244/762 2201/1243/2201
f 1103/1240/1103 3299/1241/3299 2201/1243/2201 277/1245/277
f 410/1047/410 1369/1045/1369 3300/1246/3300 2198/1242/2198
f 1369/1045/1369 100/1046/100 1326/1247/1326 3300/1246/3300
f 3300/1246/3300 1326/1247/1326 389/1249/389 2199/1248/2199
f 2198/1242/2198 3300/1246/3300 2199/1248/2199 762/1244/762
f 762/1244/762 2199/1248/2199 3301/1251/3301 2200/1250/2200
f 2199/1248/2199 389/1249/389 1327/1252/1327 3301/1251/3301
f 3301/1251/3301 1327/1252/1327 103/1232/103 1367/1230/1367
f 2200/1250/2200 3301/1251/3301 1367/1230/1367 409/1225/409
f 277/1245/277 2201/1243/2201 3302/1254/3302 1102/1253/1102
f 2201/1243/2201 762/1244/762 2200/1250/2200 3302/1254/3302
f 3302/1254/3302 2200/1250/2200 409/1225/409 1366/1223/1366
f 1102/1253/1102 3302/1254/3302 1366/1223/1366 44/1220/44
f 109/1255/109 1370/1258/1370 3303/1257/3303 1374/1256/1374
f 1370/1258/1370 411/1260/411 2202/1259/2202 3303/1257/3303
f 3303/1257/3303 2202/1259/2202 763/1262/763 2205/1261/2205
f 1374/1256/1374 3303/1257/3303 2205/1261/2205 413/1263/413
f 997/1264/997 3010/1267/3010 3304/1266/3304 3002/1265/3002
f 3010/1267/3010 996/1269/996 2969/1268/2969 3304/1266/3304
f 3304/1266/3304 2969/1268/2969 972/1271/972 2956/1270/2956
f 3002/1265/3002 3304/1266/3304 2956/1270/2956 977/1272/977
f 763/1262/763 2203/1275/2203 3305/1274/3305 2204/1273/2204
f 2203/1275/2203 414/1277/414 1377/1276/1377 3305/1274/3305
f 3305/1274/3305 1377/1276/1377 113/1279/113 1381/1278/1381
f 2204/1273/2204 3305/1274/3305 1381/1278/1381 416/1280/416
f 413/1263/413 2205/1261/2205 3306/1282/3306 1375/1281/1375
f 2205/1261/2205 763/1262/763 2204/1273/2204 3306/1282/3306
f 3306/1282/3306 2204/1273/2204 416/1280/416 1380/1283/1380
f 1375/1281/1375 3306/1282/3306 1380/1283/1380 112/1284/112
f 110/1285/110 1372/1288/1372 3307/1287/3307 1376/1286/1376
f 1372/1288/1372 412/1290/412 2206/1289/2206 3307/1287/3307
f 3307/1287/3307 2206/1289/2206 764/1292/764 2209/1291/2209
f 1376/1286/1376 3307/1287/3307 2209/1291/2209 414/1277/414
f 412/1290/412 1373/1294/1373 3308/1293/3308 2206/1289/2206
f 1373/1294/1373 111/1296/111 1378/1295/1378 3308/1293/3308
f 3308/1293/3308 1378/1295/1378 415/1298/415 2207/1297/2207
f 2206/1289/2206 3308/1293/3308 2207/1297/2207 764/1292/764
f 764/1292/764 2207/1297/2207 3309/1300/3309 2208/1299/2208
f 2207/1297/2207 415/1298/415 1379/1301/1379 3309/1300/3309
f 3309/1300/3309 1379/1301/1379 114/1303/114 1383/1302/1383
f 2208/1299/2208 3309/1300/3309 1383/1302/1383 417/1304/417
f 414/1277/414 2209/1291/2209 3310/1305/3310 1377/1276/1377
f 2209/1291/2209 764/1292/764 2208/1299/2208 3310/1305/3310
f 3310/1305/3310 2208/1299/2208 417/1304/417 1382/1306/1382
f 1377/1276/1377 3310/1305/3310 1382/1306/1382 113/1279/113
f 112/1284/112 1380/1283/1380 3311/1308/3311 1384/1307/1384
f 1380/1283/1380 416/1280/416 2210/1309/2210 3311/1308/3311
f 3311/1308/3311 2210/1309/2210 765/1311/765 2213/1310/2213
f 1384/1307/1384 3311/1308/3311 2213/1310/2213 418/1312/418
f 416/1280/416 1381/1278/1381 3312/1313/3312 2210/1309/2210
f 1381/1278/1381 113/1279/113 1386/1314/1386 3312/1313/3312
f 3312/1313/3312 1386/1314/1386 419/1316/419 2211/1315/2211
f 2210/1309/2210 3312/1313/3312 2211/1315/2211 765/1311/765
f 765/1311/765 2211/1315/2211 3313/1318/3313 2212/1317/2212
f 2211/1315/2211 419/1316/419 1387/1319/1387 3313/1318/3313
f 3313/1318/3313 1387/1319/1387 116/1321/116 1391/1320/1391
f 2212/1317/2212 3313/1318/3313 1391/1320/1391 421/1322/421
f 418/1312/418 2213/1310/2213 3314/1324/3314 1385/1323/1385
f 2213/1310/2213 765/1311/765 2212/1317/2212 3314/1324/3314
f 3314/1324/3314 2212/1317/2212 421/1322/421 1390/1325/1390
f 1385/1323/1385 3314/1324/3314 1390/1325/1390 115/1326/115
f 113/1279/113 1382/1306/1382 3315/1327/3315 1386/1314/1386
f 1382/1306/1382 417/1304/417 2214/1328/2214 3315/1327/3315
f 3315/1327/3315 2214/1328/2214 766/1330/766 2217/1329/2217
f 1386/1314/1386 3315/1327/3315 2217/1329/2217 419/1316/419
f 417/1304/417 1383/1302/1383 3316/1331/3316 2214/1328/2214
f 1383/1302/1383 114/1303/114 1388/1332/1388 3316/1331/3316
f 3316/1331/3316 1388/1332/1388 420/1334/420 2215/1333/2215
f 2214/1328/2214 3316/1331/3316 2215/1333/2215 766/1330/766
f 766/1330/766 2215/1333/2215 3317/1336/3317 2216/1335/2216
f 2215/1333/2215 420/1334/420 1389/1337/1389 3317/1336/3317
f 3317/1336/3317 1389/1337/1389 117/1339/117 1393/1338/1393
f 2216/1335/2216 3317/1336/3317 1393/1338/1393 422/1340/422
f 419/1316/419 2217/1329/2217 3318/1341/3318 1387/1319/1387
f 2217/1329/2217 766/1330/766 2216/1335/2216 3318/1341/3318
f 3318/1341/3318 2216/1335/2216 422/1340/422 1392/1342/1392
f 1387/1319/1387 3318/1341/3318 1392/1342/1392 116/1321/116
f 9/82/9 1161/1345/1161 3319/1344/3319 1018/1343/1018
f 1161/1345/1161 306/1347/306 2218/1346/2218 3319/1344/3319
f 3319/1344/3319 2218/1346/2218 767/1349/767 2221/1348/2221
f 1018/1343/1018 3319/1344/3319 2221/1348/2221 235/1350/235
f 306/1347/306 1160/1352/1160 3320/1351/3320 2218/1346/2218
f 1160/1352/1160 66/1354/66 1394/1353/1394 3320/1351/3320
f 3320/1351/3320 1394/1353/1394 423/1356/423 2219/1355/2219
f 2218/1346/2218 3320/1351/3320 2219/1355/2219 767/1349/767
f 767/1349/767 2219/1355/2219 3321/1358/3321 2220/1357/2220
f 2219/1355/2219 423/1356/423 1395/1359/1395 3321/1358/3321
f 3321/1358/3321 1395/1359/1395 109/1255/109 1417/1360/1417
f 2220/1357/2220 3321/1358/3321 1417/1360/1417 434/1361/434
f 235/1350/235 2221/1348/2221 3322/1363/3322 1019/1362/1019
f 2221/1348/2221 767/1349/767 2220/1357/2220 3322/1363/3322
f 3322/1363/3322 2220/1357/2220 434/1361/434 1416/1364/1416
f 1019/1362/1019 3322/1363/3322 1416/1364/1416 13/1365/13
f 66/1354/66 1159/1367/1159 3323/1366/3323 1394/1353/1394
f 1159/1367/1159 305/1369/305 2222/1368/2222 3323/1366/3323
f 3323/1366/3323 2222/1368/2222 768/1371/768 2225/1370/2225
f 1394/1353/1394 3323/1366/3323 2225/1370/2225 423/1356/423
f 305/1369/305 1158/1373/1158 3324/1372/3324 2222/1368/2222
f 1158/1374/1158 65/1377/65 1396/1376/1396 3324/1375/3324
f 3324/1375/3324 1396/1376/1396 424/1379/424 2223/1378/2223
f 2222/1368/2222 3324/1372/3324 2223/1380/2223 768/1371/768
f 1009/1381/1009 3034/1384/3034 3325/1383/3325 3026/1382/3026
f 3034/1384/3034 1008/1386/1008 2945/1385/2945 3325/1383/3325
f 3325/1383/3325 2945/1385/2945 968/1388/968 2936/1387/2936
f 3026/1382/3026 3325/1383/3325 2936/1387/2936 967/1389/967
f 423/1356/423 2225/1370/2225 3326/1390/3326 1395/1359/1395
f 2225/1370/2225 768/1371/768 2224/1391/2224 3326/1390/3326
f 3326/1390/3326 2224/1391/2224 411/1260/411 1370/1258/1370
f 1395/1359/1395 3326/1390/3326 1370/1258/1370 109/1255/109
f 65/1377/65 1157/1393/1157 3327/1392/3327 1396/1376/1396
f 1157/1393/1157 304/1395/304 2226/1394/2226 3327/1392/3327
f 3327/1392/3327 2226/1394/2226 769/1397/769 2229/1396/2229
f 1396/1376/1396 3327/1392/3327 2229/1396/2229 424/1379/424
f 304/1395/304 1156/1399/1156 3328/1398/3328 2226/1394/2226
f 1156/1399/1156 64/1401/64 1398/1400/1398 3328/1398/3328
f 3328/1398/3328 1398/1400/1398 425/1403/425 2227/1402/2227
f 2226/1394/2226 3328/1398/3328 2227/1402/2227 769/1397/769
f 769/1397/769 2227/1402/2227 3329/1405/3329 2228/1404/2228
f 2227/1402/2227 425/1403/425 1399/1406/1399 3329/1405/3329
f 3329/1405/3329 1399/1406/1399 111/1296/111 1373/1294/1373
f 2228/1404/2228 3329/1405/3329 1373/1294/1373 412/1290/412
f 424/1379/424 2229/1396/2229 3330/1408/3330 1397/1407/1397
f 2229/1396/2229 769/1397/769 2228/1404/2228 3330/1408/3330
f 3330/1408/3330 2228/1404/2228 412/1290/412 1372/1288/1372
f 1397/1407/1397 3330/1408/3330 1372/1288/1372 110/1285/110
f 64/1401/64 1155/1410/1155 3331/1409/3331 1398/1400/1398
f 1155/1410/1155 303/1412/303 2230/1411/2230 3331/1409/3331
f 3331/1409/3331 2230/1411/2230 770/1414/770 2233/1413/2233
f 1398/1400/1398 3331/1409/3331 2233/1413/2233 425/1403/425
f 303/1412/303 1154/1416/1154 3332/1415/3332 2230/1411/2230
f 1154/1416/1154 11/709/11 1137/710/1137 3332/1415/3332
f 3332/1415/3332 1137/710/1137 294/717/294 2231/1417/2231
f 2230/1411/2230 3332/1415/3332 2231/1417/2231 770/1414/770
f 770/1414/770 2231/1417/2231 3333/1419/3333 2232/1418/2232
f 2231/1417/2231 294/717/294 1136/730/1136 3333/1419/3333
f 3333/1419/3333 1136/730/1136 57/733/57 1400/1420/1400
f 2232/1418/2232 3333/1419/3333 1400/1420/1400 426/1421/426
f 425/1403/425 2233/1413/2233 3334/1422/3334 1399/1406/1399
f 2233/1413/2233 770/1414/770 2232/1418/2232 3334/1422/3334
f 3334/1422/3334 2232/1418/2232 426/1421/426 1401/1423/1401
f 1399/1406/1399 3334/1422/3334 1401/1423/1401 111/1296/111
f 111/1296/111 1401/1423/1401 3335/1424/3335 1378/1295/1378
f 1401/1423/1401 426/1421/426 2234/1425/2234 3335/1424/3335
f 3335/1424/3335 2234/1425/2234 771/1427/771 2237/1426/2237
f 1378/1295/1378 3335/1424/3335 2237/1426/2237 415/1298/415
f 426/1421/426 1400/1420/1400 3336/1428/3336 2234/1425/2234
f 1400/1420/1400 57/733/57 1135/936/1135 3336/1428/3336
f 3336/1428/3336 1135/936/1135 293/941/293 2235/1429/2235
f 2234/1425/2234 3336/1428/3336 2235/1429/2235 771/1427/771
f 771/1427/771 2235/1429/2235 3337/1431/3337 2236/1430/2236
f 2235/1429/2235 293/941/293 1134/949/1134 3337/1431/3337
f 3337/1431/3337 1134/949/1134 56/916/56 1402/1432/1402
f 2236/1430/2236 3337/1431/3337 1402/1432/1402 427/1433/427
f 415/1298/415 2237/1426/2237 3338/1434/3338 1379/1301/1379
f 2237/1426/2237 771/1427/771 2236/1430/2236 3338/1434/3338
f 3338/1434/3338 2236/1430/2236 427/1433/427 1403/1435/1403
f 1379/1301/1379 3338/1434/3338 1403/1435/1403 114/1303/114
f 114/1303/114 1403/1435/1403 3339/1436/3339 1388/1332/1388
f 1403/1435/1403 427/1433/427 2238/1437/2238 3339/1436/3339
f 3339/1436/3339 2238/1437/2238 772/1439/772 2241/1438/2241
f 1388/1332/1388 3339/1436/3339 2241/1438/2241 420/1334/420
f 427/1433/427 1402/1432/1402 3340/1440/3340 2238/1437/2238
f 1402/1432/1402 56/916/56 1133/917/1133 3340/1440/3340
f 3340/1440/3340 1133/917/1133 292/924/292 2239/1441/2239
f 2238/1437/2238 3340/1440/3340 2239/1441/2239 772/1439/772
f 772/1439/772 2239/1441/2239 3341/1443/3341 2240/1442/2240
f 2239/1441/2239 292/924/292 1132/934/1132 3341/1443/3341
f 3341/1443/3341 1132/934/1132 55/891/55 1404/1444/1404
f 2240/1442/2240 3341/1443/3341 1404/1444/1404 428/1445/428
f 420/1334/420 2241/1438/2241 3342/1446/3342 1389/1337/1389
f 2241/1438/2241 772/1439/772 2240/1442/2240 3342/1446/3342
f 3342/1446/3342 2240/1442/2240 428/1445/428 1405/1447/1405
f 1389/1337/1389 3342/1446/3342 1405/1447/1405 117/1339/117
f 117/1339/117 1405/1447/1405 3343/1449/3343 1407/1448/1407
f 1405/1447/1405 428/1445/428 2242/1450/2242 3343/1449/3343
f 3343/1449/3343 2242/1450/2242 773/1452/773 2245/1451/2245
f 1407/1448/1407 3343/1449/3343 2245/1451/2245 429/1453/429
f 428/1445/428 1404/1444/1404 3344/1454/3344 2242/1450/2242
f 1404/1444/1404 55/891/55 1131/892/1131 3344/1454/3344
f 3344/1454/3344 1131/892/1131 291/899/291 2243/1455/2243
f 2242/1450/2242 3344/1454/3344 2243/1455/2243 773/1452/773
f 773/1452/773 2243/1455/2243 3345/1457/3345 2244/1456/2244
f 2243/1455/2243 291/899/291 1130/912/1130 3345/1457/3345
f 3345/1457/3345 1130/912/1130 5/915/5 1105/1032/1105
f 2244/1456/2244 3345/1457/3345 1105/1032/1105 278/1037/278
f 429/1453/429 2245/1451/2245 3346/1459/3346 1406/1458/1406
f 2245/1451/2245 773/1452/773 2244/1456/2244 3346/1459/3346
f 3346/1459/3346 2244/1456/2244 278/1037/278 1104/1048/1104
f 1406/1458/1406 3346/1459/3346 1104/1048/1104 45/1051/45
f 116/1321/116 1392/1342/1392 3347/1461/3347 1409/1460/1409
f 1392/1342/1392 422/1340/422 2246/1462/2246 3347/1461/3347
f 3347/1461/3347 2246/1462/2246 774/1464/774 2249/1463/2249
f 1409/1460/1409 3347/1461/3347 2249/1463/2249 430/1465/430
f 422/1340/422 1393/1338/1393 3348/1466/3348 2246/1462/2246
f 1393/1338/1393 117/1339/117 1407/1448/1407 3348/1466/3348
f 3348/1466/3348 1407/1448/1407 429/1453/429 2247/1467/2247
f 2246/1462/2246 3348/1466/3348 2247/1467/2247 774/1464/774
f 774/1464/774 2247/1467/2247 3349/1469/3349 2248/1468/2248
f 2247/1467/2247 429/1453/429 1406/1458/1406 3349/1469/3349
f 3349/1469/3349 1406/1458/1406 45/1051/45 1103/1240/1103
f 2248/1468/2248 3349/1469/3349 1103/1240/1103 277/1245/277
f 430/1465/430 2249/1463/2249 3350/1471/3350 1408/1470/1408
f 2249/1463/2249 774/1464/774 2248/1468/2248 3350/1471/3350
f 3350/1471/3350 2248/1468/2248 277/1245/277 1102/1253/1102
f 1408/1470/1408 3350/1471/3350 1102/1253/1102 44/1220/44
f 115/1326/115 1390/1325/1390 3351/1473/3351 1411/1472/1411
f 1390/1325/1390 421/1322/421 2250/1474/2250 3351/1473/3351
f 3351/1473/3351 2250/1474/2250 775/1476/775 2253/1475/2253
f 1411/1472/1411 3351/1473/3351 2253/1475/2253 431/1477/431
f 421/1322/421 1391/1320/1391 3352/1478/3352 2250/1474/2250
f 1391/1320/1391 116/1321/116 1409/1460/1409 3352/1478/3352
f 3352/1478/3352 1409/1460/1409 430/1465/430 2251/1479/2251
f 2250/1474/2250 3352/1478/3352 2251/1479/2251 775/1476/775
f 775/1476/775 2251/1479/2251 3353/1481/3353 2252/1480/2252
f 2251/1479/2251 430/1465/430 1408/1470/1408 3353/1481/3353
f 3353/1481/3353 1408/1470/1408 44/1220/44 1101/1221/1101
f 2252/1480/2252 3353/1481/3353 1101/1221/1101 276/1228/276
f 431/1477/431 2253/1475/2253 3354/1483/3354 1410/1482/1410
f 2253/1475/2253 775/1476/775 2252/1480/2252 3354/1483/3354
f 3354/1483/3354 2252/1480/2252 276/1228/276 1100/1238/1100
f 1410/1482/1410 3354/1483/3354 1100/1238/1100 43/1195/43
f 15/1484/15 1412/1487/1412 3355/1486/3355 1024/1485/1024
f 1412/1487/1412 432/1489/432 2254/1488/2254 3355/1486/3355
f 3355/1486/3355 2254/1488/2254 776/1491/776 2257/1490/2257
f 1024/1485/1024 3355/1486/3355 2257/1490/2257 238/1492/238
f 432/1489/432 1413/1494/1413 3356/1493/3356 2254/1488/2254
f 1413/1494/1413 115/1326/115 1411/1472/1411 3356/1493/3356
f 3356/1493/3356 1411/1472/1411 431/1477/431 2255/1495/2255
f 2254/1488/2254 3356/1493/3356 2255/1495/2255 776/1491/776
f 776/1491/776 2255/1495/2255 3357/1497/3357 2256/1496/2256
f 2255/1495/2255 431/1477/431 1410/1482/1410 3357/1497/3357
f 3357/1497/3357 1410/1482/1410 43/1195/43 1099/1196/1099
f 2256/1496/2256 3357/1497/3357 1099/1196/1099 275/1203/275
f 238/1492/238 2257/1490/2257 3358/1499/3358 1025/1498/1025
f 2257/1490/2257 776/1491/776 2256/1496/2256 3358/1499/3358
f 3358/1499/3358 2256/1496/2256 275/1203/275 1098/1216/1098
f 1025/1498/1025 3358/1499/3358 1098/1216/1098 1/1219/1
f 14/1500/14 1414/1503/1414 3359/1502/3359 1022/1501/1022
f 1414/1503/1414 433/1505/433 2258/1504/2258 3359/1502/3359
f 3359/1502/3359 2258/1504/2258 777/1507/777 2261/1506/2261
f 1022/1501/1022 3359/1502/3359 2261/1506/2261 237/1508/237
f 433/1505/433 1415/1510/1415 3360/1509/3360 2258/1504/2258
f 1415/1510/1415 112/1284/112 1384/1307/1384 3360/1509/3360
f 3360/1509/3360 1384/1307/1384 418/1312/418 2259/1511/2259
f 2258/1504/2258 3360/1509/3360 2259/1511/2259 777/1507/777
f 777/1507/777 2259/1511/2259 3361/1513/3361 2260/1512/2260
f 2259/1511/2259 418/1312/418 1385/1323/1385 3361/1513/3361
f 3361/1513/3361 1385/1323/1385 115/1326/115 1413/1494/1413
f 2260/1512/2260 3361/1513/3361 1413/1494/1413 432/1489/432
f 237/1508/237 2261/1506/2261 3362/1515/3362 1023/1514/1023
f 2261/1506/2261 777/1507/777 2260/1512/2260 3362/1515/3362
f 3362/1515/3362 2260/1512/2260 432/1489/432 1412/1487/1412
f 1023/1514/1023 3362/1515/3362 1412/1487/1412 15/1484/15
f 13/1365/13 1416/1364/1416 3363/1517/3363 1020/1516/1020
f 1416/1364/1416 434/1361/434 2262/1518/2262 3363/1517/3363
f 3363/1517/3363 2262/1518/2262 778/1520/778 2265/1519/2265
f 1020/1516/1020 3363/1517/3363 2265/1519/2265 236/1521/236
f 434/1361/434 1417/1360/1417 3364/1522/3364 2262/1518/2262
f 1417/1360/1417 109/1255/109 1374/1256/1374 3364/1522/3364
f 3364/1522/3364 1374/1256/1374 413/1263/413 2263/1523/2263
f 2262/1518/2262 3364/1522/3364 2263/1523/2263 778/1520/778
f 778/1520/778 2263/1523/2263 3365/1525/3365 2264/1524/2264
f 2263/1523/2263 413/1263/413 1375/1281/1375 3365/1525/3365
f 3365/1525/3365 1375/1281/1375 112/1284/112 1415/1510/1415
f 2264/1524/2264 3365/1525/3365 1415/1510/1415 433/1505/433
f 236/1521/236 2265/1519/2265 3366/1527/3366 1021/1526/1021
f 2265/1519/2265 778/1520/778 2264/1524/2264 3366/1527/3366
f 3366/1527/3366 2264/1524/2264 433/1505/433 1414/1503/1414
f 1021/1526/1021 3366/1527/3366 1414/1503/1414 14/1500/14
f 118/1528/118 1418/1531/1418 3367/1530/3367 1422/1529/1422
f 1418/1531/1418 435/1533/435 2266/1532/2266 3367/1530/3367
f 3367/1530/3367 2266/1532/2266 779/1535/779 2269/1534/2269
f 1422/1529/1422 3367/1530/3367 2269/1534/2269 437/1536/437
f 435/1533/435 1419/1538/1419 3368/1537/3368 2266/1532/2266
f 1419/1538/1419 119/1540/119 1424/1539/1424 3368/1537/3368
f 3368/1537/3368 1424/1539/1424 438/1542/438 2267/1541/2267
f 2266/1532/2266 3368/1537/3368 2267/1541/2267 779/1535/779
f 779/1535/779 2267/1541/2267 3369/1544/3369 2268/1543/2268
f 2267/1541/2267 438/1542/438 1425/1545/1425 3369/1544/3369
f 3369/1544/3369 1425/1545/1425 122/1547/122 1429/1546/1429
f 2268/1543/2268 3369/1544/3369 1429/1546/1429 440/1548/440
f 437/1536/437 2269/1534/2269 3370/1550/3370 1423/1549/1423
f 2269/1534/2269 779/1535/779 2268/1543/2268 3370/1550/3370
f 3370/1550/3370 2268/1543/2268 440/1548/440 1428/1551/1428
f 1423/1549/1423 3370/1550/3370 1428/1551/1428 121/1552/121
f 119/1540/119 1420/1554/1420 3371/1553/3371 1424/1539/1424
f 1420/1554/1420 436/1556/436 2270/1555/2270 3371/1553/3371
f 3371/1553/3371 2270/1555/2270 780/1558/780 2273/1557/2273
f 1424/1539/1424 3371/1553/3371 2273/1557/2273 438/1542/438
f 436/1556/436 1421/1560/1421 3372/1559/3372 2270/1555/2270
f 1421/1560/1421 120/1562/120 1426/1561/1426 3372/1559/3372
f 3372/1559/3372 1426/1561/1426 439/1564/439 2271/1563/2271
f 2270/1555/2270 3372/1559/3372 2271/1563/2271 780/1558/780
f 780/1558/780 2271/1563/2271 3373/1566/3373 2272/1565/2272
f 2271/1563/2271 439/1564/439 1427/1567/1427 3373/1566/3373
f 3373/1566/3373 1427/1567/1427 123/1569/123 1431/1568/1431
f 2272/1565/2272 3373/1566/3373 1431/1568/1431 441/1570/441
f 438/1542/438 2273/1557/2273 3374/1571/3374 1425/1545/1425
f 2273/1557/2273 780/1558/780 2272/1565/2272 3374/1571/3374
f 3374/1571/3374 2272/1565/2272 441/1570/441 1430/1572/1430
f 1425/1545/1425 3374/1571/3374 1430/1572/1430 122/1547/122
f 121/1552/121 1428/1551/1428 3375/1574/3375 1432/1573/1432
f 1428/1551/1428 440/1548/440 2274/1575/2274 3375/1574/3375
f 3375/1574/3375 2274/1575/2274 781/1577/781 2277/1576/2277
f 1432/1573/1432 3375/1574/3375 2277/1576/2277 442/1578/442
f 440/1548/440 1429/1546/1429 3376/1579/3376 2274/1575/2274
f 1429/1546/1429 122/1547/122 1434/1580/1434 3376/1579/3376
f 3376/1579/3376 1434/1580/1434 443/1582/443 2275/1581/2275
f 2274/1575/2274 3376/1579/3376 2275/1581/2275 781/1577/781
f 781/1577/781 2275/1581/2275 3377/1584/3377 2276/1583/2276
f 2275/1581/2275 443/1582/443 1435/1585/1435 3377/1584/3377
f 3377/1584/3377 1435/1585/1435 125/1587/125 1439/1586/1439
f 2276/1583/2276 3377/1584/3377 1439/1586/1439 445/1588/445
f 442/1578/442 2277/1576/2277 3378/1590/3378 1433/1589/1433
f 2277/1576/2277 781/1577/781 2276/1583/2276 3378/1590/3378
f 3378/1590/3378 2276/1583/2276 445/1588/445 1438/1591/1438
f 1433/1589/1433 3378/1590/3378 1438/1591/1438 124/1592/124
f 122/1547/122 1430/1572/1430 3379/1593/3379 1434/1580/1434
f 1430/1572/1430 441/1570/441 2278/1594/2278 3379/1593/3379
f 3379/1593/3379 2278/1594/2278 782/1596/782 2281/1595/2281
f 1434/1580/1434 3379/1593/3379 2281/1595/2281 443/1582/443
f 441/1570/441 1431/1568/1431 3380/1597/3380 2278/1594/2278
f 1431/1568/1431 123/1569/123 1436/1598/1436 3380/1597/3380
f 3380/1597/3380 1436/1598/1436 444/1600/444 2279/1599/2279
f 2278/1594/2278 3380/1597/3380 2279/1599/2279 782/1596/782
f 782/1596/782 2279/1599/2279 3381/1602/3381 2280/1601/2280
f 2279/1599/2279 444/1600/444 1437/1603/1437 3381/1602/3381
f 3381/1602/3381 1437/1603/1437 126/1605/126 1441/1604/1441
f 2280/1601/2280 3381/1602/3381 1441/1604/1441 446/1606/446
f 443/1582/443 2281/1595/2281 3382/1607/3382 1435/1585/1435
f 2281/1595/2281 782/1596/782 2280/1601/2280 3382/1607/3382
f 3382/1607/3382 2280/1601/2280 446/1606/446 1440/1608/1440
f 1435/1585/1435 3382/1607/3382 1440/1608/1440 125/1587/125
f 12/782/12 1153/1610/1153 3383/1609/3383 1082/781/1082
f 1153/1610/1153 302/1612/302 2282/1611/2282 3383/1609/3383
f 3383/1609/3383 2282/1611/2282 783/1614/783 2285/1613/2285
f 1082/781/1082 3383/1609/3383 2285/1613/2285 267/784/267
f 302/1612/302 1152/1616/1152 3384/1615/3384 2282/1611/2282
f 1152/1616/1152 63/1618/63 1442/1617/1442 3384/1615/3384
f 3384/1615/3384 1442/1617/1442 447/1620/447 2283/1619/2283
f 2282/1611/2282 3384/1615/3384 2283/1619/2283 783/1614/783
f 783/1614/783 2283/1619/2283 3385/1622/3385 2284/1621/2284
f 2283/1619/2283 447/1620/447 1443/1623/1443 3385/1622/3385
f 3385/1622/3385 1443/1623/1443 118/1528/118 1465/1624/1465
f 2284/1621/2284 3385/1622/3385 1465/1624/1465 458/1625/458
f 267/784/267 2285/1613/2285 3386/1626/3386 1083/787/1083
f 2285/1613/2285 783/1614/783 2284/1621/2284 3386/1626/3386
f 3386/1626/3386 2284/1621/2284 458/1625/458 1464/1627/1464
f 1083/787/1083 3386/1626/3386 1464/1627/1464 37/789/37
f 63/1618/63 1151/1629/1151 3387/1628/3387 1442/1617/1442
f 1151/1629/1151 301/1631/301 2286/1630/2286 3387/1628/3387
f 3387/1628/3387 2286/1630/2286 784/1633/784 2289/1632/2289
f 1442/1617/1442 3387/1628/3387 2289/1632/2289 447/1620/447
f 301/1631/301 1150/1635/1150 3388/1634/3388 2286/1630/2286
f 1150/1635/1150 62/1637/62 1444/1636/1444 3388/1634/3388
f 3388/1634/3388 1444/1636/1444 448/1639/448 2287/1638/2287
f 2286/1630/2286 3388/1634/3388 2287/1638/2287 784/1633/784
f 784/1633/784 2287/1638/2287 3389/1641/3389 2288/1640/2288
f 2287/1638/2287 448/1639/448 1445/1642/1445 3389/1641/3389
f 3389/1641/3389 1445/1642/1445 119/1540/119 1419/1538/1419
f 2288/1640/2288 3389/1641/3389 1419/1538/1419 435/1533/435
f 447/1620/447 2289/1632/2289 3390/1643/3390 1443/1623/1443
f 2289/1632/2289 784/1633/784 2288/1640/2288 3390/1643/3390
f 3390/1643/3390 2288/1640/2288 435/1533/435 1418/1531/1418
f 1443/1623/1443 3390/1643/3390 1418/1531/1418 118/1528/118
f 62/1637/62 1149/1645/1149 3391/1644/3391 1444/1636/1444
f 1149/1645/1149 300/1647/300 2290/1646/2290 3391/1644/3391
f 3391/1644/3391 2290/1646/2290 785/1649/785 2293/1648/2293
f 1444/1636/1444 3391/1644/3391 2293/1648/2293 448/1639/448
f 300/1647/300 1148/1651/1148 3392/1650/3392 2290/1646/2290
f 1148/1651/1148 61/1653/61 1446/1652/1446 3392/1650/3392
f 3392/1650/3392 1446/1652/1446 449/1655/449 2291/1654/2291
f 2290/1646/2290 3392/1650/3392 2291/1654/2291 785/1649/785
f 785/1649/785 2291/1654/2291 3393/1657/3393 2292/1656/2292
f 2291/1654/2291 449/1655/449 1447/1658/1447 3393/1657/3393
f 3393/1657/3393 1447/1658/1447 120/1562/120 1421/1560/1421
f 2292/1656/2292 3393/1657/3393 1421/1560/1421 436/1556/436
f 448/1639/448 2293/1648/2293 3394/1659/3394 1445/1642/1445
f 2293/1648/2293 785/1649/785 2292/1656/2292 3394/1659/3394
f 3394/1659/3394 2292/1656/2292 436/1556/436 1420/1554/1420
f 1445/1642/1445 3394/1659/3394 1420/1554/1420 119/1540/119
f 61/1653/61 1147/1661/1147 3395/1660/3395 1446/1652/1446
f 1147/1661/1147 299/1663/299 2294/1662/2294 3395/1660/3395
f 3395/1660/3395 2294/1662/2294 786/1665/786 2297/1664/2297
f 1446/1652/1446 3395/1660/3395 2297/1664/2297 449/1655/449
f 299/1663/299 1146/1667/1146 3396/1666/3396 2294/1662/2294
f 1146/1667/1146 10/155/10 1129/1668/1129 3396/1666/3396
f 3396/1666/3396 1129/1668/1129 290/1670/290 2295/1669/2295
f 2294/1662/2294 3396/1666/3396 2295/1669/2295 786/1665/786
f 786/1665/786 2295/1669/2295 3397/1672/3397 2296/1671/2296
f 2295/1669/2295 290/1670/290 1128/1673/1128 3397/1672/3397
f 3397/1672/3397 1128/1673/1128 54/1675/54 1448/1674/1448
f 2296/1671/2296 3397/1672/3397 1448/1674/1448 450/1676/450
f 449/1655/449 2297/1664/2297 3398/1677/3398 1447/1658/1447
f 2297/1664/2297 786/1665/786 2296/1671/2296 3398/1677/3398
f 3398/1677/3398 2296/1671/2296 450/1676/450 1449/1678/1449
f 1447/1658/1447 3398/1677/3398 1449/1678/1449 120/1562/120
f 120/1562/120 1449/1678/1449 3399/1679/3399 1426/1561/1426
f 1449/1678/1449 450/1676/450 2298/1680/2298 3399/1679/3399
f 3399/1679/3399 2298/1680/2298 787/1682/787 2301/1681/2301
f 1426/1561/1426 3399/1679/3399 2301/1681/2301 439/1564/439
f 450/1676/450 1448/1674/1448 3400/1683/3400 2298/1680/2298
f 1448/1674/1448 54/1675/54 1127/1684/1127 3400/1683/3400
f 3400/1683/3400 1127/1684/1127 289/1686/289 2299/1685/2299
f 2298/1680/2298 3400/1683/3400 2299/1685/2299 787/1682/787
f 787/1682/787 2299/1685/2299 3401/1688/3401 2300/1687/2300
f 2299/1685/2299 289/1686/289 1126/1689/1126 3401/1688/3401
f 3401/1688/3401 1126/1689/1126 53/1691/53 1450/1690/1450
f 2300/1687/2300 3401/1688/3401 1450/1690/1450 451/1692/451
f 439/1564/439 2301/1681/2301 3402/1693/3402 1427/1567/1427
f 2301/1681/2301 787/1682/787 2300/1687/2300 3402/1693/3402
f 3402/1693/3402 2300/1687/2300 451/1692/451 1451/1694/1451
f 1427/1567/1427 3402/1693/3402 1451/1694/1451 123/1569/123
f 123/1569/123 1451/1694/1451 3403/1695/3403 1436/1598/1436
f 1451/1694/1451 451/1692/451 2302/1696/2302 3403/1695/3403
f 3403/1695/3403 2302/1696/2302 788/1698/788 2305/1697/2305
f 1436/1598/1436 3403/1695/3403 2305/1697/2305 444/1600/444
f 451/1692/451 1450/1690/1450 3404/1699/3404 2302/1696/2302
f 1450/1690/1450 53/1691/53 1125/1700/1125 3404/1699/3404
f 3404/1699/3404 1125/1700/1125 288/1702/288 2303/1701/2303
f 2302/1696/2302 3404/1699/3404 2303/1701/2303 788/1698/788
f 788/1698/788 2303/1701/2303 3405/1704/3405 2304/1703/2304
f 2303/1701/2303 288/1702/288 1124/1705/1124 3405/1704/3405
f 3405/1704/3405 1124/1705/1124 52/1707/52 1452/1706/1452
f 2304/1703/2304 3405/1704/3405 1452/1706/1452 452/1708/452
f 444/1600/444 2305/1697/2305 3406/1709/3406 1437/1603/1437
f 2305/1697/2305 788/1698/788 2304/1703/2304 3406/1709/3406
f 3406/1709/3406 2304/1703/2304 452/1708/452 1453/1710/1453
f 1437/1603/1437 3406/1709/3406 1453/1710/1453 126/1605/126
f 126/1605/126 1453/1710/1453 3407/1712/3407 1455/1711/1455
f 1453/1710/1453 452/1708/452 2306/1713/2306 3407/1712/3407
f 3407/1712/3407 2306/1713/2306 789/1715/789 2309/1714/2309
f 1455/1711/1455 3407/1712/3407 2309/1714/2309 453/1716/453
f 452/1708/452 1452/1706/1452 3408/1717/3408 2306/1713/2306
f 1452/1706/1452 52/1707/52 1123/1718/1123 3408/1717/3408
f 3408/1717/3408 1123/1718/1123 287/1720/287 2307/1719/2307
f 2306/1713/2306 3408/1717/3408 2307/1719/2307 789/1715/789
f 789/1715/789 2307/1719/2307 3409/1722/3409 2308/1721/2308
f 2307/1719/2307 287/1720/287 1122/1723/1122 3409/1722/3409
f 3409/1722/3409 1122/1723/1122 2/1153/2 1113/1151/1113
f 2308/1721/2308 3409/1722/3409 1113/1151/1113 282/1148/282
f 453/1716/453 2309/1714/2309 3410/1725/3410 1454/1724/1454
f 2309/1714/2309 789/1715/789 2308/1721/2308 3410/1725/3410
f 3410/1725/3410 2308/1721/2308 282/1148/282 1112/1146/1112
f 1454/1724/1454 3410/1725/3410 1112/1146/1112 48/1133/48
f 125/1587/125 1440/1608/1440 3411/1727/3411 1457/1726/1457
f 1440/1608/1440 446/1606/446 2310/1728/2310 3411/1727/3411
f 3411/1727/3411 2310/1728/2310 790/1730/790 2313/1729/2313
f 1457/1726/1457 3411/1727/3411 2313/1729/2313 454/1731/454
f 446/1606/446 1441/1604/1441 3412/1732/3412 2310/1728/2310
f 1441/1604/1441 126/1605/126 1455/1711/1455 3412/1732/3412
f 3412/1732/3412 1455/1711/1455 453/1716/453 2311/1733/2311
f 2310/1728/2310 3412/1732/3412 2311/1733/2311 790/1730/790
f 790/1730/790 2311/1733/2311 3413/1735/3413 2312/1734/2312
f 2311/1733/2311 453/1716/453 1454/1724/1454 3413/1735/3413
f 3413/1735/3413 1454/1724/1454 48/1133/48 1111/1131/1111
f 2312/1734/2312 3413/1735/3413 1111/1131/1111 281/1128/281
f 454/1731/454 2313/1729/2313 3414/1737/3414 1456/1736/1456
f 2313/1729/2313 790/1730/790 2312/1734/2312 3414/1737/3414
f 3414/1737/3414 2312/1734/2312 281/1128/281 1110/1126/1110
f 1456/1736/1456 3414/1737/3414 1110/1126/1110 47/1113/47
f 124/1592/124 1438/1591/1438 3415/1739/3415 1459/1738/1459
f 1438/1591/1438 445/1588/445 2314/1740/2314 3415/1739/3415
f 3415/1739/3415 2314/1740/2314 791/1742/791 2317/1741/2317
f 1459/1738/1459 3415/1739/3415 2317/1741/2317 455/1743/455
f 445/1588/445 1439/1586/1439 3416/1744/3416 2314/1740/2314
f 1439/1586/1439 125/1587/125 1457/1726/1457 3416/1744/3416
f 3416/1744/3416 1457/1726/1457 454/1731/454 2315/1745/2315
f 2314/1740/2314 3416/1744/3416 2315/1745/2315 791/1742/791
f 791/1742/791 2315/1745/2315 3417/1747/3417 2316/1746/2316
f 2315/1745/2315 454/1731/454 1456/1736/1456 3417/1747/3417
f 3417/1747/3417 1456/1736/1456 47/1113/47 1109/1111/1109
f 2316/1746/2316 3417/1747/3417 1109/1111/1109 280/1108/280
f 455/1743/455 2317/1741/2317 3418/1749/3418 1458/1748/1458
f 2317/1741/2317 791/1742/791 2316/1746/2316 3418/1749/3418
f 3418/1749/3418 2316/1746/2316 280/1108/280 1108/1106/1108
f 1458/1748/1458 3418/1749/3418 1108/1106/1108 46/1093/46
f 39/829/39 1460/1751/1460 3419/1750/3419 1088/842/1088
f 1460/1751/1460 456/1753/456 2318/1752/2318 3419/1750/3419
f 3419/1750/3419 2318/1752/2318 792/1755/792 2321/1754/2321
f 1088/842/1088 3419/1750/3419 2321/1754/2321 270/844/270
f 456/1753/456 1461/1757/1461 3420/1756/3420 2318/1752/2318
f 1461/1757/1461 124/1592/124 1459/1738/1459 3420/1756/3420
f 3420/1756/3420 1459/1738/1459 455/1743/455 2319/1758/2319
f 2318/1752/2318 3420/1756/3420 2319/1758/2319 792/1755/792
f 792/1755/792 2319/1758/2319 3421/1760/3421 2320/1759/2320
f 2319/1758/2319 455/1743/455 1458/1748/1458 3421/1760/3421
f 3421/1760/3421 1458/1748/1458 46/1093/46 1107/1091/1107
f 2320/1759/2320 3421/1760/3421 1107/1091/1107 279/1088/279
f 270/844/270 2321/1754/2321 3422/1761/3422 1089/847/1089
f 2321/1754/2321 792/1755/792 2320/1759/2320 3422/1761/3422
f 3422/1761/3422 2320/1759/2320 279/1088/279 1106/1086/1106
f 1089/847/1089 3422/1761/3422 1106/1086/1106 6/849/6
f 38/809/38 1462/1763/1462 3423/1762/3423 1086/822/1086
f 1462/1763/1462 457/1765/457 2322/1764/2322 3423/1762/3423
f 3423/1762/3423 2322/1764/2322 793/1767/793 2325/1766/2325
f 1086/822/1086 3423/1762/3423 2325/1766/2325 269/824/269
f 457/1765/457 1463/1769/1463 3424/1768/3424 2322/1764/2322
f 1463/1769/1463 121/1552/121 1432/1573/1432 3424/1768/3424
f 3424/1768/3424 1432/1573/1432 442/1578/442 2323/1770/2323
f 2322/1764/2322 3424/1768/3424 2323/1770/2323 793/1767/793
f 793/1767/793 2323/1770/2323 3425/1772/3425 2324/1771/2324
f 2323/1770/2323 442/1578/442 1433/1589/1433 3425/1772/3425
f 3425/1772/3425 1433/1589/1433 124/1592/124 1461/1757/1461
f 2324/1771/2324 3425/1772/3425 1461/1757/1461 456/1753/456
f 269/824/269 2325/1766/2325 3426/1773/3426 1087/827/1087
f 2325/1766/2325 793/1767/793 2324/1771/2324 3426/1773/3426
f 3426/1773/3426 2324/1771/2324 456/1753/456 1460/1751/1460
f 1087/827/1087 3426/1773/3426 1460/1751/1460 39/829/39
f 37/789/37 1464/1627/1464 3427/1774/3427 1084/802/1084
f 1464/1627/1464 458/1625/458 2326/1775/2326 3427/1774/3427
f 3427/1774/3427 2326/1775/2326 794/1777/794 2329/1776/2329
f 1084/802/1084 3427/1774/3427 2329/1776/2329 268/804/268
f 458/1625/458 1465/1624/1465 3428/1778/3428 2326/1775/2326
f 1465/1624/1465 118/1528/118 1422/1529/1422 3428/1778/3428
f 3428/1778/3428 1422/1529/1422 437/1536/437 2327/1779/2327
f 2326/1775/2326 3428/1778/3428 2327/1779/2327 794/1777/794
f 794/1777/794 2327/1779/2327 3429/1781/3429 2328/1780/2328
f 2327/1779/2327 437/1536/437 1423/1549/1423 3429/1781/3429
f 3429/1781/3429 1423/1549/1423 121/1552/121 1463/1769/1463
f 2328/1780/2328 3429/1781/3429 1463/1769/1463 457/1765/457
f 268/804/268 2329/1776/2329 3430/1782/3430 1085/807/1085
f 2329/1776/2329 794/1777/794 2328/1780/2328 3430/1782/3430
f 3430/1782/3430 2328/1780/2328 457/1765/457 1462/1763/1462
f 1085/807/1085 3430/1782/3430 1462/1763/1462 38/809/38
f 127/1783/127 1466/1786/1466 3431/1785/3431 1470/1784/1470
f 1466/1786/1466 459/1788/459 2330/1787/2330 3431/1785/3431
f 3431/1785/3431 2330/1787/2330 795/1790/795 2333/1789/2333
f 1470/1784/1470 3431/1785/3431 2333/1789/2333 461/1791/461
f 459/1788/459 1467/1793/1467 3432/1792/3432 2330/1787/2330
f 1467/1793/1467 128/1795/128 1472/1794/1472 3432/1792/3432
f 3432/1792/3432 1472/1794/1472 462/1797/462 2331/1796/2331
f 2330/1787/2330 3432/1792/3432 2331/1796/2331 795/1790/795
f 795/1790/795 2331/1796/2331 3433/1799/3433 2332/1798/2332
f 2331/1796/2331 462/1797/462 1473/1800/1473 3433/1799/3433
f 3433/1799/3433 1473/1800/1473 131/1802/131 1477/1801/1477
f 2332/1798/2332 3433/1799/3433 1477/1801/1477 464/1803/464
f 461/1791/461 2333/1789/2333 3434/1805/3434 1471/1804/1471
f 2333/1789/2333 795/1790/795 2332/1798/2332 3434/1805/3434
f 3434/1805/3434 2332/1798/2332 464/1803/464 1476/1806/1476
f 1471/1804/1471 3434/1805/3434 1476/1806/1476 130/1807/130
f 128/1795/128 1468/1809/1468 3435/1808/3435 1472/1794/1472
f 1468/1809/1468 460/1811/460 2334/1810/2334 3435/1808/3435
f 3435/1808/3435 2334/1810/2334 796/1813/796 2337/1812/2337
f 1472/1794/1472 3435/1808/3435 2337/1812/2337 462/1797/462
f 460/1811/460 1469/1815/1469 3436/1814/3436 2334/1810/2334
f 1469/1815/1469 129/1817/129 1474/1816/1474 3436/1814/3436
f 3436/1814/3436 1474/1816/1474 463/1819/463 2335/1818/2335
f 2334/1810/2334 3436/1814/3436 2335/1818/2335 796/1813/796
f 796/1813/796 2335/1818/2335 3437/1821/3437 2336/1820/2336
f 2335/1818/2335 463/1819/463 1475/1822/1475 3437/1821/3437
f 3437/1821/3437 1475/1822/1475 132/1824/132 1479/1823/1479
f 2336/1820/2336 3437/1821/3437 1479/1823/1479 465/1825/465
f 462/1797/462 2337/1812/2337 3438/1826/3438 1473/1800/1473
f 2337/1812/2337 796/1813/796 2336/1820/2336 3438/1826/3438
f 3438/1826/3438 2336/1820/2336 465/1825/465 1478/1827/1478
f 1473/1800/1473 3438/1826/3438 1478/1827/1478 131/1802/131
f 130/1807/130 1476/1806/1476 3439/1829/3439 1480/1828/1480
f 1476/1806/1476 464/1803/464 2338/1830/2338 3439/1829/3439
f 3439/1829/3439 2338/1830/2338 797/1832/797 2341/1831/2341
f 1480/1828/1480 3439/1829/3439 2341/1831/2341 466/1833/466
f 464/1803/464 1477/1801/1477 3440/1834/3440 2338/1830/2338
f 1477/1801/1477 131/1802/131 1482/1835/1482 3440/1834/3440
f 3440/1834/3440 1482/1835/1482 467/1837/467 2339/1836/2339
f 2338/1830/2338 3440/1834/3440 2339/1836/2339 797/1832/797
f 797/1832/797 2339/1836/2339 3441/1839/3441 2340/1838/2340
f 2339/1836/2339 467/1837/467 1483/1840/1483 3441/1839/3441
f 3441/1839/3441 1483/1840/1483 134/1842/134 1487/1841/1487
f 2340/1838/2340 3441/1839/3441 1487/1841/1487 469/1843/469
f 466/1833/466 2341/1831/2341 3442/1845/3442 1481/1844/1481
f 2341/1831/2341 797/1832/797 2340/1838/2340 3442/1845/3442
f 3442/1845/3442 2340/1838/2340 469/1843/469 1486/1846/1486
f 1481/1844/1481 3442/1845/3442 1486/1846/1486 133/1847/133
f 131/1802/131 1478/1827/1478 3443/1848/3443 1482/1835/1482
f 1478/1827/1478 465/1825/465 2342/1849/2342 3443/1848/3443
f 3443/1848/3443 2342/1849/2342 798/1851/798 2345/1850/2345
f 1482/1835/1482 3443/1848/3443 2345/1850/2345 467/1837/467
f 465/1825/465 1479/1823/1479 3444/1852/3444 2342/1849/2342
f 1479/1823/1479 132/1824/132 1484/1853/1484 3444/1852/3444
f 3444/1852/3444 1484/1853/1484 468/1855/468 2343/1854/2343
f 2342/1849/2342 3444/1852/3444 2343/1854/2343 798/1851/798
f 798/1851/798 2343/1854/2343 3445/1857/3445 2344/1856/2344
f 2343/1854/2343 468/1855/468 1485/1858/1485 3445/1857/3445
f 3445/1857/3445 1485/1858/1485 135/1860/135 1489/1859/1489
f 2344/1856/2344 3445/1857/3445 1489/1859/1489 470/1861/470
f 467/1837/467 2345/1850/2345 3446/1862/3446 1483/1840/1483
f 2345/1850/2345 798/1851/798 2344/1856/2344 3446/1862/3446
f 3446/1862/3446 2344/1856/2344 470/1861/470 1488/1863/1488
f 1483/1840/1483 3446/1862/3446 1488/1863/1488 134/1842/134
f 8/526/8 1065/524/1065 3447/1865/3447 1138/1864/1138
f 1065/524/1065 258/521/258 2346/1866/2346 3447/1865/3447
f 3447/1865/3447 2346/1866/2346 799/1868/799 2349/1867/2349
f 1138/1864/1138 3447/1865/3447 2349/1867/2349 295/1869/295
f 258/521/258 1064/519/1064 3448/1870/3448 2346/1866/2346
f 1064/519/1064 30/506/30 1490/1871/1490 3448/1870/3448
f 3448/1870/3448 1490/1871/1490 471/1873/471 2347/1872/2347
f 2346/1866/2346 3448/1870/3448 2347/1872/2347 799/1868/799
f 799/1868/799 2347/1872/2347 3449/1875/3449 2348/1874/2348
f 2347/1872/2347 471/1873/471 1491/1876/1491 3449/1875/3449
f 3449/1875/3449 1491/1876/1491 127/1783/127 1513/1877/1513
f 2348/1874/2348 3449/1875/3449 1513/1877/1513 482/1878/482
f 295/1869/295 2349/1867/2349 3450/1880/3450 1139/1879/1139
f 2349/1867/2349 799/1868/799 2348/1874/2348 3450/1880/3450
f 3450/1880/3450 2348/1874/2348 482/1878/482 1512/1881/1512
f 1139/1879/1139 3450/1880/3450 1512/1881/1512 58/1882/58
f 30/506/30 1063/504/1063 3451/1883/3451 1490/1871/1490
f 1063/504/1063 257/501/257 2350/1884/2350 3451/1883/3451
f 3451/1883/3451 2350/1884/2350 800/1886/800 2353/1885/2353
f 1490/1871/1490 3451/1883/3451 2353/1885/2353 471/1873/471
f 257/501/257 1062/499/1062 3452/1887/3452 2350/1884/2350
f 1062/499/1062 29/486/29 1492/1888/1492 3452/1887/3452
f 3452/1887/3452 1492/1888/1492 472/1890/472 2351/1889/2351
f 2350/1884/2350 3452/1887/3452 2351/1889/2351 800/1886/800
f 800/1886/800 2351/1889/2351 3453/1892/3453 2352/1891/2352
f 2351/1889/2351 472/1890/472 1493/1893/1493 3453/1892/3453
f 3453/1892/3453 1493/1893/1493 128/1795/128 1467/1793/1467
f 2352/1891/2352 3453/1892/3453 1467/1793/1467 459/1788/459
f 471/1873/471 2353/1885/2353 3454/1894/3454 1491/1876/1491
f 2353/1885/2353 800/1886/800 2352/1891/2352 3454/1894/3454
f 3454/1894/3454 2352/1891/2352 459/1788/459 1466/1786/1466
f 1491/1876/1491 3454/1894/3454 1466/1786/1466 127/1783/127
f 29/486/29 1061/484/1061 3455/1895/3455 1492/1888/1492
f 1061/484/1061 256/481/256 2354/1896/2354 3455/1895/3455
f 3455/1895/3455 2354/1896/2354 801/1898/801 2357/1897/2357
f 1492/1888/1492 3455/1895/3455 2357/1897/2357 472/1890/472
f 256/481/256 1060/479/1060 3456/1899/3456 2354/1896/2354
f 1060/479/1060 28/466/28 1494/1900/1494 3456/1899/3456
f 3456/1899/3456 1494/1900/1494 473/1902/473 2355/1901/2355
f 2354/1896/2354 3456/1899/3456 2355/1901/2355 801/1898/801
f 801/1898/801 2355/1901/2355 3457/1904/3457 2356/1903/2356
f 2355/1901/2355 473/1902/473 1495/1905/1495 3457/1904/3457
f 3457/1904/3457 1495/1905/1495 129/1817/129 1469/1815/1469
f 2356/1903/2356 3457/1904/3457 1469/1815/1469 460/1811/460
f 472/1890/472 2357/1897/2357 3458/1906/3458 1493/1893/1493
f 2357/1897/2357 801/1898/801 2356/1903/2356 3458/1906/3458
f 3458/1906/3458 2356/1903/2356 460/1811/460 1468/1809/1468
f 1493/1893/1493 3458/1906/3458 1468/1809/1468 128/1795/128
f 28/466/28 1059/464/1059 3459/1907/3459 1494/1900/1494
f 1059/464/1059 255/461/255 2358/1908/2358 3459/1907/3459
f 3459/1907/3459 2358/1908/2358 802/1910/802 2361/1909/2361
f 1494/1900/1494 3459/1907/3459 2361/1909/2361 473/1902/473
f 255/461/255 1058/459/1058 3460/1911/3460 2358/1908/2358
f 1058/459/1058 4/222/4 1041/220/1041 3460/1911/3460
f 3460/1911/3460 1041/220/1041 246/217/246 2359/1912/2359
f 2358/1908/2358 3460/1911/3460 2359/1912/2359 802/1910/802
f 802/1910/802 2359/1912/2359 3461/1914/3461 2360/1913/2360
f 2359/1912/2359 246/217/246 1040/215/1040 3461/1914/3461
f 3461/1914/3461 1040/215/1040 21/202/21 1496/1915/1496
f 2360/1913/2360 3461/1914/3461 1496/1915/1496 474/1916/474
f 473/1902/473 2361/1909/2361 3462/1917/3462 1495/1905/1495
f 2361/1909/2361 802/1910/802 2360/1913/2360 3462/1917/3462
f 3462/1917/3462 2360/1913/2360 474/1916/474 1497/1918/1497
f 1495/1905/1495 3462/1917/3462 1497/1918/1497 129/1817/129
f 129/1817/129 1497/1918/1497 3463/1919/3463 1474/1816/1474
f 1497/1918/1497 474/1916/474 2362/1920/2362 3463/1919/3463
f 3463/1919/3463 2362/1920/2362 803/1922/803 2365/1921/2365
f 1474/1816/1474 3463/1919/3463 2365/1921/2365 463/1819/463
f 474/1916/474 1496/1915/1496 3464/1923/3464 2362/1920/2362
f 1496/1915/1496 21/202/21 1039/200/1039 3464/1923/3464
f 3464/1923/3464 1039/200/1039 245/197/245 2363/1924/2363
f 2362/1920/2362 3464/1923/3464 2363/1924/2363 803/1922/803
f 803/1922/803 2363/1924/2363 3465/1926/3465 2364/1925/2364
f 2363/1924/2363 245/197/245 1038/195/1038 3465/1926/3465
f 3465/1926/3465 1038/195/1038 20/182/20 1498/1927/1498
f 2364/1925/2364 3465/1926/3465 1498/1927/1498 475/1928/475
f 463/1819/463 2365/1921/2365 3466/1929/3466 1475/1822/1475
f 2365/1921/2365 803/1922/803 2364/1925/2364 3466/1929/3466
f 3466/1929/3466 2364/1925/2364 475/1928/475 1499/1930/1499
f 1475/1822/1475 3466/1929/3466 1499/1930/1499 132/1824/132
f 132/1824/132 1499/1930/1499 3467/1931/3467 1484/1853/1484
f 1499/1930/1499 475/1928/475 2366/1932/2366 3467/1931/3467
f 3467/1931/3467 2366/1932/2366 804/1934/804 2369/1933/2369
f 1484/1853/1484 3467/1931/3467 2369/1933/2369 468/1855/468
f 475/1928/475 1498/1927/1498 3468/1935/3468 2366/1932/2366
f 1498/1927/1498 20/182/20 1037/180/1037 3468/1935/3468
f 3468/1935/3468 1037/180/1037 244/177/244 2367/1936/2367
f 2366/1932/2366 3468/1935/3468 2367/1936/2367 804/1934/804
f 804/1934/804 2367/1936/2367 3469/1938/3469 2368/1937/2368
f 2367/1936/2367 244/177/244 1036/175/1036 3469/1938/3469
f 3469/1938/3469 1036/175/1036 19/162/19 1500/1939/1500
f 2368/1937/2368 3469/1938/3469 1500/1939/1500 476/1940/476
f 468/1855/468 2369/1933/2369 3470/1941/3470 1485/1858/1485
f 2369/1933/2369 804/1934/804 2368/1937/2368 3470/1941/3470
f 3470/1941/3470 2368/1937/2368 476/1940/476 1501/1942/1501
f 1485/1858/1485 3470/1941/3470 1501/1942/1501 135/1860/135
f 135/1860/135 1501/1942/1501 3471/1944/3471 1503/1943/1503
f 1501/1942/1501 476/1940/476 2370/1945/2370 3471/1944/3471
f 3471/1944/3471 2370/1945/2370 805/1947/805 2373/1946/2373
f 1503/1943/1503 3471/1944/3471 2373/1946/2373 477/1948/477
f 476/1940/476 1500/1939/1500 3472/1949/3472 2370/1945/2370
f 1500/1939/1500 19/162/19 1035/160/1035 3472/1949/3472
f 3472/1949/3472 1035/160/1035 243/157/243 2371/1950/2371
f 2370/1945/2370 3472/1949/3472 2371/1950/2371 805/1947/805
f 805/1947/805 2371/1950/2371 3473/1952/3473 2372/1951/2372
f 2371/1950/2371 243/157/243 1034/154/1034 3473/1952/3473
f 3473/1952/3473 1034/154/1034 10/155/10 1146/1667/1146
f 2372/1951/2372 3473/1952/3473 1146/1667/1146 299/1663/299
f 477/1948/477 2373/1946/2373 3474/1954/3474 1502/1953/1502
f 2373/1946/2373 805/1947/805 2372/1951/2372 3474/1954/3474
f 3474/1954/3474 2372/1951/2372 299/1663/299 1147/1661/1147
f 1502/1953/1502 3474/1954/3474 1147/1661/1147 61/1653/61
f 134/1842/134 1488/1863/1488 3475/1956/3475 1505/1955/1505
f 1488/1863/1488 470/1861/470 2374/1957/2374 3475/1956/3475
f 3475/1956/3475 2374/1957/2374 806/1959/806 2377/1958/2377
f 1505/1955/1505 3475/1956/3475 2377/1958/2377 478/1960/478
f 470/1861/470 1489/1859/1489 3476/1961/3476 2374/1957/2374
f 1489/1859/1489 135/1860/135 1503/1943/1503 3476/1961/3476
f 3476/1961/3476 1503/1943/1503 477/1948/477 2375/1962/2375
f 2374/1957/2374 3476/1961/3476 2375/1962/2375 806/1959/806
f 806/1959/806 2375/1962/2375 3477/1964/3477 2376/1963/2376
f 2375/1962/2375 477/1948/477 1502/1953/1502 3477/1964/3477
f 3477/1964/3477 1502/1953/1502 61/1653/61 1148/1651/1148
f 2376/1963/2376 3477/1964/3477 1148/1651/1148 300/1647/300
f 478/1960/478 2377/1958/2377 3478/1966/3478 1504/1965/1504
f 2377/1958/2377 806/1959/806 2376/1963/2376 3478/1966/3478
f 3478/1966/3478 2376/1963/2376 300/1647/300 1149/1645/1149
f 1504/1965/1504 3478/1966/3478 1149/1645/1149 62/1637/62
f 133/1847/133 1486/1846/1486 3479/1968/3479 1507/1967/1507
f 1486/1846/1486 469/1843/469 2378/1969/2378 3479/1968/3479
f 3479/1968/3479 2378/1969/2378 807/1971/807 2381/1970/2381
f 1507/1967/1507 3479/1968/3479 2381/1970/2381 479/1972/479
f 469/1843/469 1487/1841/1487 3480/1973/3480 2378/1969/2378
f 1487/1841/1487 134/1842/134 1505/1955/1505 3480/1973/3480
f 3480/1973/3480 1505/1955/1505 478/1960/478 2379/1974/2379
f 2378/1969/2378 3480/1973/3480 2379/1974/2379 807/1971/807
f 807/1971/807 2379/1974/2379 3481/1976/3481 2380/1975/2380
f 2379/1974/2379 478/1960/478 1504/1965/1504 3481/1976/3481
f 3481/1977/3481 1504/1965/1504 62/1637/62 1150/1635/1150
f 2380/1978/2380 3481/1977/3481 1150/1635/1150 301/1631/301
f 479/1972/479 2381/1970/2381 3482/1980/3482 1506/1979/1506
f 2381/1970/2381 807/1971/807 2380/1975/2380 3482/1980/3482
f 3482/1981/3482 2380/1978/2380 301/1631/301 1151/1629/1151
f 1506/1982/1506 3482/1981/3482 1151/1629/1151 63/1618/63
f 60/1983/60 1508/1986/1508 3483/1985/3483 1144/1984/1144
f 1508/1986/1508 480/1988/480 2382/1987/2382 3483/1985/3483
f 3483/1985/3483 2382/1987/2382 808/1990/808 2385/1989/2385
f 1144/1984/1144 3483/1985/3483 2385/1989/2385 298/1991/298
f 480/1988/480 1509/1993/1509 3484/1992/3484 2382/1987/2382
f 1509/1993/1509 133/1847/133 1507/1967/1507 3484/1992/3484
f 3484/1992/3484 1507/1967/1507 479/1972/479 2383/1994/2383
f 2382/1987/2382 3484/1992/3484 2383/1994/2383 808/1990/808
f 808/1990/808 2383/1994/2383 3485/1996/3485 2384/1995/2384
f 2383/1994/2383 479/1972/479 1506/1979/1506 3485/1996/3485
f 3485/1997/3485 1506/1982/1506 63/1618/63 1152/1616/1152
f 2384/1998/2384 3485/1997/3485 1152/1616/1152 302/1612/302
f 298/1991/298 2385/1989/2385 3486/2000/3486 1145/1999/1145
f 2385/1989/2385 808/1990/808 2384/1995/2384 3486/2000/3486
f 3486/2001/3486 2384/1998/2384 302/1612/302 1153/1610/1153
f 1145/2002/1145 3486/2001/3486 1153/1610/1153 12/782/12
f 59/2003/59 1510/2006/1510 3487/2005/3487 1142/2004/1142
f 1510/2006/1510 481/2008/481 2386/2007/2386 3487/2005/3487
f 3487/2005/3487 2386/2007/2386 809/2010/809 2389/2009/2389
f 1142/2004/1142 3487/2005/3487 2389/2009/2389 297/2011/297
f 481/2008/481 1511/2013/1511 3488/2012/3488 2386/2007/2386
f 1511/2013/1511 130/1807/130 1480/1828/1480 3488/2012/3488
f 3488/2012/3488 1480/1828/1480 466/1833/466 2387/2014/2387
f 2386/2007/2386 3488/2012/3488 2387/2014/2387 809/2010/809
f 809/2010/809 2387/2014/2387 3489/2016/3489 2388/2015/2388
f 2387/2014/2387 466/1833/466 1481/1844/1481 3489/2016/3489
f 3489/2016/3489 1481/1844/1481 133/1847/133 1509/1993/1509
f 2388/2015/2388 3489/2016/3489 1509/1993/1509 480/1988/480
f 297/2011/297 2389/2009/2389 3490/2018/3490 1143/2017/1143
f 2389/2009/2389 809/2010/809 2388/2015/2388 3490/2018/3490
f 3490/2018/3490 2388/2015/2388 480/1988/480 1508/1986/1508
f 1143/2017/1143 3490/2018/3490 1508/1986/1508 60/1983/60
f 58/1882/58 1512/1881/1512 3491/2020/3491 1140/2019/1140
f 1512/1881/1512 482/1878/482 2390/2021/2390 3491/2020/3491
f 3491/2020/3491 2390/2021/2390 810/2023/810 2393/2022/2393
f 1140/2019/1140 3491/2020/3491 2393/2022/2393 296/2024/296
f 482/1878/482 1513/1877/1513 3492/2025/3492 2390/2021/2390
f 1513/1877/1513 127/1783/127 1470/1784/1470 3492/2025/3492
f 3492/2025/3492 1470/1784/1470 461/1791/461 2391/2026/2391
f 2390/2021/2390 3492/2025/3492 2391/2026/2391 810/2023/810
f 810/2023/810 2391/2026/2391 3493/2028/3493 2392/2027/2392
f 2391/2026/2391 461/1791/461 1471/1804/1471 3493/2028/3493
f 3493/2028/3493 1471/1804/1471 130/1807/130 1511/2013/1511
f 2392/2027/2392 3493/2028/3493 1511/2013/1511 481/2008/481
f 296/2024/296 2393/2022/2393 3494/2030/3494 1141/2029/1141
f 2393/2022/2393 810/2023/810 2392/2027/2392 3494/2030/3494
f 3494/2030/3494 2392/2027/2392 481/2008/481 1510/2006/1510
f 1141/2029/1141 3494/2030/3494 1510/2006/1510 59/2003/59
f 136/2031/136 1514/2034/1514 3495/2033/3495 1518/2032/1518
f 1514/2034/1514 483/2036/483 2394/2035/2394 3495/2033/3495
f 3495/2033/3495 2394/2035/2394 811/2038/811 2397/2037/2397
f 1518/2032/1518 3495/2033/3495 2397/2037/2397 485/2039/485
f 483/2036/483 1515/2041/1515 3496/2040/3496 2394/2035/2394
f 1515/2041/1515 137/2043/137 1520/2042/1520 3496/2040/3496
f 3496/2040/3496 1520/2042/1520 486/2045/486 2395/2044/2395
f 2394/2035/2394 3496/2040/3496 2395/2044/2395 811/2038/811
f 811/2038/811 2395/2044/2395 3497/2047/3497 2396/2046/2396
f 2395/2044/2395 486/2045/486 1521/2048/1521 3497/2047/3497
f 3497/2047/3497 1521/2048/1521 140/2050/140 1525/2049/1525
f 2396/2046/2396 3497/2047/3497 1525/2049/1525 488/2051/488
f 485/2039/485 2397/2037/2397 3498/2053/3498 1519/2052/1519
f 2397/2037/2397 811/2038/811 2396/2046/2396 3498/2053/3498
f 3498/2053/3498 2396/2046/2396 488/2051/488 1524/2054/1524
f 1519/2052/1519 3498/2053/3498 1524/2054/1524 139/2055/139
f 137/2043/137 1516/2057/1516 3499/2056/3499 1520/2042/1520
f 1516/2057/1516 484/2059/484 2398/2058/2398 3499/2056/3499
f 3499/2056/3499 2398/2058/2398 812/2061/812 2401/2060/2401
f 1520/2042/1520 3499/2056/3499 2401/2060/2401 486/2045/486
f 484/2059/484 1517/2063/1517 3500/2062/3500 2398/2058/2398
f 1517/2063/1517 138/2065/138 1522/2064/1522 3500/2062/3500
f 3500/2062/3500 1522/2064/1522 487/2067/487 2399/2066/2399
f 2398/2058/2398 3500/2062/3500 2399/2066/2399 812/2061/812
f 812/2061/812 2399/2066/2399 3501/2069/3501 2400/2068/2400
f 2399/2066/2399 487/2067/487 1523/2070/1523 3501/2069/3501
f 3501/2069/3501 1523/2070/1523 141/2072/141 1527/2071/1527
f 2400/2068/2400 3501/2069/3501 1527/2071/1527 489/2073/489
f 486/2045/486 2401/2060/2401 3502/2074/3502 1521/2048/1521
f 2401/2060/2401 812/2061/812 2400/2068/2400 3502/2074/3502
f 3502/2074/3502 2400/2068/2400 489/2073/489 1526/2075/1526
f 1521/2048/1521 3502/2074/3502 1526/2075/1526 140/2050/140
f 139/2055/139 1524/2054/1524 3503/2077/3503 1528/2076/1528
f 1524/2054/1524 488/2051/488 2402/2078/2402 3503/2077/3503
f 3503/2077/3503 2402/2078/2402 813/2080/813 2405/2079/2405
f 1528/2076/1528 3503/2077/3503 2405/2079/2405 490/2081/490
f 936/2082/936 2876/2085/2876 3504/2084/3504 2875/2083/2875
f 937/2086/937 2877/2087/2877 3504/2084/3504 2876/2085/2876
f 938/2088/938 2883/2089/2883 3504/2084/3504 2877/2087/2877
f 942/2090/942 2882/2091/2882 3504/2084/3504 2883/2089/2883
f 934/2092/934 2874/2093/2874 3504/2084/3504 2882/2091/2882
f 935/2094/935 2875/2083/2875 3504/2084/3504 2874/2093/2874
f 941/2095/941 2880/2098/2880 3505/2097/3505 2881/2096/2881
f 933/2099/933 1371/2100/1371 3505/2097/3505 2880/2098/2880
f 931/2101/931 2403/2102/2403 3505/2097/3505 1371/2100/1371
f 932/2103/932 2879/2104/2879 3505/2097/3505 2403/2102/2403
f 940/2105/940 2878/2106/2878 3505/2097/3505 2879/2104/2879
f 939/2107/939 2881/2096/2881 3505/2097/3505 2878/2106/2878
f 490/2081/490 2405/2079/2405 3506/2109/3506 1529/2108/1529
f 2405/2079/2405 813/2080/813 2404/2110/2404 3506/2109/3506
f 3506/2109/3506 2404/2110/2404 493/2112/493 1534/2111/1534
f 1529/2108/1529 3506/2109/3506 1534/2111/1534 142/2113/142
f 140/2050/140 1526/2075/1526 3507/2115/3507 1530/2114/1530
f 1526/2075/1526 489/2073/489 2406/2116/2406 3507/2115/3507
f 3507/2115/3507 2406/2116/2406 814/2118/814 2409/2117/2409
f 1530/2114/1530 3507/2115/3507 2409/2117/2409 491/2119/491
f 489/2073/489 1527/2071/1527 3508/2120/3508 2406/2116/2406
f 1527/2071/1527 141/2072/141 1532/2121/1532 3508/2120/3508
f 3508/2120/3508 1532/2121/1532 492/2123/492 2407/2122/2407
f 2406/2116/2406 3508/2120/3508 2407/2122/2407 814/2118/814
f 814/2118/814 2407/2122/2407 3509/2125/3509 2408/2124/2408
f 2407/2122/2407 492/2123/492 1533/2126/1533 3509/2125/3509
f 3509/2125/3509 1533/2126/1533 144/2128/144 1537/2127/1537
f 2408/2124/2408 3509/2125/3509 1537/2127/1537 494/2129/494
f 491/2119/491 2409/2117/2409 3510/2131/3510 1531/2130/1531
f 2409/2117/2409 814/2118/814 2408/2124/2408 3510/2131/3510
f 3510/2131/3510 2408/2124/2408 494/2129/494 1536/2132/1536
f 1531/2130/1531 3510/2131/3510 1536/2132/1536 143/2133/143
f 3/288/3 1057/405/1057 3511/2134/3511 1114/285/1114
f 1057/405/1057 254/410/254 2410/2135/2410 3511/2134/3511
f 3511/2134/3511 2410/2135/2410 815/2137/815 2413/2136/2413
f 1114/285/1114 3511/2134/3511 2413/2136/2413 283/272/283
f 254/410/254 1056/421/1056 3512/2138/3512 2410/2135/2410
f 1056/421/1056 27/424/27 1538/2139/1538 3512/2138/3512
f 3512/2138/3512 1538/2139/1538 495/2141/495 2411/2140/2411
f 2410/2135/2410 3512/2138/3512 2411/2140/2411 815/2137/815
f 815/2137/815 2411/2140/2411 3513/2143/3513 2412/2142/2412
f 2411/2140/2411 495/2141/495 1539/2144/1539 3513/2143/3513
f 3513/2143/3513 1539/2144/1539 136/2031/136 1561/2145/1561
f 2412/2142/2412 3513/2143/3513 1561/2145/1561 506/2146/506
f 283/272/283 2413/2136/2413 3514/2147/3514 1115/265/1115
f 2413/2136/2413 815/2137/815 2412/2142/2412 3514/2147/3514
f 3514/2147/3514 2412/2142/2412 506/2146/506 1560/2148/1560
f 1115/265/1115 3514/2147/3514 1560/2148/1560 49/264/49
f 27/424/27 1055/613/1055 3515/2149/3515 1538/2139/1538
f 1055/613/1055 253/618/253 2414/2150/2414 3515/2149/3515
f 3515/2149/3515 2414/2150/2414 816/2152/816 2417/2151/2417
f 1538/2139/1538 3515/2149/3515 2417/2151/2417 495/2141/495
f 253/618/253 1054/626/1054 3516/2153/3516 2414/2150/2414
f 1054/626/1054 26/593/26 1540/2154/1540 3516/2153/3516
f 3516/2153/3516 1540/2154/1540 496/2156/496 2415/2155/2415
f 2414/2150/2414 3516/2153/3516 2415/2155/2415 816/2152/816
f 816/2152/816 2415/2155/2415 3517/2158/3517 2416/2157/2416
f 2415/2155/2415 496/2156/496 1541/2159/1541 3517/2158/3517
f 3517/2158/3517 1541/2159/1541 137/2043/137 1515/2041/1515
f 2416/2157/2416 3517/2158/3517 1515/2041/1515 483/2036/483
f 495/2141/495 2417/2151/2417 3518/2160/3518 1539/2144/1539
f 2417/2151/2417 816/2152/816 2416/2157/2416 3518/2160/3518
f 3518/2160/3518 2416/2157/2416 483/2036/483 1514/2034/1514
f 1539/2144/1539 3518/2160/3518 1514/2034/1514 136/2031/136
f 26/593/26 1053/594/1053 3519/2161/3519 1540/2154/1540
f 1053/594/1053 252/601/252 2418/2162/2418 3519/2161/3519
f 3519/2161/3519 2418/2162/2418 817/2164/817 2421/2163/2421
f 1540/2154/1540 3519/2161/3519 2421/2163/2421 496/2156/496
f 252/601/252 1052/611/1052 3520/2165/3520 2418/2162/2418
f 1052/611/1052 25/568/25 1542/2166/1542 3520/2165/3520
f 3520/2165/3520 1542/2166/1542 497/2168/497 2419/2167/2419
f 2418/2162/2418 3520/2165/3520 2419/2167/2419 817/2164/817
f 817/2164/817 2419/2167/2419 3521/2170/3521 2420/2169/2420
f 2419/2167/2419 497/2168/497 1543/2171/1543 3521/2170/3521
f 3521/2170/3521 1543/2171/1543 138/2065/138 1517/2063/1517
f 2420/2169/2420 3521/2170/3521 1517/2063/1517 484/2059/484
f 496/2156/496 2421/2163/2421 3522/2172/3522 1541/2159/1541
f 2421/2163/2421 817/2164/817 2420/2169/2420 3522/2172/3522
f 3522/2172/3522 2420/2169/2420 484/2059/484 1516/2057/1516
f 1541/2159/1541 3522/2172/3522 1516/2057/1516 137/2043/137
f 25/568/25 1051/569/1051 3523/2173/3523 1542/2166/1542
f 1051/569/1051 251/576/251 2422/2174/2422 3523/2173/3523
f 3523/2173/3523 2422/2174/2422 818/2176/818 2425/2175/2425
f 1542/2166/1542 3523/2173/3523 2425/2175/2425 497/2168/497
f 251/576/251 1050/589/1050 3524/2177/3524 2422/2174/2422
f 1050/589/1050 7/592/7 1081/2178/1081 3524/2177/3524
f 3524/2177/3524 1081/2178/1081 266/2180/266 2423/2179/2423
f 2422/2174/2422 3524/2177/3524 2423/2179/2423 818/2176/818
f 818/2176/818 2423/2179/2423 3525/2182/3525 2424/2181/2424
f 2423/2179/2423 266/2180/266 1080/2183/1080 3525/2182/3525
f 3525/2182/3525 1080/2183/1080 36/2185/36 1544/2184/1544
f 2424/2181/2424 3525/2182/3525 1544/2184/1544 498/2186/498
f 497/2168/497 2425/2175/2425 3526/2187/3526 1543/2171/1543
f 2425/2175/2425 818/2176/818 2424/2181/2424 3526/2187/3526
f 3526/2187/3526 2424/2181/2424 498/2186/498 1545/2188/1545
f 1543/2171/1543 3526/2187/3526 1545/2188/1545 138/2065/138
f 138/2065/138 1545/2188/1545 3527/2189/3527 1522/2064/1522
f 1545/2188/1545 498/2186/498 2426/2190/2426 3527/2189/3527
f 3527/2189/3527 2426/2190/2426 819/2192/819 2429/2191/2429
f 1522/2064/1522 3527/2189/3527 2429/2191/2429 487/2067/487
f 498/2186/498 1544/2184/1544 3528/2193/3528 2426/2190/2426
f 1544/2184/1544 36/2185/36 1079/2194/1079 3528/2193/3528
f 3528/2193/3528 1079/2194/1079 265/2196/265 2427/2195/2427
f 2426/2190/2426 3528/2193/3528 2427/2195/2427 819/2192/819
f 819/2192/819 2427/2195/2427 3529/2198/3529 2428/2197/2428
f 2427/2195/2427 265/2196/265 1078/2199/1078 3529/2198/3529
f 3529/2198/3529 1078/2199/1078 35/2201/35 1546/2200/1546
f 2428/2197/2428 3529/2198/3529 1546/2200/1546 499/2202/499
f 487/2067/487 2429/2191/2429 3530/2203/3530 1523/2070/1523
f 2429/2191/2429 819/2192/819 2428/2197/2428 3530/2203/3530
f 3530/2203/3530 2428/2197/2428 499/2202/499 1547/2204/1547
f 1523/2070/1523 3530/2203/3530 1547/2204/1547 141/2072/141
f 141/2072/141 1547/2204/1547 3531/2205/3531 1532/2121/1532
f 1547/2204/1547 499/2202/499 2430/2206/2430 3531/2205/3531
f 3531/2205/3531 2430/2206/2430 820/2208/820 2433/2207/2433
f 1532/2121/1532 3531/2205/3531 2433/2207/2433 492/2123/492
f 499/2202/499 1546/2200/1546 3532/2209/3532 2430/2206/2430
f 1546/2200/1546 35/2201/35 1077/2210/1077 3532/2209/3532
f 3532/2209/3532 1077/2210/1077 264/2212/264 2431/2211/2431
f 2430/2206/2430 3532/2209/3532 2431/2211/2431 820/2208/820
f 820/2208/820 2431/2211/2431 3533/2214/3533 2432/2213/2432
f 2431/2211/2431 264/2212/264 1076/2215/1076 3533/2214/3533
f 3533/2214/3533 1076/2215/1076 34/2217/34 1548/2216/1548
f 2432/2213/2432 3533/2214/3533 1548/2216/1548 500/2218/500
f 492/2123/492 2433/2207/2433 3534/2219/3534 1533/2126/1533
f 2433/2207/2433 820/2208/820 2432/2213/2432 3534/2219/3534
f 3534/2219/3534 2432/2213/2432 500/2218/500 1549/2220/1549
f 1533/2126/1533 3534/2219/3534 1549/2220/1549 144/2128/144
f 144/2128/144 1549/2220/1549 3535/2222/3535 1551/2221/1551
f 1549/2220/1549 500/2218/500 2434/2223/2434 3535/2222/3535
f 3535/2222/3535 2434/2223/2434 821/2225/821 2437/2224/2437
f 1551/2221/1551 3535/2222/3535 2437/2224/2437 501/2226/501
f 500/2218/500 1548/2216/1548 3536/2227/3536 2434/2223/2434
f 1548/2216/1548 34/2217/34 1075/2228/1075 3536/2227/3536
f 3536/2227/3536 1075/2228/1075 263/2230/263 2435/2229/2435
f 2434/2223/2434 3536/2227/3536 2435/2229/2435 821/2225/821
f 821/2225/821 2435/2229/2435 3537/2232/3537 2436/2231/2436
f 2435/2229/2435 263/2230/263 1074/2233/1074 3537/2232/3537
f 3537/2232/3537 1074/2233/1074 11/2235/11 1154/2234/1154
f 2436/2231/2436 3537/2232/3537 1154/2234/1154 303/2236/303
f 501/2226/501 2437/2224/2437 3538/2238/3538 1550/2237/1550
f 2437/2224/2437 821/2225/821 2436/2231/2436 3538/2238/3538
f 3538/2238/3538 2436/2231/2436 303/2236/303 1155/2239/1155
f 1550/2237/1550 3538/2238/3538 1155/2239/1155 64/2240/64
f 143/2133/143 1536/2132/1536 3539/2242/3539 1553/2241/1553
f 1536/2132/1536 494/2129/494 2438/2243/2438 3539/2242/3539
f 3539/2242/3539 2438/2243/2438 822/2245/822 2441/2244/2441
f 1553/2241/1553 3539/2242/3539 2441/2244/2441 502/2246/502
f 494/2129/494 1537/2127/1537 3540/2247/3540 2438/2243/2438
f 1537/2127/1537 144/2128/144 1551/2221/1551 3540/2247/3540
f 3540/2247/3540 1551/2221/1551 501/2226/501 2439/2248/2439
f 2438/2243/2438 3540/2247/3540 2439/2248/2439 822/2245/822
f 822/2245/822 2439/2248/2439 3541/2250/3541 2440/2249/2440
f 2439/2248/2439 501/2226/501 1550/2237/1550 3541/2250/3541
f 3541/2250/3541 1550/2237/1550 64/2240/64 1156/2251/1156
f 2440/2249/2440 3541/2250/3541 1156/2251/1156 304/2252/304
f 502/2246/502 2441/2244/2441 3542/2254/3542 1552/2253/1552
f 2441/2244/2441 822/2245/822 2440/2249/2440 3542/2254/3542
f 3542/2254/3542 2440/2249/2440 304/2252/304 1157/2255/1157
f 1552/2253/1552 3542/2254/3542 1157/2255/1157 65/2256/65
f 142/2113/142 1534/2111/1534 3543/2258/3543 1555/2257/1555
f 1534/2111/1534 493/2112/493 2442/2259/2442 3543/2258/3543
f 3543/2258/3543 2442/2259/2442 823/2261/823 2445/2260/2445
f 1555/2257/1555 3543/2258/3543 2445/2260/2445 503/2262/503
f 493/2112/493 1535/2264/1535 3544/2263/3544 2442/2259/2442
f 1535/2265/1535 143/2133/143 1553/2241/1553 3544/2266/3544
f 3544/2266/3544 1553/2241/1553 502/2246/502 2443/2267/2443
f 2442/2259/2442 3544/2263/3544 2443/2268/2443 823/2261/823
f 823/2261/823 2443/2268/2443 3545/2270/3545 2444/2269/2444
f 2443/2267/2443 502/2246/502 1552/2253/1552 3545/2271/3545
f 3545/2271/3545 1552/2253/1552 65/2256/65 1158/2272/1158
f 2444/2269/2444 3545/2270/3545 1158/1373/1158 305/1369/305
f 503/2262/503 2445/2260/2445 3546/2274/3546 1554/2273/1554
f 2445/2260/2445 823/2261/823 2444/2269/2444 3546/2274/3546
f 3546/2274/3546 2444/2269/2444 305/1369/305 1159/1367/1159
f 1554/2273/1554 3546/2274/3546 1159/1367/1159 66/1354/66
f 51/106/51 1556/2276/1556 3547/2275/3547 1120/103/1120
f 1556/2276/1556 504/2278/504 2446/2277/2446 3547/2275/3547
f 3547/2275/3547 2446/2277/2446 824/2280/824 2449/2279/2449
f 1120/103/1120 3547/2275/3547 2449/2279/2449 286/90/286
f 504/2278/504 1557/2282/1557 3548/2281/3548 2446/2277/2446
f 1557/2282/1557 142/2113/142 1555/2257/1555 3548/2281/3548
f 3548/2281/3548 1555/2257/1555 503/2262/503 2447/2283/2447
f 2446/2277/2446 3548/2281/3548 2447/2283/2447 824/2280/824
f 824/2280/824 2447/2283/2447 3549/2285/3549 2448/2284/2448
f 2447/2283/2447 503/2262/503 1554/2273/1554 3549/2285/3549
f 3549/2285/3549 1554/2273/1554 66/1354/66 1160/1352/1160
f 2448/2284/2448 3549/2285/3549 1160/1352/1160 306/1347/306
f 286/90/286 2449/2279/2449 3550/2286/3550 1121/83/1121
f 2449/2279/2449 824/2280/824 2448/2284/2448 3550/2286/3550
f 3550/2286/3550 2448/2284/2448 306/1347/306 1161/1345/1161
f 1121/83/1121 3550/2286/3550 1161/1345/1161 9/82/9
f 50/289/50 1558/2288/1558 3551/2287/3551 1118/322/1118
f 1558/2288/1558 505/2290/505 2450/2289/2450 3551/2287/3551
f 3551/2287/3551 2450/2289/2450 825/2292/825 2453/2291/2453
f 1118/322/1118 3551/2287/3551 2453/2291/2453 285/314/285
f 505/2290/505 1559/2294/1559 3552/2293/3552 2450/2289/2450
f 1559/2294/1559 139/2055/139 1528/2076/1528 3552/2293/3552
f 3552/2293/3552 1528/2076/1528 490/2081/490 2451/2295/2451
f 2450/2289/2450 3552/2293/3552 2451/2295/2451 825/2292/825
f 825/2292/825 2451/2295/2451 3553/2297/3553 2452/2296/2452
f 2451/2295/2451 490/2081/490 1529/2108/1529 3553/2297/3553
f 3553/2297/3553 1529/2108/1529 142/2113/142 1557/2282/1557
f 2452/2296/2452 3553/2297/3553 1557/2282/1557 504/2278/504
f 285/314/285 2453/2291/2453 3554/2298/3554 1119/309/1119
f 2453/2291/2453 825/2292/825 2452/2296/2452 3554/2298/3554
f 3554/2298/3554 2452/2296/2452 504/2278/504 1556/2276/1556
f 1119/309/1119 3554/2298/3554 1556/2276/1556 51/106/51
f 49/264/49 1560/2148/1560 3555/2299/3555 1116/307/1116
f 1560/2148/1560 506/2146/506 2454/2300/2454 3555/2299/3555
f 3555/2299/3555 2454/2300/2454 826/2302/826 2457/2301/2457
f 1116/307/1116 3555/2299/3555 2457/2301/2457 284/297/284
f 506/2146/506 1561/2145/1561 3556/2303/3556 2454/2300/2454
f 1561/2145/1561 136/2031/136 1518/2032/1518 3556/2303/3556
f 3556/2303/3556 1518/2032/1518 485/2039/485 2455/2304/2455
f 2454/2300/2454 3556/2303/3556 2455/2304/2455 826/2302/826
f 826/2302/826 2455/2304/2455 3557/2306/3557 2456/2305/2456
f 2455/2304/2455 485/2039/485 1519/2052/1519 3557/2306/3557
f 3557/2306/3557 1519/2052/1519 139/2055/139 1559/2294/1559
f 2456/2305/2456 3557/2306/3557 1559/2294/1559 505/2290/505
f 284/297/284 2457/2301/2457 3558/2307/3558 1117/290/1117
f 2457/2301/2457 826/2302/826 2456/2305/2456 3558/2307/3558
f 3558/2307/3558 2456/2305/2456 505/2290/505 1558/2288/1558
f 1117/290/1117 3558/2307/3558 1558/2288/1558 50/289/50
f 181/2308/181 1562/2311/1562 3559/2310/3559 1720/2309/1720
f 1562/2311/1562 507/2313/507 2458/2312/2458 3559/2310/3559
f 3559/2310/3559 2458/2312/2458 827/2315/827 2461/2314/2461
f 1720/2309/1720 3559/2310/3559 2461/2314/2461 586/2316/586
f 507/2313/507 1563/2318/1563 3560/2317/3560 2458/2312/2458
f 1563/2318/1563 146/2320/146 1568/2319/1568 3560/2317/3560
f 3560/2317/3560 1568/2319/1568 510/2322/510 2459/2321/2459
f 2458/2312/2458 3560/2317/3560 2459/2321/2459 827/2315/827
f 827/2315/827 2459/2321/2459 3561/2324/3561 2460/2323/2460
f 2459/2321/2459 510/2322/510 1569/2325/1569 3561/2324/3561
f 3561/2324/3561 1569/2325/1569 149/2327/149 1573/2326/1573
f 2460/2323/2460 3561/2324/3561 1573/2326/1573 512/2328/512
f 586/2316/586 2461/2314/2461 3562/2330/3562 1721/2329/1721
f 2461/2314/2461 827/2315/827 2460/2323/2460 3562/2330/3562
f 3562/2330/3562 2460/2323/2460 512/2328/512 1572/2331/1572
f 1721/2329/1721 3562/2330/3562 1572/2331/1572 182/2332/182
f 146/2320/146 1564/2334/1564 3563/2333/3563 1568/2319/1568
f 1564/2334/1564 508/2336/508 2462/2335/2462 3563/2333/3563
f 3563/2333/3563 2462/2335/2462 828/2338/828 2465/2337/2465
f 1568/2319/1568 3563/2333/3563 2465/2337/2465 510/2322/510
f 508/2336/508 1565/2340/1565 3564/2339/3564 2462/2335/2462
f 1565/2340/1565 147/2342/147 1570/2341/1570 3564/2339/3564
f 3564/2339/3564 1570/2341/1570 511/2344/511 2463/2343/2463
f 2462/2335/2462 3564/2339/3564 2463/2343/2463 828/2338/828
f 828/2338/828 2463/2343/2463 3565/2346/3565 2464/2345/2464
f 2463/2343/2463 511/2344/511 1571/2347/1571 3565/2346/3565
f 3565/2346/3565 1571/2347/1571 150/2349/150 1575/2348/1575
f 2464/2345/2464 3565/2346/3565 1575/2348/1575 513/2350/513
f 510/2322/510 2465/2337/2465 3566/2351/3566 1569/2325/1569
f 2465/2337/2465 828/2338/828 2464/2345/2464 3566/2351/3566
f 3566/2351/3566 2464/2345/2464 513/2350/513 1574/2352/1574
f 1569/2325/1569 3566/2351/3566 1574/2352/1574 149/2327/149
f 182/2332/182 1572/2331/1572 3567/2354/3567 1718/2353/1718
f 1572/2331/1572 512/2328/512 2466/2355/2466 3567/2354/3567
f 3567/2354/3567 2466/2355/2466 829/2357/829 2469/2356/2469
f 1718/2353/1718 3567/2354/3567 2469/2356/2469 585/2358/585
f 512/2328/512 1573/2326/1573 3568/2359/3568 2466/2355/2466
f 1573/2326/1573 149/2327/149 1578/2360/1578 3568/2359/3568
f 3568/2359/3568 1578/2360/1578 515/2362/515 2467/2361/2467
f 2466/2355/2466 3568/2359/3568 2467/2361/2467 829/2357/829
f 829/2357/829 2467/2361/2467 3569/2364/3569 2468/2363/2468
f 2467/2361/2467 515/2362/515 1579/2365/1579 3569/2364/3569
f 3569/2364/3569 1579/2365/1579 152/2367/152 1583/2366/1583
f 2468/2363/2468 3569/2364/3569 1583/2366/1583 517/2368/517
f 585/2358/585 2469/2356/2469 3570/2370/3570 1719/2369/1719
f 2469/2356/2469 829/2357/829 2468/2363/2468 3570/2370/3570
f 3570/2370/3570 2468/2363/2468 517/2368/517 1582/2371/1582
f 1719/2369/1719 3570/2370/3570 1582/2371/1582 183/2372/183
f 149/2327/149 1574/2352/1574 3571/2373/3571 1578/2360/1578
f 1574/2352/1574 513/2350/513 2470/2374/2470 3571/2373/3571
f 3571/2373/3571 2470/2374/2470 830/2376/830 2473/2375/2473
f 1578/2360/1578 3571/2373/3571 2473/2375/2473 515/2362/515
f 513/2350/513 1575/2348/1575 3572/2377/3572 2470/2374/2470
f 1575/2348/1575 150/2349/150 1580/2378/1580 3572/2377/3572
f 3572/2377/3572 1580/2378/1580 516/2380/516 2471/2379/2471
f 2470/2374/2470 3572/2377/3572 2471/2379/2471 830/2376/830
f 830/2376/830 2471/2379/2471 3573/2382/3573 2472/2381/2472
f 2471/2379/2471 516/2380/516 1581/2383/1581 3573/2382/3573
f 3573/2382/3573 1581/2383/1581 153/2385/153 1585/2384/1585
f 2472/2381/2472 3573/2382/3573 1585/2384/1585 518/2386/518
f 515/2362/515 2473/2375/2473 3574/2387/3574 1579/2365/1579
f 2473/2375/2473 830/2376/830 2472/2381/2472 3574/2387/3574
f 3574/2387/3574 2472/2381/2472 518/2386/518 1584/2388/1584
f 1579/2365/1579 3574/2387/3574 1584/2388/1584 152/2367/152
f 7/592/7 1073/591/1073 3575/2389/3575 1081/2178/1081
f 1073/591/1073 262/588/262 2474/2390/2474 3575/2389/3575
f 3575/2389/3575 2474/2390/2474 831/2392/831 2477/2391/2477
f 1081/2178/1081 3575/2389/3575 2477/2391/2477 266/2180/266
f 262/588/262 1072/586/1072 3576/2393/3576 2474/2390/2474
f 1072/586/1072 33/587/33 1586/2394/1586 3576/2393/3576
f 3576/2393/3576 1586/2394/1586 519/2396/519 2475/2395/2475
f 2474/2390/2474 3576/2393/3576 2475/2395/2475 831/2392/831
f 831/2392/831 2475/2395/2475 3577/2398/3577 2476/2397/2476
f 2475/2395/2475 519/2396/519 1587/2399/1587 3577/2398/3577
f 3577/2398/3577 1587/2399/1587 145/2401/145 1609/2400/1609
f 2476/2397/2476 3577/2398/3577 1609/2400/1609 530/2402/530
f 266/2180/266 2477/2391/2477 3578/2403/3578 1080/2183/1080
f 2477/2391/2477 831/2392/831 2476/2397/2476 3578/2403/3578
f 3578/2403/3578 2476/2397/2476 530/2402/530 1608/2404/1608
f 1080/2183/1080 3578/2403/3578 1608/2404/1608 36/2185/36
f 165/567/165 1663/566/1663 3579/2406/3579 1716/2405/1716
f 1663/566/1663 557/563/557 2478/2407/2478 3579/2406/3579
f 3579/2406/3579 2478/2407/2478 832/2409/832 2481/2408/2481
f 1716/2405/1716 3579/2406/3579 2481/2408/2481 584/2410/584
f 557/563/557 1662/562/1662 3580/2411/3580 2478/2407/2478
f 1662/562/1662 32/551/32 1588/2412/1588 3580/2411/3580
f 3580/2411/3580 1588/2412/1588 520/2414/520 2479/2413/2479
f 2478/2407/2478 3580/2411/3580 2479/2413/2479 832/2409/832
f 832/2409/832 2479/2413/2479 3581/2416/3581 2480/2415/2480
f 2479/2413/2479 520/2414/520 1589/2417/1589 3581/2416/3581
f 3581/2416/3581 1589/2417/1589 146/2320/146 1563/2318/1563
f 2480/2415/2480 3581/2416/3581 1563/2318/1563 507/2313/507
f 584/2410/584 2481/2408/2481 3582/2419/3582 1717/2418/1717
f 2481/2408/2481 832/2409/832 2480/2415/2480 3582/2419/3582
f 3582/2419/3582 2480/2415/2480 507/2313/507 1562/2311/1562
f 1717/2418/1717 3582/2419/3582 1562/2311/1562 181/2308/181
f 32/551/32 1069/550/1069 3583/2420/3583 1588/2412/1588
f 1069/550/1069 260/547/260 2482/2421/2482 3583/2420/3583
f 3583/2420/3583 2482/2421/2482 833/2423/833 2485/2422/2485
f 1588/2412/1588 3583/2420/3583 2485/2422/2485 520/2414/520
f 260/547/260 1068/545/1068 3584/2424/3584 2482/2421/2482
f 1068/545/1068 31/546/31 1590/2425/1590 3584/2424/3584
f 3584/2424/3584 1590/2425/1590 521/2427/521 2483/2426/2483
f 2482/2421/2482 3584/2424/3584 2483/2426/2483 833/2423/833
f 833/2423/833 2483/2426/2483 3585/2429/3585 2484/2428/2484
f 2483/2426/2483 521/2427/521 1591/2430/1591 3585/2429/3585
f 3585/2429/3585 1591/2430/1591 147/2342/147 1565/2340/1565
f 2484/2428/2484 3585/2429/3585 1565/2340/1565 508/2336/508
f 520/2414/520 2485/2422/2485 3586/2431/3586 1589/2417/1589
f 2485/2422/2485 833/2423/833 2484/2428/2484 3586/2431/3586
f 3586/2431/3586 2484/2428/2484 508/2336/508 1564/2334/1564
f 1589/2417/1589 3586/2431/3586 1564/2334/1564 146/2320/146
f 213/531/213 1855/530/1855 3587/2433/3587 1912/2432/1912
f 1855/530/1855 653/527/653 2486/2434/2486 3587/2433/3587
f 3587/2433/3587 2486/2434/2486 834/2436/834 2489/2435/2489
f 1912/2432/1912 3587/2433/3587 2489/2435/2489 682/2437/682
f 653/527/653 1854/525/1854 3588/2438/3588 2486/2434/2486
f 1854/525/1854 8/526/8 1138/1864/1138 3588/2438/3588
f 3588/2438/3588 1138/1864/1138 295/1869/295 2487/2439/2487
f 2486/2434/2486 3588/2438/3588 2487/2439/2487 834/2436/834
f 834/2436/834 2487/2439/2487 3589/2441/3589 2488/2440/2488
f 2487/2439/2487 295/1869/295 1139/1879/1139 3589/2441/3589
f 3589/2441/3589 1139/1879/1139 58/1882/58 1886/2442/1886
f 2488/2440/2488 3589/2441/3589 1886/2442/1886 669/2443/669
f 682/2437/682 2489/2435/2489 3590/2445/3590 1913/2444/1913
f 2489/2435/2489 834/2436/834 2488/2440/2488 3590/2445/3590
f 3590/2445/3590 2488/2440/2488 669/2443/669 1887/2446/1887
f 1913/2444/1913 3590/2445/3590 1887/2446/1887 229/2447/229
f 229/2447/229 1887/2446/1887 3591/2449/3591 1910/2448/1910
f 1887/2446/1887 669/2443/669 2490/2450/2490 3591/2449/3591
f 3591/2449/3591 2490/2450/2490 835/2452/835 2493/2451/2493
f 1910/2448/1910 3591/2449/3591 2493/2451/2493 681/2453/681
f 669/2443/669 1886/2442/1886 3592/2454/3592 2490/2450/2490
f 1886/2442/1886 58/1882/58 1140/2019/1140 3592/2454/3592
f 3592/2454/3592 1140/2019/1140 296/2024/296 2491/2455/2491
f 2490/2450/2490 3592/2454/3592 2491/2455/2491 835/2452/835
f 835/2452/835 2491/2455/2491 3593/2457/3593 2492/2456/2492
f 2491/2455/2491 296/2024/296 1141/2029/1141 3593/2457/3593
f 3593/2457/3593 1141/2029/1141 59/2003/59 1888/2458/1888
f 2492/2456/2492 3593/2457/3593 1888/2458/1888 670/2459/670
f 681/2453/681 2493/2451/2493 3594/2461/3594 1911/2460/1911
f 2493/2451/2493 835/2452/835 2492/2456/2492 3594/2461/3594
f 3594/2461/3594 2492/2456/2492 670/2459/670 1889/2462/1889
f 1911/2460/1911 3594/2461/3594 1889/2462/1889 230/2463/230
f 230/2463/230 1889/2462/1889 3595/2465/3595 1908/2464/1908
f 1889/2462/1889 670/2459/670 2494/2466/2494 3595/2465/3595
f 3595/2465/3595 2494/2466/2494 836/2468/836 2497/2467/2497
f 1908/2464/1908 3595/2465/3595 2497/2467/2497 680/2469/680
f 670/2459/670 1888/2458/1888 3596/2470/3596 2494/2466/2494
f 1888/2458/1888 59/2003/59 1142/2004/1142 3596/2470/3596
f 3596/2470/3596 1142/2004/1142 297/2011/297 2495/2471/2495
f 2494/2466/2494 3596/2470/3596 2495/2471/2495 836/2468/836
f 836/2468/836 2495/2471/2495 3597/2473/3597 2496/2472/2496
f 2495/2471/2495 297/2011/297 1143/2017/1143 3597/2473/3597
f 3597/2473/3597 1143/2017/1143 60/1983/60 1890/2474/1890
f 2496/2472/2496 3597/2473/3597 1890/2474/1890 671/2475/671
f 680/2469/680 2497/2467/2497 3598/2477/3598 1909/2476/1909
f 2497/2467/2497 836/2468/836 2496/2472/2496 3598/2477/3598
f 3598/2477/3598 2496/2472/2496 671/2475/671 1891/2478/1891
f 1909/2476/1909 3598/2477/3598 1891/2478/1891 231/2479/231
f 231/2479/231 1891/2478/1891 3599/2481/3599 1906/2480/1906
f 1891/2478/1891 671/2475/671 2498/2482/2498 3599/2481/3599
f 3599/2481/3599 2498/2482/2498 837/2484/837 2501/2483/2501
f 1906/2480/1906 3599/2481/3599 2501/2483/2501 679/2485/679
f 671/2475/671 1890/2474/1890 3600/2486/3600 2498/2482/2498
f 1890/2474/1890 60/1983/60 1144/1984/1144 3600/2486/3600
f 3600/2486/3600 1144/1984/1144 298/1991/298 2499/2487/2499
f 2498/2482/2498 3600/2486/3600 2499/2487/2499 837/2484/837
f 837/2484/837 2499/2487/2499 3601/2489/3601 2500/2488/2500
f 2499/2487/2499 298/1991/298 1145/1999/1145 3601/2489/3601
f 3601/2490/3601 1145/2002/1145 12/782/12 1858/780/1858
f 2500/2491/2500 3601/2490/3601 1858/780/1858 655/775/655
f 679/2485/679 2501/2483/2501 3602/2493/3602 1907/2492/1907
f 2501/2483/2501 837/2484/837 2500/2488/2500 3602/2493/3602
f 3602/2494/3602 2500/2491/2500 655/775/655 1859/773/1859
f 1907/2495/1907 3602/2494/3602 1859/773/1859 215/770/215
f 152/2367/152 1584/2388/1584 3603/2497/3603 1601/2496/1601
f 1584/2388/1584 518/2386/518 2502/2498/2502 3603/2497/3603
f 3603/2497/3603 2502/2498/2502 838/2500/838 2505/2499/2505
f 1601/2496/1601 3603/2497/3603 2505/2499/2505 526/2501/526
f 518/2386/518 1585/2384/1585 3604/2502/3604 2502/2498/2502
f 1585/2384/1585 153/2385/153 1599/2503/1599 3604/2502/3604
f 3604/2502/3604 1599/2503/1599 525/2505/525 2503/2504/2503
f 2502/2498/2502 3604/2502/3604 2503/2504/2503 838/2500/838
f 838/2500/838 2503/2504/2503 3605/2507/3605 2504/2506/2504
f 2503/2504/2503 525/2505/525 1598/2508/1598 3605/2507/3605
f 3605/2509/3605 1598/2510/1598 67/763/67 1164/761/1164
f 2504/2511/2504 3605/2509/3605 1164/761/1164 308/757/308
f 526/2501/526 2505/2499/2505 3606/2513/3606 1600/2512/1600
f 2505/2499/2505 838/2500/838 2504/2506/2504 3606/2513/3606
f 3606/2514/3606 2504/2511/2504 308/757/308 1165/755/1165
f 1600/2515/1600 3606/2514/3606 1165/755/1165 68/746/68
f 183/2372/183 1582/2371/1582 3607/2517/3607 1714/2516/1714
f 1582/2371/1582 517/2368/517 2506/2518/2506 3607/2517/3607
f 3607/2517/3607 2506/2518/2506 839/2520/839 2509/2519/2509
f 1714/2516/1714 3607/2517/3607 2509/2519/2509 583/2521/583
f 517/2368/517 1583/2366/1583 3608/2522/3608 2506/2518/2506
f 1583/2366/1583 152/2367/152 1601/2496/1601 3608/2522/3608
f 3608/2522/3608 1601/2496/1601 526/2501/526 2507/2523/2507
f 2506/2518/2506 3608/2522/3608 2507/2523/2507 839/2520/839
f 839/2520/839 2507/2523/2507 3609/2525/3609 2508/2524/2508
f 2507/2523/2507 526/2501/526 1600/2512/1600 3609/2525/3609
f 3609/2526/3609 1600/2515/1600 68/746/68 1666/744/1666
f 2508/2527/2508 3609/2526/3609 1666/744/1666 559/739/559
f 583/2521/583 2509/2519/2509 3610/2529/3610 1715/2528/1715
f 2509/2519/2509 839/2520/839 2508/2524/2508 3610/2529/3610
f 3610/2530/3610 2508/2527/2508 559/739/559 1667/737/1667
f 1715/2531/1715 3610/2530/3610 1667/737/1667 167/734/167
f 34/2217/34 1604/2533/1604 3611/2532/3611 1075/2228/1075
f 1604/2533/1604 528/2535/528 2510/2534/2510 3611/2532/3611
f 3611/2532/3611 2510/2534/2510 840/2537/840 2513/2536/2513
f 1075/2228/1075 3611/2532/3611 2513/2536/2513 263/2230/263
f 528/2535/528 1605/2539/1605 3612/2538/3612 2510/2534/2510
f 1605/2539/1605 151/2541/151 1603/2540/1603 3612/2538/3612
f 3612/2538/3612 1603/2540/1603 527/2543/527 2511/2542/2511
f 2510/2534/2510 3612/2538/3612 2511/2542/2511 840/2537/840
f 840/2537/840 2511/2542/2511 3613/2545/3613 2512/2544/2512
f 2511/2542/2511 527/2543/527 1602/2546/1602 3613/2545/3613
f 3613/2545/3613 1602/2546/1602 69/2548/69 1168/2547/1168
f 2512/2544/2512 3613/2545/3613 1168/2547/1168 310/2549/310
f 263/2230/263 2513/2536/2513 3614/2550/3614 1074/2233/1074
f 2513/2536/2513 840/2537/840 2512/2544/2512 3614/2550/3614
f 3614/2550/3614 2512/2544/2512 310/2549/310 1169/2551/1169
f 1074/2233/1074 3614/2550/3614 1169/2551/1169 11/2235/11
f 35/2201/35 1606/2553/1606 3615/2552/3615 1077/2210/1077
f 1606/2553/1606 529/2555/529 2514/2554/2514 3615/2552/3615
f 3615/2552/3615 2514/2554/2514 841/2557/841 2517/2556/2517
f 1077/2210/1077 3615/2552/3615 2517/2556/2517 264/2212/264
f 529/2555/529 1607/2559/1607 3616/2558/3616 2514/2554/2514
f 1607/2559/1607 148/2561/148 1576/2560/1576 3616/2558/3616
f 3616/2558/3616 1576/2560/1576 514/2563/514 2515/2562/2515
f 2514/2554/2514 3616/2558/3616 2515/2562/2515 841/2557/841
f 841/2557/841 2515/2562/2515 3617/2565/3617 2516/2564/2516
f 2515/2562/2515 514/2563/514 1577/2566/1577 3617/2565/3617
f 3617/2565/3617 1577/2566/1577 151/2541/151 1605/2539/1605
f 2516/2564/2516 3617/2565/3617 1605/2539/1605 528/2535/528
f 264/2212/264 2517/2556/2517 3618/2567/3618 1076/2215/1076
f 2517/2556/2517 841/2557/841 2516/2564/2516 3618/2567/3618
f 3618/2567/3618 2516/2564/2516 528/2535/528 1604/2533/1604
f 1076/2215/1076 3618/2567/3618 1604/2533/1604 34/2217/34
f 36/2185/36 1608/2404/1608 3619/2568/3619 1079/2194/1079
f 1608/2404/1608 530/2402/530 2518/2569/2518 3619/2568/3619
f 3619/2568/3619 2518/2569/2518 842/2571/842 2521/2570/2521
f 1079/2194/1079 3619/2568/3619 2521/2570/2521 265/2196/265
f 530/2402/530 1609/2400/1609 3620/2572/3620 2518/2569/2518
f 1609/2400/1609 145/2401/145 1566/2573/1566 3620/2572/3620
f 3620/2572/3620 1566/2573/1566 509/2575/509 2519/2574/2519
f 2518/2569/2518 3620/2572/3620 2519/2574/2519 842/2571/842
f 842/2571/842 2519/2574/2519 3621/2577/3621 2520/2576/2520
f 2519/2574/2519 509/2575/509 1567/2578/1567 3621/2577/3621
f 3621/2577/3621 1567/2578/1567 148/2561/148 1607/2559/1607
f 2520/2576/2520 3621/2577/3621 1607/2559/1607 529/2555/529
f 265/2196/265 2521/2570/2521 3622/2579/3622 1078/2199/1078
f 2521/2570/2521 842/2571/842 2520/2576/2520 3622/2579/3622
f 3622/2579/3622 2520/2576/2520 529/2555/529 1606/2553/1606
f 1078/2199/1078 3622/2579/3622 1606/2553/1606 35/2201/35
f 184/2580/184 1610/2583/1610 3623/2582/3623 1712/2581/1712
f 1610/2583/1610 531/2585/531 2522/2584/2522 3623/2582/3623
f 3623/2582/3623 2522/2584/2522 843/2587/843 2525/2586/2525
f 1712/2581/1712 3623/2582/3623 2525/2586/2525 582/2588/582
f 531/2585/531 1611/2590/1611 3624/2589/3624 2522/2584/2522
f 1611/2590/1611 155/2592/155 1616/2591/1616 3624/2589/3624
f 3624/2589/3624 1616/2591/1616 534/2594/534 2523/2593/2523
f 2522/2584/2522 3624/2589/3624 2523/2593/2523 843/2587/843
f 843/2587/843 2523/2593/2523 3625/2596/3625 2524/2595/2524
f 2523/2593/2523 534/2594/534 1617/2597/1617 3625/2596/3625
f 3625/2596/3625 1617/2597/1617 158/2599/158 1621/2598/1621
f 2524/2595/2524 3625/2596/3625 1621/2598/1621 536/2600/536
f 582/2588/582 2525/2586/2525 3626/2602/3626 1713/2601/1713
f 2525/2586/2525 843/2587/843 2524/2595/2524 3626/2602/3626
f 3626/2602/3626 2524/2595/2524 536/2600/536 1620/2603/1620
f 1713/2601/1713 3626/2602/3626 1620/2603/1620 185/2604/185
f 155/2592/155 1612/2606/1612 3627/2605/3627 1616/2591/1616
f 1612/2606/1612 532/2608/532 2526/2607/2526 3627/2605/3627
f 3627/2605/3627 2526/2607/2526 844/2610/844 2529/2609/2529
f 1616/2591/1616 3627/2605/3627 2529/2609/2529 534/2594/534
f 532/2608/532 1613/2612/1613 3628/2611/3628 2526/2607/2526
f 1613/2612/1613 156/2614/156 1618/2613/1618 3628/2611/3628
f 3628/2611/3628 1618/2613/1618 535/2616/535 2527/2615/2527
f 2526/2607/2526 3628/2611/3628 2527/2615/2527 844/2610/844
f 844/2610/844 2527/2615/2527 3629/2618/3629 2528/2617/2528
f 2527/2615/2527 535/2616/535 1619/2619/1619 3629/2618/3629
f 3629/2618/3629 1619/2619/1619 159/2621/159 1623/2620/1623
f 2528/2617/2528 3629/2618/3629 1623/2620/1623 537/2622/537
f 534/2594/534 2529/2609/2529 3630/2623/3630 1617/2597/1617
f 2529/2609/2529 844/2610/844 2528/2617/2528 3630/2623/3630
f 3630/2623/3630 2528/2617/2528 537/2622/537 1622/2624/1622
f 1617/2597/1617 3630/2623/3630 1622/2624/1622 158/2599/158
f 185/2604/185 1620/2603/1620 3631/2626/3631 1710/2625/1710
f 1620/2603/1620 536/2600/536 2530/2627/2530 3631/2626/3631
f 3631/2626/3631 2530/2627/2530 845/2629/845 2533/2628/2533
f 1710/2625/1710 3631/2626/3631 2533/2628/2533 581/2630/581
f 536/2600/536 1621/2598/1621 3632/2631/3632 2530/2627/2530
f 1621/2598/1621 158/2599/158 1626/2632/1626 3632/2631/3632
f 3632/2631/3632 1626/2632/1626 539/2634/539 2531/2633/2531
f 2530/2627/2530 3632/2631/3632 2531/2633/2531 845/2629/845
f 845/2629/845 2531/2633/2531 3633/2636/3633 2532/2635/2532
f 2531/2633/2531 539/2634/539 1627/2637/1627 3633/2636/3633
f 3633/2636/3633 1627/2637/1627 161/2639/161 1631/2638/1631
f 2532/2635/2532 3633/2636/3633 1631/2638/1631 541/2640/541
f 581/2630/581 2533/2628/2533 3634/2642/3634 1711/2641/1711
f 2533/2628/2533 845/2629/845 2532/2635/2532 3634/2642/3634
f 3634/2642/3634 2532/2635/2532 541/2640/541 1630/2643/1630
f 1711/2641/1711 3634/2642/3634 1630/2643/1630 186/2644/186
f 158/2599/158 1622/2624/1622 3635/2645/3635 1626/2632/1626
f 1622/2624/1622 537/2622/537 2534/2646/2534 3635/2645/3635
f 3635/2645/3635 2534/2646/2534 846/2648/846 2537/2647/2537
f 1626/2632/1626 3635/2645/3635 2537/2647/2537 539/2634/539
f 537/2622/537 1623/2620/1623 3636/2649/3636 2534/2646/2534
f 1623/2620/1623 159/2621/159 1628/2650/1628 3636/2649/3636
f 3636/2649/3636 1628/2650/1628 540/2652/540 2535/2651/2535
f 2534/2646/2534 3636/2649/3636 2535/2651/2535 846/2648/846
f 846/2648/846 2535/2651/2535 3637/2654/3637 2536/2653/2536
f 2535/2651/2535 540/2652/540 1629/2655/1629 3637/2654/3637
f 3637/2654/3637 1629/2655/1629 162/2657/162 1633/2656/1633
f 2536/2653/2536 3637/2654/3637 1633/2656/1633 542/2658/542
f 539/2634/539 2537/2647/2537 3638/2659/3638 1627/2637/1627
f 2537/2647/2537 846/2648/846 2536/2653/2536 3638/2659/3638
f 3638/2659/3638 2536/2653/2536 542/2658/542 1632/2660/1632
f 1627/2637/1627 3638/2659/3638 1632/2660/1632 161/2639/161
f 1/1219/1 1026/1218/1026 3639/2661/3639 1025/1498/1025
f 1026/1218/1026 239/1215/239 2538/2662/2538 3639/2661/3639
f 3639/2661/3639 2538/2662/2538 847/2664/847 2541/2663/2541
f 1025/1498/1025 3639/2661/3639 2541/2663/2541 238/1492/238
f 239/1215/239 1027/1213/1027 3640/2665/3640 2538/2662/2538
f 1027/1213/1027 16/1214/16 1634/2666/1634 3640/2665/3640
f 3640/2665/3640 1634/2666/1634 543/2668/543 2539/2667/2539
f 2538/2662/2538 3640/2665/3640 2539/2667/2539 847/2664/847
f 847/2664/847 2539/2667/2539 3641/2670/3641 2540/2669/2540
f 2539/2667/2539 543/2668/543 1635/2671/1635 3641/2670/3641
f 3641/2670/3641 1635/2671/1635 154/2673/154 1657/2672/1657
f 2540/2669/2540 3641/2670/3641 1657/2672/1657 554/2674/554
f 238/1492/238 2541/2663/2541 3642/2675/3642 1024/1485/1024
f 2541/2663/2541 847/2664/847 2540/2669/2540 3642/2675/3642
f 3642/2675/3642 2540/2669/2540 554/2674/554 1656/2676/1656
f 1024/1485/1024 3642/2675/3642 1656/2676/1656 15/1484/15
f 163/1194/163 1028/1193/1028 3643/2678/3643 1708/2677/1708
f 1028/1193/1028 240/1190/240 2542/2679/2542 3643/2678/3643
f 3643/2678/3643 2542/2679/2542 848/2681/848 2545/2680/2545
f 1708/2677/1708 3643/2678/3643 2545/2680/2545 580/2682/580
f 240/1190/240 1029/1189/1029 3644/2683/3644 2542/2679/2542
f 1029/1189/1029 17/1178/17 1636/2684/1636 3644/2683/3644
f 3644/2683/3644 1636/2684/1636 544/2686/544 2543/2685/2543
f 2542/2679/2542 3644/2683/3644 2543/2685/2543 848/2681/848
f 848/2681/848 2543/2685/2543 3645/2688/3645 2544/2687/2544
f 2543/2685/2543 544/2686/544 1637/2689/1637 3645/2688/3645
f 3645/2688/3645 1637/2689/1637 155/2592/155 1611/2590/1611
f 2544/2687/2544 3645/2688/3645 1611/2590/1611 531/2585/531
f 580/2682/580 2545/2680/2545 3646/2691/3646 1709/2690/1709
f 2545/2680/2545 848/2681/848 2544/2687/2544 3646/2691/3646
f 3646/2691/3646 2544/2687/2544 531/2585/531 1610/2583/1610
f 1709/2690/1709 3646/2691/3646 1610/2583/1610 184/2580/184
f 17/1178/17 1030/1177/1030 3647/2692/3647 1636/2684/1636
f 1030/1177/1030 241/1174/241 2546/2693/2546 3647/2692/3647
f 3647/2692/3647 2546/2693/2546 849/2695/849 2549/2694/2549
f 1636/2684/1636 3647/2692/3647 2549/2694/2549 544/2686/544
f 241/1174/241 1031/1172/1031 3648/2696/3648 2546/2693/2546
f 1031/1172/1031 18/1173/18 1638/2697/1638 3648/2696/3648
f 3648/2696/3648 1638/2697/1638 545/2699/545 2547/2698/2547
f 2546/2693/2546 3648/2696/3648 2547/2698/2547 849/2695/849
f 849/2695/849 2547/2698/2547 3649/2701/3649 2548/2700/2548
f 2547/2698/2547 545/2699/545 1639/2702/1639 3649/2701/3649
f 3649/2701/3649 1639/2702/1639 156/2614/156 1613/2612/1613
f 2548/2700/2548 3649/2701/3649 1613/2612/1613 532/2608/532
f 544/2686/544 2549/2694/2549 3650/2703/3650 1637/2689/1637
f 2549/2694/2549 849/2695/849 2548/2700/2548 3650/2703/3650
f 3650/2703/3650 2548/2700/2548 532/2608/532 1612/2606/1612
f 1637/2689/1637 3650/2703/3650 1612/2606/1612 155/2592/155
f 211/1158/211 1032/1157/1032 3651/2705/3651 1904/2704/1904
f 1032/1157/1032 242/1154/242 2550/2706/2550 3651/2705/3651
f 3651/2705/3651 2550/2706/2550 850/2708/850 2553/2707/2553
f 1904/2704/1904 3651/2705/3651 2553/2707/2553 678/2709/678
f 242/1154/242 1033/1152/1033 3652/2710/3652 2550/2706/2550
f 1033/1152/1033 2/1153/2 1122/1723/1122 3652/2710/3652
f 3652/2710/3652 1122/1723/1122 287/1720/287 2551/2711/2551
f 2550/2706/2550 3652/2710/3652 2551/2711/2551 850/2708/850
f 850/2708/850 2551/2711/2551 3653/2713/3653 2552/2712/2552
f 2551/2711/2551 287/1720/287 1123/1718/1123 3653/2713/3653
f 3653/2713/3653 1123/1718/1123 52/1707/52 1892/2714/1892
f 2552/2712/2552 3653/2713/3653 1892/2714/1892 672/2715/672
f 678/2709/678 2553/2707/2553 3654/2717/3654 1905/2716/1905
f 2553/2707/2553 850/2708/850 2552/2712/2552 3654/2717/3654
f 3654/2717/3654 2552/2712/2552 672/2715/672 1893/2718/1893
f 1905/2716/1905 3654/2717/3654 1893/2718/1893 232/2719/232
f 232/2719/232 1893/2718/1893 3655/2721/3655 1902/2720/1902
f 1893/2718/1893 672/2715/672 2554/2722/2554 3655/2721/3655
f 3655/2721/3655 2554/2722/2554 851/2724/851 2557/2723/2557
f 1902/2720/1902 3655/2721/3655 2557/2723/2557 677/2725/677
f 672/2715/672 1892/2714/1892 3656/2726/3656 2554/2722/2554
f 1892/2714/1892 52/1707/52 1124/1705/1124 3656/2726/3656
f 3656/2726/3656 1124/1705/1124 288/1702/288 2555/2727/2555
f 2554/2722/2554 3656/2726/3656 2555/2727/2555 851/2724/851
f 851/2724/851 2555/2727/2555 3657/2729/3657 2556/2728/2556
f 2555/2727/2555 288/1702/288 1125/1700/1125 3657/2729/3657
f 3657/2729/3657 1125/1700/1125 53/1691/53 1894/2730/1894
f 2556/2728/2556 3657/2729/3657 1894/2730/1894 673/2731/673
f 677/2725/677 2557/2723/2557 3658/2733/3658 1903/2732/1903
f 2557/2723/2557 851/2724/851 2556/2728/2556 3658/2733/3658
f 3658/2733/3658 2556/2728/2556 673/2731/673 1895/2734/1895
f 1903/2732/1903 3658/2733/3658 1895/2734/1895 233/2735/233
f 233/2735/233 1895/2734/1895 3659/2737/3659 1900/2736/1900
f 1895/2734/1895 673/2731/673 2558/2738/2558 3659/2737/3659
f 3659/2737/3659 2558/2738/2558 852/2740/852 2561/2739/2561
f 1900/2736/1900 3659/2737/3659 2561/2739/2561 676/2741/676
f 673/2731/673 1894/2730/1894 3660/2742/3660 2558/2738/2558
f 1894/2730/1894 53/1691/53 1126/1689/1126 3660/2742/3660
f 3660/2742/3660 1126/1689/1126 289/1686/289 2559/2743/2559
f 2558/2738/2558 3660/2742/3660 2559/2743/2559 852/2740/852
f 852/2740/852 2559/2743/2559 3661/2745/3661 2560/2744/2560
f 2559/2743/2559 289/1686/289 1127/1684/1127 3661/2745/3661
f 3661/2745/3661 1127/1684/1127 54/1675/54 1896/2746/1896
f 2560/2744/2560 3661/2745/3661 1896/2746/1896 674/2747/674
f 676/2741/676 2561/2739/2561 3662/2749/3662 1901/2748/1901
f 2561/2739/2561 852/2740/852 2560/2744/2560 3662/2749/3662
f 3662/2749/3662 2560/2744/2560 674/2747/674 1897/2750/1897
f 1901/2748/1901 3662/2749/3662 1897/2750/1897 234/2751/234
f 234/2751/234 1897/2750/1897 3663/2753/3663 1898/2752/1898
f 1897/2750/1897 674/2747/674 2562/2754/2562 3663/2753/3663
f 3663/2753/3663 2562/2754/2562 853/2756/853 2565/2755/2565
f 1898/2752/1898 3663/2753/3663 2565/2755/2565 675/2757/675
f 674/2747/674 1896/2746/1896 3664/2758/3664 2562/2754/2562
f 1896/2746/1896 54/1675/54 1128/1673/1128 3664/2758/3664
f 3664/2758/3664 1128/1673/1128 290/1670/290 2563/2759/2563
f 2562/2754/2562 3664/2758/3664 2563/2759/2563 853/2756/853
f 853/2756/853 2563/2759/2563 3665/2761/3665 2564/2760/2564
f 2563/2759/2563 290/1670/290 1129/1668/1129 3665/2761/3665
f 3665/2761/3665 1129/1668/1129 10/155/10 1860/153/1860
f 2564/2760/2564 3665/2761/3665 1860/153/1860 656/148/656
f 675/2757/675 2565/2755/2565 3666/2763/3666 1899/2762/1899
f 2565/2755/2565 853/2756/853 2564/2760/2564 3666/2763/3666
f 3666/2763/3666 2564/2760/2564 656/148/656 1861/146/1861
f 1899/2762/1899 3666/2763/3666 1861/146/1861 216/143/216
f 161/2639/161 1632/2660/1632 3667/2765/3667 1649/2764/1649
f 1632/2660/1632 542/2658/542 2566/2766/2566 3667/2765/3667
f 3667/2765/3667 2566/2766/2566 854/2768/854 2569/2767/2569
f 1649/2764/1649 3667/2765/3667 2569/2767/2569 550/2769/550
f 542/2658/542 1633/2656/1633 3668/2770/3668 2566/2766/2566
f 1633/2656/1633 162/2657/162 1647/2771/1647 3668/2770/3668
f 3668/2770/3668 1647/2771/1647 549/2773/549 2567/2772/2567
f 2566/2766/2566 3668/2770/3668 2567/2772/2567 854/2768/854
f 854/2768/854 2567/2772/2567 3669/2775/3669 2568/2774/2568
f 2567/2772/2567 549/2773/549 1646/2776/1646 3669/2775/3669
f 3669/2775/3669 1646/2776/1646 70/136/70 1172/134/1172
f 2568/2774/2568 3669/2775/3669 1172/134/1172 312/130/312
f 550/2769/550 2569/2767/2569 3670/2778/3670 1648/2777/1648
f 2569/2767/2569 854/2768/854 2568/2774/2568 3670/2778/3670
f 3670/2778/3670 2568/2774/2568 312/130/312 1173/128/1173
f 1648/2777/1648 3670/2778/3670 1173/128/1173 71/119/71
f 186/2644/186 1630/2643/1630 3671/2780/3671 1706/2779/1706
f 1630/2643/1630 541/2640/541 2570/2781/2570 3671/2780/3671
f 3671/2780/3671 2570/2781/2570 855/2783/855 2573/2782/2573
f 1706/2779/1706 3671/2780/3671 2573/2782/2573 579/2784/579
f 541/2640/541 1631/2638/1631 3672/2785/3672 2570/2781/2570
f 1631/2638/1631 161/2639/161 1649/2764/1649 3672/2785/3672
f 3672/2785/3672 1649/2764/1649 550/2769/550 2571/2786/2571
f 2570/2781/2570 3672/2785/3672 2571/2786/2571 855/2783/855
f 855/2783/855 2571/2786/2571 3673/2788/3673 2572/2787/2572
f 2571/2786/2571 550/2769/550 1648/2777/1648 3673/2788/3673
f 3673/2788/3673 1648/2777/1648 71/119/71 1668/117/1668
f 2572/2787/2572 3673/2788/3673 1668/117/1668 560/112/560
f 579/2784/579 2573/2782/2573 3674/2790/3674 1707/2789/1707
f 2573/2782/2573 855/2783/855 2572/2787/2572 3674/2790/3674
f 3674/2790/3674 2572/2787/2572 560/112/560 1669/110/1669
f 1707/2789/1707 3674/2790/3674 1669/110/1669 168/107/168
f 13/1365/13 1652/2792/1652 3675/2791/3675 1019/1362/1019
f 1652/2792/1652 552/2794/552 2574/2793/2574 3675/2791/3675
f 3675/2791/3675 2574/2793/2574 856/2796/856 2577/2795/2577
f 1019/1362/1019 3675/2791/3675 2577/2795/2577 235/1350/235
f 552/2794/552 1653/2798/1653 3676/2797/3676 2574/2793/2574
f 1653/2798/1653 160/2800/160 1651/2799/1651 3676/2797/3676
f 3676/2797/3676 1651/2799/1651 551/2802/551 2575/2801/2575
f 2574/2793/2574 3676/2797/3676 2575/2801/2575 856/2796/856
f 856/2796/856 2575/2801/2575 3677/2804/3677 2576/2803/2576
f 2575/2801/2575 551/2802/551 1650/2805/1650 3677/2804/3677
f 3677/2804/3677 1650/2805/1650 72/94/72 1176/92/1176
f 2576/2803/2576 3677/2804/3677 1176/92/1176 314/87/314
f 235/1350/235 2577/2795/2577 3678/2806/3678 1018/1343/1018
f 2577/2795/2577 856/2796/856 2576/2803/2576 3678/2806/3678
f 3678/2806/3678 2576/2803/2576 314/87/314 1177/85/1177
f 1018/1343/1018 3678/2806/3678 1177/85/1177 9/82/9
f 14/1500/14 1654/2808/1654 3679/2807/3679 1021/1526/1021
f 1654/2808/1654 553/2810/553 2578/2809/2578 3679/2807/3679
f 3679/2807/3679 2578/2809/2578 857/2812/857 2581/2811/2581
f 1021/1526/1021 3679/2807/3679 2581/2811/2581 236/1521/236
f 553/2810/553 1655/2814/1655 3680/2813/3680 2578/2809/2578
f 1655/2814/1655 157/2816/157 1624/2815/1624 3680/2813/3680
f 3680/2813/3680 1624/2815/1624 538/2818/538 2579/2817/2579
f 2578/2809/2578 3680/2813/3680 2579/2817/2579 857/2812/857
f 857/2812/857 2579/2817/2579 3681/2820/3681 2580/2819/2580
f 2579/2817/2579 538/2818/538 1625/2821/1625 3681/2820/3681
f 3681/2820/3681 1625/2821/1625 160/2800/160 1653/2798/1653
f 2580/2819/2580 3681/2820/3681 1653/2798/1653 552/2794/552
f 236/1521/236 2581/2811/2581 3682/2822/3682 1020/1516/1020
f 2581/2811/2581 857/2812/857 2580/2819/2580 3682/2822/3682
f 3682/2822/3682 2580/2819/2580 552/2794/552 1652/2792/1652
f 1020/1516/1020 3682/2822/3682 1652/2792/1652 13/1365/13
f 15/1484/15 1656/2676/1656 3683/2823/3683 1023/1514/1023
f 1656/2676/1656 554/2674/554 2582/2824/2582 3683/2823/3683
f 3683/2823/3683 2582/2824/2582 858/2826/858 2585/2825/2585
f 1023/1514/1023 3683/2823/3683 2585/2825/2585 237/1508/237
f 554/2674/554 1657/2672/1657 3684/2827/3684 2582/2824/2582
f 1657/2672/1657 154/2673/154 1614/2828/1614 3684/2827/3684
f 3684/2827/3684 1614/2828/1614 533/2830/533 2583/2829/2583
f 2582/2824/2582 3684/2827/3684 2583/2829/2583 858/2826/858
f 858/2826/858 2583/2829/2583 3685/2832/3685 2584/2831/2584
f 2583/2829/2583 533/2830/533 1615/2833/1615 3685/2832/3685
f 3685/2832/3685 1615/2833/1615 157/2816/157 1655/2814/1655
f 2584/2831/2584 3685/2832/3685 1655/2814/1655 553/2810/553
f 237/1508/237 2585/2825/2585 3686/2834/3686 1022/1501/1022
f 2585/2825/2585 858/2826/858 2584/2831/2584 3686/2834/3686
f 3686/2834/3686 2584/2831/2584 553/2810/553 1654/2808/1654
f 1022/1501/1022 3686/2834/3686 1654/2808/1654 14/1500/14
f 160/2800/160 1704/2836/1704 3687/2835/3687 1651/2799/1651
f 1704/2836/1704 578/2838/578 2586/2837/2586 3687/2835/3687
f 3687/2835/3687 2586/2837/2586 859/2840/859 2589/2839/2589
f 1651/2799/1651 3687/2835/3687 2589/2839/2589 551/2802/551
f 578/2838/578 1705/2842/1705 3688/2841/3688 2586/2837/2586
f 1705/2842/1705 186/2644/186 1706/2779/1706 3688/2841/3688
f 3688/2841/3688 1706/2779/1706 579/2784/579 2587/2843/2587
f 2586/2837/2586 3688/2841/3688 2587/2843/2587 859/2840/859
f 859/2840/859 2587/2843/2587 3689/2845/3689 2588/2844/2588
f 2587/2843/2587 579/2784/579 1707/2789/1707 3689/2845/3689
f 3689/2845/3689 1707/2789/1707 168/107/168 1174/2846/1174
f 2588/2844/2588 3689/2845/3689 1174/2846/1174 313/2847/313
f 551/2802/551 2589/2839/2589 3690/2848/3690 1650/2805/1650
f 2589/2839/2589 859/2840/859 2588/2844/2588 3690/2848/3690
f 3690/2848/3690 2588/2844/2588 313/2847/313 1175/2849/1175
f 1650/2805/1650 3690/2848/3690 1175/2849/1175 72/94/72
f 16/1214/16 1658/2851/1658 3691/2850/3691 1634/2666/1634
f 1658/2851/1658 555/2853/555 2590/2852/2590 3691/2850/3691
f 3691/2850/3691 2590/2852/2590 860/2855/860 2593/2854/2593
f 1634/2666/1634 3691/2850/3691 2593/2854/2593 543/2668/543
f 555/2853/555 1659/2857/1659 3692/2856/3692 2590/2852/2590
f 1659/2857/1659 163/1194/163 1708/2677/1708 3692/2856/3692
f 3692/2856/3692 1708/2677/1708 580/2682/580 2591/2858/2591
f 2590/2852/2590 3692/2856/3692 2591/2858/2591 860/2855/860
f 860/2855/860 2591/2858/2591 3693/2860/3693 2592/2859/2592
f 2591/2858/2591 580/2682/580 1709/2690/1709 3693/2860/3693
f 3693/2860/3693 1709/2690/1709 184/2580/184 1701/2861/1701
f 2592/2859/2592 3693/2860/3693 1701/2861/1701 576/2862/576
f 543/2668/543 2593/2854/2593 3694/2863/3694 1635/2671/1635
f 2593/2854/2593 860/2855/860 2592/2859/2592 3694/2863/3694
f 3694/2863/3694 2592/2859/2592 576/2862/576 1700/2864/1700
f 1635/2671/1635 3694/2863/3694 1700/2864/1700 154/2673/154
f 157/2816/157 1702/2866/1702 3695/2865/3695 1624/2815/1624
f 1702/2866/1702 577/2868/577 2594/2867/2594 3695/2865/3695
f 3695/2865/3695 2594/2867/2594 861/2870/861 2597/2869/2597
f 1624/2815/1624 3695/2865/3695 2597/2869/2597 538/2818/538
f 577/2868/577 1703/2872/1703 3696/2871/3696 2594/2867/2594
f 1703/2872/1703 185/2604/185 1710/2625/1710 3696/2871/3696
f 3696/2871/3696 1710/2625/1710 581/2630/581 2595/2873/2595
f 2594/2867/2594 3696/2871/3696 2595/2873/2595 861/2870/861
f 861/2870/861 2595/2873/2595 3697/2875/3697 2596/2874/2596
f 2595/2873/2595 581/2630/581 1711/2641/1711 3697/2875/3697
f 3697/2875/3697 1711/2641/1711 186/2644/186 1705/2842/1705
f 2596/2874/2596 3697/2875/3697 1705/2842/1705 578/2838/578
f 538/2818/538 2597/2869/2597 3698/2876/3698 1625/2821/1625
f 2597/2869/2597 861/2870/861 2596/2874/2596 3698/2876/3698
f 3698/2876/3698 2596/2874/2596 578/2838/578 1704/2836/1704
f 1625/2821/1625 3698/2876/3698 1704/2836/1704 160/2800/160
f 154/2673/154 1700/2864/1700 3699/2877/3699 1614/2828/1614
f 1700/2864/1700 576/2862/576 2598/2878/2598 3699/2877/3699
f 3699/2877/3699 2598/2878/2598 862/2880/862 2601/2879/2601
f 1614/2828/1614 3699/2877/3699 2601/2879/2601 533/2830/533
f 576/2862/576 1701/2861/1701 3700/2881/3700 2598/2878/2598
f 1701/2861/1701 184/2580/184 1712/2581/1712 3700/2881/3700
f 3700/2881/3700 1712/2581/1712 582/2588/582 2599/2882/2599
f 2598/2878/2598 3700/2881/3700 2599/2882/2599 862/2880/862
f 862/2880/862 2599/2882/2599 3701/2884/3701 2600/2883/2600
f 2599/2882/2599 582/2588/582 1713/2601/1713 3701/2884/3701
f 3701/2884/3701 1713/2601/1713 185/2604/185 1703/2872/1703
f 2600/2883/2600 3701/2884/3701 1703/2872/1703 577/2868/577
f 533/2830/533 2601/2879/2601 3702/2885/3702 1615/2833/1615
f 2601/2879/2601 862/2880/862 2600/2883/2600 3702/2885/3702
f 3702/2885/3702 2600/2883/2600 577/2868/577 1702/2866/1702
f 1615/2833/1615 3702/2885/3702 1702/2866/1702 157/2816/157
f 151/2541/151 1698/2887/1698 3703/2886/3703 1603/2540/1603
f 1698/2887/1698 575/2889/575 2602/2888/2602 3703/2886/3703
f 3703/2886/3703 2602/2888/2602 863/2891/863 2605/2890/2605
f 1603/2540/1603 3703/2886/3703 2605/2890/2605 527/2543/527
f 575/2889/575 1699/2893/1699 3704/2892/3704 2602/2888/2602
f 1699/2893/1699 183/2372/183 1714/2516/1714 3704/2892/3704
f 3704/2892/3704 1714/2516/1714 583/2521/583 2603/2894/2603
f 2602/2888/2602 3704/2892/3704 2603/2894/2603 863/2891/863
f 863/2891/863 2603/2894/2603 3705/2896/3705 2604/2895/2604
f 2603/2894/2603 583/2521/583 1715/2528/1715 3705/2896/3705
f 3705/2897/3705 1715/2531/1715 167/734/167 1166/2898/1166
f 2604/2895/2604 3705/2896/3705 1166/2900/1166 309/2899/309
f 527/2543/527 2605/2890/2605 3706/2901/3706 1602/2546/1602
f 2605/2890/2605 863/2891/863 2604/2895/2604 3706/2901/3706
f 3706/2901/3706 2604/2895/2604 309/2899/309 1167/2902/1167
f 1602/2546/1602 3706/2901/3706 1167/2902/1167 69/2548/69
f 33/587/33 1071/2904/1071 3707/2903/3707 1586/2394/1586
f 1071/2904/1071 261/2906/261 2606/2905/2606 3707/2903/3707
f 3707/2903/3707 2606/2905/2606 864/2908/864 2609/2907/2609
f 1586/2394/1586 3707/2903/3707 2609/2907/2609 519/2396/519
f 261/2906/261 1070/2910/1070 3708/2909/3708 2606/2905/2606
f 1070/2910/1070 165/567/165 1716/2405/1716 3708/2909/3708
f 3708/2909/3708 1716/2405/1716 584/2410/584 2607/2911/2607
f 2606/2905/2606 3708/2909/3708 2607/2911/2607 864/2908/864
f 864/2908/864 2607/2911/2607 3709/2913/3709 2608/2912/2608
f 2607/2911/2607 584/2410/584 1717/2418/1717 3709/2913/3709
f 3709/2913/3709 1717/2418/1717 181/2308/181 1695/2914/1695
f 2608/2912/2608 3709/2913/3709 1695/2914/1695 573/2915/573
f 519/2396/519 2609/2907/2609 3710/2916/3710 1587/2399/1587
f 2609/2907/2609 864/2908/864 2608/2912/2608 3710/2916/3710
f 3710/2916/3710 2608/2912/2608 573/2915/573 1694/2917/1694
f 1587/2399/1587 3710/2916/3710 1694/2917/1694 145/2401/145
f 148/2561/148 1696/2919/1696 3711/2918/3711 1576/2560/1576
f 1696/2919/1696 574/2921/574 2610/2920/2610 3711/2918/3711
f 3711/2918/3711 2610/2920/2610 865/2923/865 2613/2922/2613
f 1576/2560/1576 3711/2918/3711 2613/2922/2613 514/2563/514
f 574/2921/574 1697/2925/1697 3712/2924/3712 2610/2920/2610
f 1697/2925/1697 182/2332/182 1718/2353/1718 3712/2924/3712
f 3712/2924/3712 1718/2353/1718 585/2358/585 2611/2926/2611
f 2610/2920/2610 3712/2924/3712 2611/2926/2611 865/2923/865
f 865/2923/865 2611/2926/2611 3713/2928/3713 2612/2927/2612
f 2611/2926/2611 585/2358/585 1719/2369/1719 3713/2928/3713
f 3713/2928/3713 1719/2369/1719 183/2372/183 1699/2893/1699
f 2612/2927/2612 3713/2928/3713 1699/2893/1699 575/2889/575
f 514/2563/514 2613/2922/2613 3714/2929/3714 1577/2566/1577
f 2613/2922/2613 865/2923/865 2612/2927/2612 3714/2929/3714
f 3714/2929/3714 2612/2927/2612 575/2889/575 1698/2887/1698
f 1577/2566/1577 3714/2929/3714 1698/2887/1698 151/2541/151
f 145/2401/145 1694/2917/1694 3715/2930/3715 1566/2573/1566
f 1694/2917/1694 573/2915/573 2614/2931/2614 3715/2930/3715
f 3715/2930/3715 2614/2931/2614 866/2933/866 2617/2932/2617
f 1566/2573/1566 3715/2930/3715 2617/2932/2617 509/2575/509
f 573/2915/573 1695/2914/1695 3716/2934/3716 2614/2931/2614
f 1695/2914/1695 181/2308/181 1720/2309/1720 3716/2934/3716
f 3716/2934/3716 1720/2309/1720 586/2316/586 2615/2935/2615
f 2614/2931/2614 3716/2934/3716 2615/2935/2615 866/2933/866
f 866/2933/866 2615/2935/2615 3717/2937/3717 2616/2936/2616
f 2615/2935/2615 586/2316/586 1721/2329/1721 3717/2937/3717
f 3717/2937/3717 1721/2329/1721 182/2332/182 1697/2925/1697
f 2616/2936/2616 3717/2937/3717 1697/2925/1697 574/2921/574
f 509/2575/509 2617/2932/2617 3718/2938/3718 1567/2578/1567
f 2617/2932/2617 866/2933/866 2616/2936/2616 3718/2938/3718
f 3718/2938/3718 2616/2936/2616 574/2921/574 1696/2919/1696
f 1567/2578/1567 3718/2938/3718 1696/2919/1696 148/2561/148
f 106/1207/106 1692/2940/1692 3719/2939/3719 1363/1206/1363
f 1692/2940/1692 572/2942/572 2618/2941/2618 3719/2939/3719
f 3719/2939/3719 2618/2941/2618 867/2944/867 2621/2943/2621
f 1363/1206/1363 3719/2939/3719 2621/2943/2621 407/1209/407
f 572/2942/572 1693/2946/1693 3720/2945/3720 2618/2941/2618
f 1693/2946/1693 180/1015/180 1722/1179/1722 3720/2945/3720
f 3720/2945/3720 1722/1179/1722 587/1184/587 2619/2947/2619
f 2618/2941/2618 3720/2945/3720 2619/2947/2619 867/2944/867
f 867/2944/867 2619/2947/2619 3721/2949/3721 2620/2948/2620
f 2619/2947/2619 587/1184/587 1723/1191/1723 3721/2949/3721
f 3721/2949/3721 1723/1191/1723 163/1194/163 1659/2857/1659
f 2620/2948/2620 3721/2949/3721 1659/2857/1659 555/2853/555
f 407/1209/407 2621/2943/2621 3722/2950/3722 1362/1212/1362
f 2621/2943/2621 867/2944/867 2620/2948/2620 3722/2950/3722
f 3722/2950/3722 2620/2948/2620 555/2853/555 1658/2851/1658
f 1362/1212/1362 3722/2950/3722 1658/2851/1658 16/1214/16
f 42/910/42 1095/2952/1095 3723/2951/3723 1346/1039/1346
f 1095/2952/1095 273/2954/273 2622/2953/2622 3723/2951/3723
f 3723/2951/3723 2622/2953/2622 868/2956/868 2625/2955/2625
f 1346/1039/1346 3723/2951/3723 2625/2955/2625 399/1041/399
f 273/2954/273 1094/2958/1094 3724/2957/3724 2622/2953/2622
f 1094/2958/1094 166/890/166 1724/1052/1724 3724/2957/3724
f 3724/2957/3724 1724/1052/1724 588/1057/588 2623/2959/2623
f 2622/2953/2622 3724/2957/3724 2623/2959/2623 868/2956/868
f 868/2956/868 2623/2959/2623 3725/2961/3725 2624/2960/2624
f 2623/2959/2623 588/1057/588 1725/1065/1725 3725/2961/3725
f 3725/2961/3725 1725/1065/1725 178/951/178 1689/2962/1689
f 2624/2960/2624 3725/2961/3725 1689/2962/1689 570/2963/570
f 399/1041/399 2625/2955/2625 3726/2964/3726 1347/1044/1347
f 2625/2955/2625 868/2956/868 2624/2960/2624 3726/2964/3726
f 3726/2964/3726 2624/2960/2624 570/2963/570 1688/2965/1688
f 1347/1044/1347 3726/2964/3726 1688/2965/1688 100/1046/100
f 103/1232/103 1690/2967/1690 3727/2966/3727 1336/1231/1336
f 1690/2967/1690 571/2969/571 2626/2968/2626 3727/2966/3727
f 3727/2966/3727 2626/2968/2626 869/2971/869 2629/2970/2629
f 1336/1231/1336 3727/2966/3727 2629/2970/2629 394/1234/394
f 571/2969/571 1691/2973/1691 3728/2972/3728 2626/2968/2626
f 1691/2973/1691 179/975/179 1726/996/1726 3728/2972/3728
f 3728/2972/3728 1726/996/1726 589/1001/589 2627/2974/2627
f 2626/2968/2626 3728/2972/3728 2627/2974/2627 869/2971/869
f 869/2971/869 2627/2974/2627 3729/2976/3729 2628/2975/2628
f 2627/2974/2627 589/1001/589 1727/1012/1727 3729/2976/3729
f 3729/2976/3729 1727/1012/1727 180/1015/180 1693/2946/1693
f 2628/2975/2628 3729/2976/3729 1693/2946/1693 572/2942/572
f 394/1234/394 2629/2970/2629 3730/2977/3730 1337/1237/1337
f 2629/2970/2629 869/2971/869 2628/2975/2628 3730/2977/3730
f 3730/2977/3730 2628/2975/2628 572/2942/572 1692/2940/1692
f 1337/1237/1337 3730/2977/3730 1692/2940/1692 106/1207/106
f 100/1046/100 1688/2965/1688 3731/2978/3731 1326/1247/1326
f 1688/2965/1688 570/2963/570 2630/2979/2630 3731/2978/3731
f 3731/2978/3731 2630/2979/2630 870/2981/870 2633/2980/2633
f 1326/1247/1326 3731/2978/3731 2633/2980/2633 389/1249/389
f 570/2963/570 1689/2962/1689 3732/2982/3732 2630/2979/2630
f 1689/2962/1689 178/951/178 1728/952/1728 3732/2982/3732
f 3732/2982/3732 1728/952/1728 590/959/590 2631/2983/2631
f 2630/2979/2630 3732/2982/3732 2631/2983/2631 870/2981/870
f 870/2981/870 2631/2983/2631 3733/2985/3733 2632/2984/2632
f 2631/2983/2631 590/959/590 1729/972/1729 3733/2985/3733
f 3733/2985/3733 1729/972/1729 179/975/179 1691/2973/1691
f 2632/2984/2632 3733/2985/3733 1691/2973/1691 571/2969/571
f 389/1249/389 2633/2980/2633 3734/2986/3734 1327/1252/1327
f 2633/2980/2633 870/2981/870 2632/2984/2632 3734/2986/3734
f 3734/2986/3734 2632/2984/2632 571/2969/571 1690/2967/1690
f 1327/1252/1327 3734/2986/3734 1690/2967/1690 103/1232/103
f 97/903/97 1686/2988/1686 3735/2987/3735 1315/902/1315
f 1686/2988/1686 569/2990/569 2634/2989/2634 3735/2987/3735
f 3735/2987/3735 2634/2989/2634 871/2992/871 2637/2991/2637
f 1315/902/1315 3735/2987/3735 2637/2991/2637 383/905/383
f 569/2990/569 1687/2994/1687 3736/2993/3736 2634/2989/2634
f 1687/2994/1687 177/692/177 1730/875/1730 3736/2993/3736
f 3736/2993/3736 1730/875/1730 591/880/591 2635/2995/2635
f 2634/2989/2634 3736/2993/3736 2635/2995/2635 871/2992/871
f 871/2992/871 2635/2995/2635 3737/2997/3737 2636/2996/2636
f 2635/2995/2635 591/880/591 1731/887/1731 3737/2997/3737
f 3737/2997/3737 1731/887/1731 166/890/166 1094/2958/1094
f 2636/2996/2636 3737/2997/3737 1094/2958/1094 273/2954/273
f 383/905/383 2637/2991/2637 3738/2998/3738 1314/908/1314
f 2637/2991/2637 871/2992/871 2636/2996/2636 3738/2998/3738
f 3738/2998/3738 2636/2996/2636 273/2954/273 1095/2952/1095
f 1314/908/1314 3738/2998/3738 1095/2952/1095 42/910/42
f 69/721/69 1167/3000/1167 3739/2999/3739 1298/720/1298
f 1167/3000/1167 309/3002/309 2638/3001/2638 3739/2999/3739
f 3739/2999/3739 2638/3001/2638 872/3004/872 2641/3003/2641
f 1298/720/1298 3739/2999/3739 2641/3003/2641 375/723/375
f 309/3002/309 1166/2898/1166 3740/3005/3740 2638/3001/2638
f 1166/2898/1166 167/734/167 1732/735/1732 3740/3005/3740
f 3740/3005/3740 1732/735/1732 592/742/592 2639/3006/2639
f 2638/3001/2638 3740/3005/3740 2639/3006/2639 872/3004/872
f 872/3004/872 2639/3006/2639 3741/3008/3741 2640/3007/2640
f 2639/3006/2639 592/742/592 1733/752/1733 3741/3008/3741
f 3741/3008/3741 1733/752/1733 175/628/175 1683/3009/1683
f 2640/3007/2640 3741/3008/3741 1683/3009/1683 567/3010/567
f 375/723/375 2641/3003/2641 3742/3011/3742 1299/726/1299
f 2641/3003/2641 872/3004/872 2640/3007/2640 3742/3011/3742
f 3742/3011/3742 2640/3007/2640 567/3010/567 1682/3012/1682
f 1299/726/1299 3742/3011/3742 1682/3012/1682 91/728/91
f 94/928/94 1684/3014/1684 3743/3013/3743 1288/927/1288
f 1684/3014/1684 568/3016/568 2642/3015/2642 3743/3013/3743
f 3743/3013/3743 2642/3015/2642 873/3018/873 2645/3017/2645
f 1288/927/1288 3743/3013/3743 2645/3017/2645 370/930/370
f 568/3016/568 1685/3020/1685 3744/3019/3744 2642/3015/2642
f 1685/3020/1685 176/652/176 1734/673/1734 3744/3019/3744
f 3744/3019/3744 1734/673/1734 593/678/593 2643/3021/2643
f 2642/3015/2642 3744/3019/3744 2643/3021/2643 873/3018/873
f 873/3018/873 2643/3021/2643 3745/3023/3745 2644/3022/2644
f 2643/3021/2643 593/678/593 1735/689/1735 3745/3023/3745
f 3745/3023/3745 1735/689/1735 177/692/177 1687/2994/1687
f 2644/3022/2644 3745/3023/3745 1687/2994/1687 569/2990/569
f 370/930/370 2645/3017/2645 3746/3024/3746 1289/933/1289
f 2645/3017/2645 873/3018/873 2644/3022/2644 3746/3024/3746
f 3746/3024/3746 2644/3022/2644 569/2990/569 1686/2988/1686
f 1289/933/1289 3746/3024/3746 1686/2988/1686 97/903/97
f 91/728/91 1682/3012/1682 3747/3025/3747 1278/943/1278
f 1682/3012/1682 567/3010/567 2646/3026/2646 3747/3025/3747
f 3747/3025/3747 2646/3026/2646 874/3028/874 2649/3027/2649
f 1278/943/1278 3747/3025/3747 2649/3027/2649 365/945/365
f 567/3010/567 1683/3009/1683 3748/3029/3748 2646/3026/2646
f 1683/3009/1683 175/628/175 1736/629/1736 3748/3029/3748
f 3748/3029/3748 1736/629/1736 594/636/594 2647/3030/2647
f 2646/3026/2646 3748/3029/3748 2647/3030/2647 874/3028/874
f 874/3028/874 2647/3030/2647 3749/3032/3749 2648/3031/2648
f 2647/3030/2647 594/636/594 1737/649/1737 3749/3032/3749
f 3749/3032/3749 1737/649/1737 176/652/176 1685/3020/1685
f 2648/3031/2648 3749/3032/3749 1685/3020/1685 568/3016/568
f 365/945/365 2649/3027/2649 3750/3033/3750 1279/948/1279
f 2649/3027/2649 874/3028/874 2648/3031/2648 3750/3033/3750
f 3750/3033/3750 2648/3031/2648 568/3016/568 1684/3014/1684
f 1279/948/1279 3750/3033/3750 1684/3014/1684 94/928/94
f 88/580/88 1680/3035/1680 3751/3034/3751 1267/579/1267
f 1680/3035/1680 566/3037/566 2650/3036/2650 3751/3034/3751
f 3751/3034/3751 2650/3036/2650 875/3039/875 2653/3038/2653
f 1267/579/1267 3751/3034/3751 2653/3038/2653 359/582/359
f 566/3037/566 1681/3041/1681 3752/3040/3752 2650/3036/2650
f 1681/3041/1681 174/388/174 1738/552/1738 3752/3040/3752
f 3752/3040/3752 1738/552/1738 595/557/595 2651/3042/2651
f 2650/3036/2650 3752/3040/3752 2651/3042/2651 875/3039/875
f 875/3039/875 2651/3042/2651 3753/3044/3753 2652/3043/2652
f 2651/3042/2651 595/557/595 1739/564/1739 3753/3044/3753
f 3753/3044/3753 1739/564/1739 165/567/165 1070/2910/1070
f 2652/3043/2652 3753/3044/3753 1070/2910/1070 261/2906/261
f 359/582/359 2653/3038/2653 3754/3045/3754 1266/585/1266
f 2653/3038/2653 875/3039/875 2652/3043/2652 3754/3045/3754
f 3754/3045/3754 2652/3043/2652 261/2906/261 1071/2904/1071
f 1266/585/1266 3754/3045/3754 1071/2904/1071 33/587/33
f 24/283/24 1047/3047/1047 3755/3046/3755 1250/412/1250
f 1047/3047/1047 249/3049/249 2654/3048/2654 3755/3046/3755
f 3755/3046/3755 2654/3048/2654 876/3051/876 2657/3050/2657
f 1250/412/1250 3755/3046/3755 2657/3050/2657 351/414/351
f 249/3049/249 1046/3053/1046 3756/3052/3756 2654/3048/2654
f 1046/3053/1046 164/263/164 1740/425/1740 3756/3052/3756
f 3756/3052/3756 1740/425/1740 596/430/596 2655/3054/2655
f 2654/3048/2654 3756/3052/3756 2655/3054/2655 876/3051/876
f 876/3051/876 2655/3054/2655 3757/3056/3757 2656/3055/2656
f 2655/3054/2655 596/430/596 1741/438/1741 3757/3056/3757
f 3757/3056/3757 1741/438/1741 172/324/172 1677/3057/1677
f 2656/3055/2656 3757/3056/3757 1677/3057/1677 564/3058/564
f 351/414/351 2657/3050/2657 3758/3059/3758 1251/417/1251
f 2657/3050/2657 876/3051/876 2656/3055/2656 3758/3059/3758
f 3758/3059/3758 2656/3055/2656 564/3058/564 1676/3060/1676
f 1251/417/1251 3758/3059/3758 1676/3060/1676 82/419/82
f 85/605/85 1678/3062/1678 3759/3061/3759 1240/604/1240
f 1678/3062/1678 565/3064/565 2658/3063/2658 3759/3061/3759
f 3759/3061/3759 2658/3063/2658 877/3066/877 2661/3065/2661
f 1240/604/1240 3759/3061/3759 2661/3065/2661 346/607/346
f 565/3064/565 1679/3068/1679 3760/3067/3760 2658/3063/2658
f 1679/3068/1679 173/348/173 1742/369/1742 3760/3067/3760
f 3760/3067/3760 1742/369/1742 597/374/597 2659/3069/2659
f 2658/3063/2658 3760/3067/3760 2659/3069/2659 877/3066/877
f 877/3066/877 2659/3069/2659 3761/3071/3761 2660/3070/2660
f 2659/3069/2659 597/374/597 1743/385/1743 3761/3071/3761
f 3761/3071/3761 1743/385/1743 174/388/174 1681/3041/1681
f 2660/3070/2660 3761/3071/3761 1681/3041/1681 566/3037/566
f 346/607/346 2661/3065/2661 3762/3072/3762 1241/610/1241
f 2661/3065/2661 877/3066/877 2660/3070/2660 3762/3072/3762
f 3762/3072/3762 2660/3070/2660 566/3037/566 1680/3035/1680
f 1241/610/1241 3762/3072/3762 1680/3035/1680 88/580/88
f 82/419/82 1676/3060/1676 3763/3073/3763 1230/620/1230
f 1676/3060/1676 564/3058/564 2662/3074/2662 3763/3073/3763
f 3763/3073/3763 2662/3074/2662 878/3076/878 2665/3075/2665
f 1230/620/1230 3763/3073/3763 2665/3075/2665 341/622/341
f 564/3058/564 1677/3057/1677 3764/3077/3764 2662/3074/2662
f 1677/3057/1677 172/324/172 1744/325/1744 3764/3077/3764
f 3764/3077/3764 1744/325/1744 598/332/598 2663/3078/2663
f 2662/3074/2662 3764/3077/3764 2663/3078/2663 878/3076/878
f 878/3076/878 2663/3078/2663 3765/3080/3765 2664/3079/2664
f 2663/3078/2663 598/332/598 1745/345/1745 3765/3080/3765
f 3765/3080/3765 1745/345/1745 173/348/173 1679/3068/1679
f 2664/3079/2664 3765/3080/3765 1679/3068/1679 565/3064/565
f 341/622/341 2665/3075/2665 3766/3081/3766 1231/625/1231
f 2665/3075/2665 878/3076/878 2664/3079/2664 3766/3081/3766
f 3766/3081/3766 2664/3079/2664 565/3064/565 1678/3062/1678
f 1231/625/1231 3766/3081/3766 1678/3062/1678 85/605/85
f 79/276/79 1674/3083/1674 3767/3082/3767 1219/275/1219
f 1674/3083/1674 563/3085/563 2666/3084/2666 3767/3082/3767
f 3767/3082/3767 2666/3084/2666 879/3087/879 2669/3086/2669
f 1219/275/1219 3767/3082/3767 2669/3086/2669 335/278/335
f 563/3085/563 1675/3089/1675 3768/3088/3768 2666/3084/2666
f 1675/3089/1675 171/65/171 1746/248/1746 3768/3088/3768
f 3768/3088/3768 1746/248/1746 599/253/599 2667/3090/2667
f 2666/3084/2666 3768/3088/3768 2667/3090/2667 879/3087/879
f 879/3087/879 2667/3090/2667 3769/3092/3769 2668/3091/2668
f 2667/3090/2667 599/253/599 1747/260/1747 3769/3092/3769
f 3769/3092/3769 1747/260/1747 164/263/164 1046/3053/1046
f 2668/3091/2668 3769/3092/3769 1046/3053/1046 249/3049/249
f 335/278/335 2669/3086/2669 3770/3093/3770 1218/281/1218
f 2669/3086/2669 879/3087/879 2668/3091/2668 3770/3093/3770
f 3770/3093/3770 2668/3091/2668 249/3049/249 1047/3047/1047
f 1218/281/1218 3770/3093/3770 1047/3047/1047 24/283/24
f 72/94/72 1175/2849/1175 3771/3094/3771 1202/93/1202
f 1175/2849/1175 313/2847/313 2670/3095/2670 3771/3094/3771
f 3771/3094/3771 2670/3095/2670 880/3097/880 2673/3096/2673
f 1202/93/1202 3771/3094/3771 2673/3096/2673 327/96/327
f 313/2847/313 1174/2846/1174 3772/3098/3772 2670/3095/2670
f 1174/2846/1174 168/107/168 1748/108/1748 3772/3098/3772
f 3772/3098/3772 1748/108/1748 600/115/600 2671/3099/2671
f 2670/3095/2670 3772/3098/3772 2671/3099/2671 880/3097/880
f 880/3097/880 2671/3099/2671 3773/3101/3773 2672/3100/2672
f 2671/3099/2671 600/115/600 1749/125/1749 3773/3101/3773
f 3773/3101/3773 1749/125/1749 169/1/169 1671/3102/1671
f 2672/3100/2672 3773/3101/3773 1671/3102/1671 561/3103/561
f 327/96/327 2673/3096/2673 3774/3104/3774 1203/99/1203
f 2673/3096/2673 880/3097/880 2672/3100/2672 3774/3104/3774
f 3774/3104/3774 2672/3100/2672 561/3103/561 1670/3105/1670
f 1203/99/1203 3774/3104/3774 1670/3105/1670 73/101/73
f 76/301/76 1672/3107/1672 3775/3106/3775 1192/300/1192
f 1672/3107/1672 562/3109/562 2674/3108/2674 3775/3106/3775
f 3775/3106/3775 2674/3108/2674 881/3111/881 2677/3110/2677
f 1192/300/1192 3775/3106/3775 2677/3110/2677 322/303/322
f 562/3109/562 1673/3113/1673 3776/3112/3776 2674/3108/2674
f 1673/3113/1673 170/25/170 1750/46/1750 3776/3112/3776
f 3776/3112/3776 1750/46/1750 601/51/601 2675/3114/2675
f 2674/3108/2674 3776/3112/3776 2675/3114/2675 881/3111/881
f 881/3111/881 2675/3114/2675 3777/3116/3777 2676/3115/2676
f 2675/3114/2675 601/51/601 1751/62/1751 3777/3116/3777
f 3777/3116/3777 1751/62/1751 171/65/171 1675/3089/1675
f 2676/3115/2676 3777/3116/3777 1675/3089/1675 563/3085/563
f 322/303/322 2677/3110/2677 3778/3117/3778 1193/306/1193
f 2677/3110/2677 881/3111/881 2676/3115/2676 3778/3117/3778
f 3778/3117/3778 2676/3115/2676 563/3085/563 1674/3083/1674
f 1193/306/1193 3778/3117/3778 1674/3083/1674 79/276/79
f 73/101/73 1670/3105/1670 3779/3118/3779 1182/316/1182
f 1670/3105/1670 561/3103/561 2678/3119/2678 3779/3118/3779
f 3779/3118/3779 2678/3119/2678 882/3121/882 2681/3120/2681
f 1182/316/1182 3779/3118/3779 2681/3120/2681 317/318/317
f 561/3103/561 1671/3102/1671 3780/3122/3780 2678/3119/2678
f 1671/3102/1671 169/1/169 1752/2/1752 3780/3122/3780
f 3780/3122/3780 1752/2/1752 602/9/602 2679/3123/2679
f 2678/3119/2678 3780/3122/3780 2679/3123/2679 882/3121/882
f 882/3121/882 2679/3123/2679 3781/3125/3781 2680/3124/2680
f 2679/3123/2679 602/9/602 1753/22/1753 3781/3125/3781
f 3781/3125/3781 1753/22/1753 170/25/170 1673/3113/1673
f 2680/3124/2680 3781/3125/3781 1673/3113/1673 562/3109/562
f 317/318/317 2681/3120/2681 3782/3126/3782 1183/321/1183
f 2681/3120/2681 882/3121/882 2680/3124/2680 3782/3126/3782
f 3782/3126/3782 2680/3124/2680 562/3109/562 1672/3107/1672
f 1183/321/1183 3782/3126/3782 1672/3107/1672 76/301/76
f 162/2657/162 1645/3128/1645 3783/3127/3783 1647/2771/1647
f 1645/3128/1645 548/3130/548 2682/3129/2682 3783/3127/3783
f 3783/3127/3783 2682/3129/2682 883/3132/883 2685/3131/2685
f 1647/2771/1647 3783/3127/3783 2685/3131/2685 549/2773/549
f 548/3130/548 1644/3134/1644 3784/3133/3784 2682/3129/2682
f 1644/3134/1644 210/3136/210 1802/3135/1802 3784/3133/3784
f 3784/3133/3784 1802/3135/1802 627/3138/627 2683/3137/2683
f 2682/3129/2682 3784/3133/3784 2683/3137/2683 883/3132/883
f 883/3132/883 2683/3137/2683 3785/3140/3785 2684/3139/2684
f 2683/3137/2683 627/3138/627 1803/3141/1803 3785/3140/3785
f 3785/3140/3785 1803/3141/1803 192/3143/192 1170/3142/1170
f 2684/3139/2684 3785/3140/3785 1170/3142/1170 311/3144/311
f 549/2773/549 2685/3131/2685 3786/3145/3786 1646/2776/1646
f 2685/3131/2685 883/3132/883 2684/3139/2684 3786/3145/3786
f 3786/3145/3786 2684/3139/2684 311/3144/311 1171/3146/1171
f 1646/2776/1646 3786/3145/3786 1171/3146/1171 70/136/70
f 159/2621/159 1643/3148/1643 3787/3147/3787 1628/2650/1628
f 1643/3148/1643 547/3150/547 2686/3149/2686 3787/3147/3787
f 3787/3147/3787 2686/3149/2686 884/3152/884 2689/3151/2689
f 1628/2650/1628 3787/3147/3787 2689/3151/2689 540/2652/540
f 547/3150/547 1642/3154/1642 3788/3153/3788 2686/3149/2686
f 1642/3154/1642 209/3156/209 1804/3155/1804 3788/3153/3788
f 3788/3153/3788 1804/3155/1804 628/3158/628 2687/3157/2687
f 2686/3149/2686 3788/3153/3788 2687/3157/2687 884/3152/884
f 884/3152/884 2687/3157/2687 3789/3160/3789 2688/3159/2688
f 2687/3157/2687 628/3158/628 1805/3161/1805 3789/3160/3789
f 3789/3160/3789 1805/3161/1805 210/3136/210 1644/3134/1644
f 2688/3159/2688 3789/3160/3789 1644/3134/1644 548/3130/548
f 540/2652/540 2689/3151/2689 3790/3162/3790 1629/2655/1629
f 2689/3151/2689 884/3152/884 2688/3159/2688 3790/3162/3790
f 3790/3162/3790 2688/3159/2688 548/3130/548 1645/3128/1645
f 1629/2655/1629 3790/3162/3790 1645/3128/1645 162/2657/162
f 156/2614/156 1641/3164/1641 3791/3163/3791 1618/2613/1618
f 1641/3164/1641 546/3166/546 2690/3165/2690 3791/3163/3791
f 3791/3163/3791 2690/3165/2690 885/3168/885 2693/3167/2693
f 1618/2613/1618 3791/3163/3791 2693/3167/2693 535/2616/535
f 546/3166/546 1640/3170/1640 3792/3169/3792 2690/3165/2690
f 1640/3170/1640 208/3172/208 1806/3171/1806 3792/3169/3792
f 3792/3169/3792 1806/3171/1806 629/3174/629 2691/3173/2691
f 2690/3165/2690 3792/3169/3792 2691/3173/2691 885/3168/885
f 885/3168/885 2691/3173/2691 3793/3176/3793 2692/3175/2692
f 2691/3173/2691 629/3174/629 1807/3177/1807 3793/3176/3793
f 3793/3176/3793 1807/3177/1807 209/3156/209 1642/3154/1642
f 2692/3175/2692 3793/3176/3793 1642/3154/1642 547/3150/547
f 535/2616/535 2693/3167/2693 3794/3178/3794 1619/2619/1619
f 2693/3167/2693 885/3168/885 2692/3175/2692 3794/3178/3794
f 3794/3178/3794 2692/3175/2692 547/3150/547 1643/3148/1643
f 1619/2619/1619 3794/3178/3794 1643/3148/1643 159/2621/159
f 18/1173/18 1754/3180/1754 3795/3179/3795 1638/2697/1638
f 1754/3180/1754 603/3182/603 2694/3181/2694 3795/3179/3795
f 3795/3179/3795 2694/3181/2694 886/3184/886 2697/3183/2697
f 1638/2697/1638 3795/3179/3795 2697/3183/2697 545/2699/545
f 603/3182/603 1755/3186/1755 3796/3185/3796 2694/3181/2694
f 1755/3186/1755 187/3188/187 1808/3187/1808 3796/3185/3796
f 3796/3185/3796 1808/3187/1808 630/3190/630 2695/3189/2695
f 2694/3181/2694 3796/3185/3796 2695/3189/2695 886/3184/886
f 886/3184/886 2695/3189/2695 3797/3192/3797 2696/3191/2696
f 2695/3189/2695 630/3190/630 1809/3193/1809 3797/3192/3797
f 3797/3192/3797 1809/3193/1809 208/3172/208 1640/3170/1640
f 2696/3191/2696 3797/3192/3797 1640/3170/1640 546/3166/546
f 545/2699/545 2697/3183/2697 3798/3194/3798 1639/2702/1639
f 2697/3183/2697 886/3184/886 2696/3191/2696 3798/3194/3798
f 3798/3194/3798 2696/3191/2696 546/3166/546 1641/3164/1641
f 1639/2702/1639 3798/3194/3798 1641/3164/1641 156/2614/156
f 153/2385/153 1597/3196/1597 3799/3195/3799 1599/2503/1599
f 1597/3196/1597 524/3198/524 2698/3197/2698 3799/3195/3799
f 3799/3195/3799 2698/3197/2698 887/3200/887 2701/3199/2701
f 1599/2503/1599 3799/3195/3799 2701/3199/2701 525/2505/525
f 524/3198/524 1596/3202/1596 3800/3201/3800 2698/3197/2698
f 1596/3202/1596 207/3204/207 1810/3203/1810 3800/3201/3800
f 3800/3201/3800 1810/3203/1810 631/3206/631 2699/3205/2699
f 2698/3197/2698 3800/3201/3800 2699/3205/2699 887/3200/887
f 887/3200/887 2699/3205/2699 3801/3208/3801 2700/3207/2700
f 2699/3205/2699 631/3206/631 1811/3209/1811 3801/3208/3801
f 3801/3210/3801 1811/3213/1811 191/3212/191 1162/3211/1162
f 2700/3214/2700 3801/3210/3801 1162/3211/1162 307/3215/307
f 525/2505/525 2701/3199/2701 3802/3216/3802 1598/2508/1598
f 2701/3199/2701 887/3200/887 2700/3207/2700 3802/3216/3802
f 3802/3217/3802 2700/3214/2700 307/3215/307 1163/3218/1163
f 1598/2510/1598 3802/3217/3802 1163/3218/1163 67/763/67
f 150/2349/150 1595/3220/1595 3803/3219/3803 1580/2378/1580
f 1595/3220/1595 523/3222/523 2702/3221/2702 3803/3219/3803
f 3803/3219/3803 2702/3221/2702 888/3224/888 2705/3223/2705
f 1580/2378/1580 3803/3219/3803 2705/3223/2705 516/2380/516
f 523/3222/523 1594/3226/1594 3804/3225/3804 2702/3221/2702
f 1594/3226/1594 206/3228/206 1812/3227/1812 3804/3225/3804
f 3804/3225/3804 1812/3227/1812 632/3230/632 2703/3229/2703
f 2702/3221/2702 3804/3225/3804 2703/3229/2703 888/3224/888
f 888/3224/888 2703/3229/2703 3805/3232/3805 2704/3231/2704
f 2703/3229/2703 632/3230/632 1813/3233/1813 3805/3232/3805
f 3805/3232/3805 1813/3233/1813 207/3204/207 1596/3202/1596
f 2704/3231/2704 3805/3232/3805 1596/3202/1596 524/3198/524
f 516/2380/516 2705/3223/2705 3806/3234/3806 1581/2383/1581
f 2705/3223/2705 888/3224/888 2704/3231/2704 3806/3234/3806
f 3806/3234/3806 2704/3231/2704 524/3198/524 1597/3196/1597
f 1581/2383/1581 3806/3234/3806 1597/3196/1597 153/2385/153
f 147/2342/147 1593/3236/1593 3807/3235/3807 1570/2341/1570
f 1593/3236/1593 522/3238/522 2706/3237/2706 3807/3235/3807
f 3807/3235/3807 2706/3237/2706 889/3240/889 2709/3239/2709
f 1570/2341/1570 3807/3235/3807 2709/3239/2709 511/2344/511
f 522/3238/522 1592/3242/1592 3808/3241/3808 2706/3237/2706
f 1592/3242/1592 205/3244/205 1814/3243/1814 3808/3241/3808
f 3808/3241/3808 1814/3243/1814 633/3246/633 2707/3245/2707
f 2706/3237/2706 3808/3241/3808 2707/3245/2707 889/3240/889
f 889/3240/889 2707/3245/2707 3809/3248/3809 2708/3247/2708
f 2707/3245/2707 633/3246/633 1815/3249/1815 3809/3248/3809
f 3809/3248/3809 1815/3249/1815 206/3228/206 1594/3226/1594
f 2708/3247/2708 3809/3248/3809 1594/3226/1594 523/3222/523
f 511/2344/511 2709/3239/2709 3810/3250/3810 1571/2347/1571
f 2709/3239/2709 889/3240/889 2708/3247/2708 3810/3250/3810
f 3810/3250/3810 2708/3247/2708 523/3222/523 1595/3220/1595
f 1571/2347/1571 3810/3250/3810 1595/3220/1595 150/2349/150
f 31/546/31 1067/3252/1067 3811/3251/3811 1590/2425/1590
f 1067/3252/1067 259/3254/259 2710/3253/2710 3811/3251/3811
f 3811/3251/3811 2710/3253/2710 890/3256/890 2713/3255/2713
f 1590/2425/1590 3811/3251/3811 2713/3255/2713 521/2427/521
f 259/3254/259 1066/3258/1066 3812/3257/3812 2710/3253/2710
f 1066/3258/1066 189/3260/189 1816/3259/1816 3812/3257/3812
f 3812/3257/3812 1816/3259/1816 634/3262/634 2711/3261/2711
f 2710/3253/2710 3812/3257/3812 2711/3261/2711 890/3256/890
f 890/3256/890 2711/3261/2711 3813/3264/3813 2712/3263/2712
f 2711/3261/2711 634/3262/634 1817/3265/1817 3813/3264/3813
f 3813/3264/3813 1817/3265/1817 205/3244/205 1592/3242/1592
f 2712/3263/2712 3813/3264/3813 1592/3242/1592 522/3238/522
f 521/2427/521 2713/3255/2713 3814/3266/3814 1591/2430/1591
f 2713/3255/2713 890/3256/890 2712/3263/2712 3814/3266/3814
f 3814/3266/3814 2712/3263/2712 522/3238/522 1593/3236/1593
f 1591/2430/1591 3814/3266/3814 1593/3236/1593 147/2342/147
f 108/1028/108 1357/3268/1357 3815/3267/3815 1359/1166/1359
f 1357/3268/1357 404/3270/404 2714/3269/2714 3815/3267/3815
f 3815/3267/3815 2714/3269/2714 891/3272/891 2717/3271/2717
f 1359/1166/1359 3815/3267/3815 2717/3271/2717 405/1168/405
f 404/3270/404 1356/3274/1356 3816/3273/3816 2714/3269/2714
f 1356/3274/1356 204/3276/204 1818/3275/1818 3816/3273/3816
f 3816/3273/3816 1818/3275/1818 635/3278/635 2715/3277/2715
f 2714/3269/2714 3816/3273/3816 2715/3277/2715 891/3272/891
f 891/3272/891 2715/3277/2715 3817/3280/3817 2716/3279/2716
f 2715/3277/2715 635/3278/635 1819/3281/1819 3817/3280/3817
f 3817/3280/3817 1819/3281/1819 187/3188/187 1755/3186/1755
f 2716/3279/2716 3817/3280/3817 1755/3186/1755 603/3182/603
f 405/1168/405 2717/3271/2717 3818/3282/3818 1358/1171/1358
f 2717/3271/2717 891/3272/891 2716/3279/2716 3818/3282/3818
f 3818/3282/3818 2716/3279/2716 603/3182/603 1754/3180/1754
f 1358/1171/1358 3818/3282/3818 1754/3180/1754 18/1173/18
f 105/992/105 1355/3284/1355 3819/3283/3819 1340/1021/1340
f 1355/3284/1355 403/3286/403 2718/3285/2718 3819/3283/3819
f 3819/3283/3819 2718/3285/2718 892/3288/892 2721/3287/2721
f 1340/1021/1340 3819/3283/3819 2721/3287/2721 396/1023/396
f 403/3286/403 1354/3290/1354 3820/3289/3820 2718/3285/2718
f 1354/3290/1354 203/3292/203 1820/3291/1820 3820/3289/3820
f 3820/3289/3820 1820/3291/1820 636/3294/636 2719/3293/2719
f 2718/3285/2718 3820/3289/3820 2719/3293/2719 892/3288/892
f 892/3288/892 2719/3293/2719 3821/3296/3821 2720/3295/2720
f 2719/3293/2719 636/3294/636 1821/3297/1821 3821/3296/3821
f 3821/3296/3821 1821/3297/1821 204/3276/204 1356/3274/1356
f 2720/3295/2720 3821/3296/3821 1356/3274/1356 404/3270/404
f 396/1023/396 2721/3287/2721 3822/3298/3822 1341/1026/1341
f 2721/3287/2721 892/3288/892 2720/3295/2720 3822/3298/3822
f 3822/3298/3822 2720/3295/2720 404/3270/404 1357/3268/1357
f 1341/1026/1341 3822/3298/3822 1357/3268/1357 108/1028/108
f 102/985/102 1353/3300/1353 3823/3299/3823 1330/984/1330
f 1353/3300/1353 402/3302/402 2722/3301/2722 3823/3299/3823
f 3823/3299/3823 2722/3301/2722 893/3304/893 2725/3303/2725
f 1330/984/1330 3823/3299/3823 2725/3303/2725 391/987/391
f 402/3302/402 1352/3306/1352 3824/3305/3824 2722/3301/2722
f 1352/3306/1352 202/3308/202 1822/3307/1822 3824/3305/3824
f 3824/3305/3824 1822/3307/1822 637/3310/637 2723/3309/2723
f 2722/3301/2722 3824/3305/3824 2723/3309/2723 893/3304/893
f 893/3304/893 2723/3309/2723 3825/3312/3825 2724/3311/2724
f 2723/3309/2723 637/3310/637 1823/3313/1823 3825/3312/3825
f 3825/3312/3825 1823/3313/1823 203/3292/203 1354/3290/1354
f 2724/3311/2724 3825/3312/3825 1354/3290/1354 403/3286/403
f 391/987/391 2725/3303/2725 3826/3314/3826 1331/990/1331
f 2725/3303/2725 893/3304/893 2724/3311/2724 3826/3314/3826
f 3826/3314/3826 2724/3311/2724 403/3286/403 1355/3284/1355
f 1331/990/1331 3826/3314/3826 1355/3284/1355 105/992/105
f 40/869/40 1091/3316/1091 3827/3315/3827 1350/1072/1350
f 1091/3316/1091 271/3318/271 2726/3317/2726 3827/3315/3827
f 3827/3315/3827 2726/3317/2726 894/3320/894 2729/3319/2729
f 1350/1072/1350 3827/3315/3827 2729/3319/2729 401/1074/401
f 271/3318/271 1090/3322/1090 3828/3321/3828 2726/3317/2726
f 1090/3322/1090 190/3324/190 1824/3323/1824 3828/3321/3828
f 3828/3321/3828 1824/3323/1824 638/3326/638 2727/3325/2727
f 2726/3317/2726 3828/3321/3828 2727/3325/2727 894/3320/894
f 894/3320/894 2727/3325/2727 3829/3328/3829 2728/3327/2728
f 2727/3325/2727 638/3326/638 1825/3329/1825 3829/3328/3829
f 3829/3328/3829 1825/3329/1825 202/3308/202 1352/3306/1352
f 2728/3327/2728 3829/3328/3829 1352/3306/1352 402/3302/402
f 401/1074/401 2729/3319/2729 3830/3330/3830 1351/1077/1351
f 2729/3319/2729 894/3320/894 2728/3327/2728 3830/3330/3830
f 3830/3330/3830 2728/3327/2728 402/3302/402 1353/3300/1353
f 1351/1077/1351 3830/3330/3830 1353/3300/1353 102/985/102
f 99/705/99 1309/3332/1309 3831/3331/3831 1311/862/1311
f 1309/3332/1309 380/3334/380 2730/3333/2730 3831/3331/3831
f 3831/3331/3831 2730/3333/2730 895/3336/895 2733/3335/2733
f 1311/862/1311 3831/3331/3831 2733/3335/2733 381/864/381
f 380/3334/380 1308/3338/1308 3832/3337/3832 2730/3333/2730
f 1308/3338/1308 201/3340/201 1826/3339/1826 3832/3337/3832
f 3832/3337/3832 1826/3339/1826 639/3342/639 2731/3341/2731
f 2730/3333/2730 3832/3337/3832 2731/3341/2731 895/3336/895
f 895/3336/895 2731/3341/2731 3833/3344/3833 2732/3343/2732
f 2731/3341/2731 639/3342/639 1827/3345/1827 3833/3344/3833
f 3833/3344/3833 1827/3345/1827 190/3324/190 1090/3322/1090
f 2732/3343/2732 3833/3344/3833 1090/3322/1090 271/3318/271
f 381/864/381 2733/3335/2733 3834/3346/3834 1310/867/1310
f 2733/3335/2733 895/3336/895 2732/3343/2732 3834/3346/3834
f 3834/3346/3834 2732/3343/2732 271/3318/271 1091/3316/1091
f 1310/867/1310 3834/3346/3834 1091/3316/1091 40/869/40
f 96/669/96 1307/3348/1307 3835/3347/3835 1292/698/1292
f 1307/3348/1307 379/3350/379 2734/3349/2734 3835/3347/3835
f 3835/3347/3835 2734/3349/2734 896/3352/896 2737/3351/2737
f 1292/698/1292 3835/3347/3835 2737/3351/2737 372/700/372
f 379/3350/379 1306/3354/1306 3836/3353/3836 2734/3349/2734
f 1306/3354/1306 200/3356/200 1828/3355/1828 3836/3353/3836
f 3836/3353/3836 1828/3355/1828 640/3358/640 2735/3357/2735
f 2734/3349/2734 3836/3353/3836 2735/3357/2735 896/3352/896
f 896/3352/896 2735/3357/2735 3837/3360/3837 2736/3359/2736
f 2735/3357/2735 640/3358/640 1829/3361/1829 3837/3360/3837
f 3837/3360/3837 1829/3361/1829 201/3340/201 1308/3338/1308
f 2736/3359/2736 3837/3360/3837 1308/3338/1308 380/3334/380
f 372/700/372 2737/3351/2737 3838/3362/3838 1293/703/1293
f 2737/3351/2737 896/3352/896 2736/3359/2736 3838/3362/3838
f 3838/3362/3838 2736/3359/2736 380/3334/380 1309/3332/1309
f 1293/703/1293 3838/3362/3838 1309/3332/1309 99/705/99
f 93/662/93 1305/3364/1305 3839/3363/3839 1282/661/1282
f 1305/3364/1305 378/3366/378 2738/3365/2738 3839/3363/3839
f 3839/3363/3839 2738/3365/2738 897/3368/897 2741/3367/2741
f 1282/661/1282 3839/3363/3839 2741/3367/2741 367/664/367
f 378/3366/378 1304/3370/1304 3840/3369/3840 2738/3365/2738
f 1304/3370/1304 199/3372/199 1830/3371/1830 3840/3369/3840
f 3840/3369/3840 1830/3371/1830 641/3374/641 2739/3373/2739
f 2738/3365/2738 3840/3369/3840 2739/3373/2739 897/3368/897
f 897/3368/897 2739/3373/2739 3841/3376/3841 2740/3375/2740
f 2739/3373/2739 641/3374/641 1831/3377/1831 3841/3376/3841
f 3841/3376/3841 1831/3377/1831 200/3356/200 1306/3354/1306
f 2740/3375/2740 3841/3376/3841 1306/3354/1306 379/3350/379
f 367/664/367 2741/3367/2741 3842/3378/3842 1283/667/1283
f 2741/3367/2741 897/3368/897 2740/3375/2740 3842/3378/3842
f 3842/3378/3842 2740/3375/2740 379/3350/379 1307/3348/1307
f 1283/667/1283 3842/3378/3842 1307/3348/1307 96/669/96
f 67/763/67 1163/3218/1163 3843/3379/3843 1302/762/1302
f 1163/3218/1163 307/3215/307 2742/3380/2742 3843/3379/3843
f 3843/3379/3843 2742/3380/2742 898/3382/898 2745/3381/2745
f 1302/762/1302 3843/3379/3843 2745/3381/2745 377/765/377
f 307/3215/307 1162/3211/1162 3844/3383/3844 2742/3380/2742
f 1162/3211/1162 191/3212/191 1832/3384/1832 3844/3383/3844
f 3844/3383/3844 1832/3384/1832 642/3386/642 2743/3385/2743
f 2742/3380/2742 3844/3383/3844 2743/3385/2743 898/3382/898
f 898/3382/898 2743/3385/2743 3845/3388/3845 2744/3387/2744
f 2743/3385/2743 642/3386/642 1833/3389/1833 3845/3388/3845
f 3845/3388/3845 1833/3389/1833 199/3372/199 1304/3370/1304
f 2744/3387/2744 3845/3388/3845 1304/3370/1304 378/3366/378
f 377/765/377 2745/3381/2745 3846/3390/3846 1303/768/1303
f 2745/3381/2745 898/3382/898 2744/3387/2744 3846/3390/3846
f 3846/3390/3846 2744/3387/2744 378/3366/378 1305/3364/1305
f 1303/768/1303 3846/3390/3846 1305/3364/1305 93/662/93
f 90/401/90 1261/3392/1261 3847/3391/3847 1263/539/1263
f 1261/3392/1261 356/3394/356 2746/3393/2746 3847/3391/3847
f 3847/3391/3847 2746/3393/2746 899/3396/899 2749/3395/2749
f 1263/539/1263 3847/3391/3847 2749/3395/2749 357/541/357
f 356/3394/356 1260/3398/1260 3848/3397/3848 2746/3393/2746
f 1260/3398/1260 198/3400/198 1834/3399/1834 3848/3397/3848
f 3848/3397/3848 1834/3399/1834 643/3402/643 2747/3401/2747
f 2746/3393/2746 3848/3397/3848 2747/3401/2747 899/3396/899
f 899/3396/899 2747/3401/2747 3849/3404/3849 2748/3403/2748
f 2747/3401/2747 643/3402/643 1835/3405/1835 3849/3404/3849
f 3849/3404/3849 1835/3405/1835 189/3260/189 1066/3258/1066
f 2748/3403/2748 3849/3404/3849 1066/3258/1066 259/3254/259
f 357/541/357 2749/3395/2749 3850/3406/3850 1262/544/1262
f 2749/3395/2749 899/3396/899 2748/3403/2748 3850/3406/3850
f 3850/3406/3850 2748/3403/2748 259/3254/259 1067/3252/1067
f 1262/544/1262 3850/3406/3850 1067/3252/1067 31/546/31
f 87/365/87 1259/3408/1259 3851/3407/3851 1244/394/1244
f 1259/3408/1259 355/3410/355 2750/3409/2750 3851/3407/3851
f 3851/3407/3851 2750/3409/2750 900/3412/900 2753/3411/2753
f 1244/394/1244 3851/3407/3851 2753/3411/2753 348/396/348
f 355/3410/355 1258/3414/1258 3852/3413/3852 2750/3409/2750
f 1258/3414/1258 197/3416/197 1836/3415/1836 3852/3413/3852
f 3852/3413/3852 1836/3415/1836 644/3418/644 2751/3417/2751
f 2750/3409/2750 3852/3413/3852 2751/3417/2751 900/3412/900
f 900/3412/900 2751/3417/2751 3853/3420/3853 2752/3419/2752
f 2751/3417/2751 644/3418/644 1837/3421/1837 3853/3420/3853
f 3853/3420/3853 1837/3421/1837 198/3400/198 1260/3398/1260
f 2752/3419/2752 3853/3420/3853 1260/3398/1260 356/3394/356
f 348/396/348 2753/3411/2753 3854/3422/3854 1245/399/1245
f 2753/3411/2753 900/3412/900 2752/3419/2752 3854/3422/3854
f 3854/3422/3854 2752/3419/2752 356/3394/356 1261/3392/1261
f 1245/399/1245 3854/3422/3854 1261/3392/1261 90/401/90
f 84/358/84 1257/3424/1257 3855/3423/3855 1234/357/1234
f 1257/3424/1257 354/3426/354 2754/3425/2754 3855/3423/3855
f 3855/3423/3855 2754/3425/2754 901/3428/901 2757/3427/2757
f 1234/357/1234 3855/3423/3855 2757/3427/2757 343/360/343
f 354/3426/354 1256/3430/1256 3856/3429/3856 2754/3425/2754
f 1256/3430/1256 196/3432/196 1838/3431/1838 3856/3429/3856
f 3856/3429/3856 1838/3431/1838 645/3434/645 2755/3433/2755
f 2754/3425/2754 3856/3429/3856 2755/3433/2755 901/3428/901
f 901/3428/901 2755/3433/2755 3857/3436/3857 2756/3435/2756
f 2755/3433/2755 645/3434/645 1839/3437/1839 3857/3436/3857
f 3857/3436/3857 1839/3437/1839 197/3416/197 1258/3414/1258
f 2756/3435/2756 3857/3436/3857 1258/3414/1258 355/3410/355
f 343/360/343 2757/3427/2757 3858/3438/3858 1235/363/1235
f 2757/3427/2757 901/3428/901 2756/3435/2756 3858/3438/3858
f 3858/3438/3858 2756/3435/2756 355/3410/355 1259/3408/1259
f 1235/363/1235 3858/3438/3858 1259/3408/1259 87/365/87
f 22/242/22 1043/3440/1043 3859/3439/3859 1254/445/1254
f 1043/3440/1043 247/3442/247 2758/3441/2758 3859/3439/3859
f 3859/3439/3859 2758/3441/2758 902/3444/902 2761/3443/2761
f 1254/445/1254 3859/3439/3859 2761/3443/2761 353/447/353
f 247/3442/247 1042/3446/1042 3860/3445/3860 2758/3441/2758
f 1042/3446/1042 188/3448/188 1840/3447/1840 3860/3445/3860
f 3860/3445/3860 1840/3447/1840 646/3450/646 2759/3449/2759
f 2758/3441/2758 3860/3445/3860 2759/3449/2759 902/3444/902
f 902/3444/902 2759/3449/2759 3861/3452/3861 2760/3451/2760
f 2759/3449/2759 646/3450/646 1841/3453/1841 3861/3452/3861
f 3861/3452/3861 1841/3453/1841 196/3432/196 1256/3430/1256
f 2760/3451/2760 3861/3452/3861 1256/3430/1256 354/3426/354
f 353/447/353 2761/3443/2761 3862/3454/3862 1255/450/1255
f 2761/3443/2761 902/3444/902 2760/3451/2760 3862/3454/3862
f 3862/3454/3862 2760/3451/2760 354/3426/354 1257/3424/1257
f 1255/450/1255 3862/3454/3862 1257/3424/1257 84/358/84
f 81/78/81 1213/3456/1213 3863/3455/3863 1215/235/1215
f 1213/3456/1213 332/3458/332 2762/3457/2762 3863/3455/3863
f 3863/3455/3863 2762/3457/2762 903/3460/903 2765/3459/2765
f 1215/235/1215 3863/3455/3863 2765/3459/2765 333/237/333
f 332/3458/332 1212/3462/1212 3864/3461/3864 2762/3457/2762
f 1212/3462/1212 195/3464/195 1842/3463/1842 3864/3461/3864
f 3864/3461/3864 1842/3463/1842 647/3466/647 2763/3465/2763
f 2762/3457/2762 3864/3461/3864 2763/3465/2763 903/3460/903
f 903/3460/903 2763/3465/2763 3865/3468/3865 2764/3467/2764
f 2763/3465/2763 647/3466/647 1843/3469/1843 3865/3468/3865
f 3865/3468/3865 1843/3469/1843 188/3448/188 1042/3446/1042
f 2764/3467/2764 3865/3468/3865 1042/3446/1042 247/3442/247
f 333/237/333 2765/3459/2765 3866/3470/3866 1214/240/1214
f 2765/3459/2765 903/3460/903 2764/3467/2764 3866/3470/3866
f 3866/3470/3866 2764/3467/2764 247/3442/247 1043/3440/1043
f 1214/240/1214 3866/3470/3866 1043/3440/1043 22/242/22
f 78/42/78 1211/3472/1211 3867/3471/3867 1196/71/1196
f 1211/3472/1211 331/3474/331 2766/3473/2766 3867/3471/3867
f 3867/3471/3867 2766/3473/2766 904/3476/904 2769/3475/2769
f 1196/71/1196 3867/3471/3867 2769/3475/2769 324/73/324
f 331/3474/331 1210/3478/1210 3868/3477/3868 2766/3473/2766
f 1210/3478/1210 194/3480/194 1844/3479/1844 3868/3477/3868
f 3868/3477/3868 1844/3479/1844 648/3482/648 2767/3481/2767
f 2766/3473/2766 3868/3477/3868 2767/3481/2767 904/3476/904
f 904/3476/904 2767/3481/2767 3869/3484/3869 2768/3483/2768
f 2767/3481/2767 648/3482/648 1845/3485/1845 3869/3484/3869
f 3869/3484/3869 1845/3485/1845 195/3464/195 1212/3462/1212
f 2768/3483/2768 3869/3484/3869 1212/3462/1212 332/3458/332
f 324/73/324 2769/3475/2769 3870/3486/3870 1197/76/1197
f 2769/3475/2769 904/3476/904 2768/3483/2768 3870/3486/3870
f 3870/3486/3870 2768/3483/2768 332/3458/332 1213/3456/1213
f 1197/76/1197 3870/3486/3870 1213/3456/1213 81/78/81
f 75/35/75 1209/3488/1209 3871/3487/3871 1186/34/1186
f 1209/3488/1209 330/3490/330 2770/3489/2770 3871/3487/3871
f 3871/3487/3871 2770/3489/2770 905/3492/905 2773/3491/2773
f 1186/34/1186 3871/3487/3871 2773/3491/2773 319/37/319
f 330/3490/330 1208/3494/1208 3872/3493/3872 2770/3489/2770
f 1208/3494/1208 193/3496/193 1846/3495/1846 3872/3493/3872
f 3872/3493/3872 1846/3495/1846 649/3498/649 2771/3497/2771
f 2770/3489/2770 3872/3493/3872 2771/3497/2771 905/3492/905
f 905/3492/905 2771/3497/2771 3873/3500/3873 2772/3499/2772
f 2771/3497/2771 649/3498/649 1847/3501/1847 3873/3500/3873
f 3873/3500/3873 1847/3501/1847 194/3480/194 1210/3478/1210
f 2772/3499/2772 3873/3500/3873 1210/3478/1210 331/3474/331
f 319/37/319 2773/3491/2773 3874/3502/3874 1187/40/1187
f 2773/3491/2773 905/3492/905 2772/3499/2772 3874/3502/3874
f 3874/3502/3874 2772/3499/2772 331/3474/331 1211/3472/1211
f 1187/40/1187 3874/3502/3874 1211/3472/1211 78/42/78
f 70/136/70 1171/3146/1171 3875/3503/3875 1206/135/1206
f 1171/3146/1171 311/3144/311 2774/3504/2774 3875/3503/3875
f 3875/3503/3875 2774/3504/2774 906/3506/906 2777/3505/2777
f 1206/135/1206 3875/3503/3875 2777/3505/2777 329/138/329
f 311/3144/311 1170/3142/1170 3876/3507/3876 2774/3504/2774
f 1170/3142/1170 192/3143/192 1848/3508/1848 3876/3507/3876
f 3876/3507/3876 1848/3508/1848 650/3510/650 2775/3509/2775
f 2774/3504/2774 3876/3507/3876 2775/3509/2775 906/3506/906
f 906/3506/906 2775/3509/2775 3877/3512/3877 2776/3511/2776
f 2775/3509/2775 650/3510/650 1849/3513/1849 3877/3512/3877
f 3877/3512/3877 1849/3513/1849 193/3496/193 1208/3494/1208
f 2776/3511/2776 3877/3512/3877 1208/3494/1208 330/3490/330
f 329/138/329 2777/3505/2777 3878/3514/3878 1207/141/1207
f 2777/3505/2777 906/3506/906 2776/3511/2776 3878/3514/3878
f 3878/3514/3878 2776/3511/2776 330/3490/330 1209/3488/1209
f 1207/141/1207 3878/3514/3878 1209/3488/1209 75/35/75
f 210/3136/210 1801/3516/1801 3879/3515/3879 1802/3135/1802
f 1801/3516/1801 626/3518/626 2778/3517/2778 3879/3515/3879
f 3879/3515/3879 2778/3517/2778 907/3520/907 2781/3519/2781
f 1802/3135/1802 3879/3515/3879 2781/3519/2781 627/3138/627
f 626/3518/626 1800/3522/1800 3880/3521/3880 2778/3517/2778
f 1800/3522/1800 234/2751/234 1898/2752/1898 3880/3521/3880
f 3880/3521/3880 1898/2752/1898 675/2757/675 2779/3523/2779
f 2778/3517/2778 3880/3521/3880 2779/3523/2779 907/3520/907
f 907/3520/907 2779/3523/2779 3881/3525/3881 2780/3524/2780
f 2779/3523/2779 675/2757/675 1899/2762/1899 3881/3525/3881
f 3881/3525/3881 1899/2762/1899 216/143/216 1764/3526/1764
f 2780/3524/2780 3881/3525/3881 1764/3526/1764 608/3527/608
f 627/3138/627 2781/3519/2781 3882/3528/3882 1803/3141/1803
f 2781/3519/2781 907/3520/907 2780/3524/2780 3882/3528/3882
f 3882/3528/3882 2780/3524/2780 608/3527/608 1765/3529/1765
f 1803/3141/1803 3882/3528/3882 1765/3529/1765 192/3143/192
f 209/3156/209 1799/3531/1799 3883/3530/3883 1804/3155/1804
f 1799/3531/1799 625/3533/625 2782/3532/2782 3883/3530/3883
f 3883/3530/3883 2782/3532/2782 908/3535/908 2785/3534/2785
f 1804/3155/1804 3883/3530/3883 2785/3534/2785 628/3158/628
f 625/3533/625 1798/3537/1798 3884/3536/3884 2782/3532/2782
f 1798/3537/1798 233/2735/233 1900/2736/1900 3884/3536/3884
f 3884/3536/3884 1900/2736/1900 676/2741/676 2783/3538/2783
f 2782/3532/2782 3884/3536/3884 2783/3538/2783 908/3535/908
f 908/3535/908 2783/3538/2783 3885/3540/3885 2784/3539/2784
f 2783/3538/2783 676/2741/676 1901/2748/1901 3885/3540/3885
f 3885/3540/3885 1901/2748/1901 234/2751/234 1800/3522/1800
f 2784/3539/2784 3885/3540/3885 1800/3522/1800 626/3518/626
f 628/3158/628 2785/3534/2785 3886/3541/3886 1805/3161/1805
f 2785/3534/2785 908/3535/908 2784/3539/2784 3886/3541/3886
f 3886/3541/3886 2784/3539/2784 626/3518/626 1801/3516/1801
f 1805/3161/1805 3886/3541/3886 1801/3516/1801 210/3136/210
f 208/3172/208 1797/3543/1797 3887/3542/3887 1806/3171/1806
f 1797/3543/1797 624/3545/624 2786/3544/2786 3887/3542/3887
f 3887/3542/3887 2786/3544/2786 909/3547/909 2789/3546/2789
f 1806/3171/1806 3887/3542/3887 2789/3546/2789 629/3174/629
f 624/3545/624 1796/3549/1796 3888/3548/3888 2786/3544/2786
f 1796/3549/1796 232/2719/232 1902/2720/1902 3888/3548/3888
f 3888/3548/3888 1902/2720/1902 677/2725/677 2787/3550/2787
f 2786/3544/2786 3888/3548/3888 2787/3550/2787 909/3547/909
f 909/3547/909 2787/3550/2787 3889/3552/3889 2788/3551/2788
f 2787/3550/2787 677/2725/677 1903/2732/1903 3889/3552/3889
f 3889/3552/3889 1903/2732/1903 233/2735/233 1798/3537/1798
f 2788/3551/2788 3889/3552/3889 1798/3537/1798 625/3533/625
f 629/3174/629 2789/3546/2789 3890/3553/3890 1807/3177/1807
f 2789/3546/2789 909/3547/909 2788/3551/2788 3890/3553/3890
f 3890/3553/3890 2788/3551/2788 625/3533/625 1799/3531/1799
f 1807/3177/1807 3890/3553/3890 1799/3531/1799 209/3156/209
f 187/3188/187 1850/3555/1850 3891/3554/3891 1808/3187/1808
f 1850/3555/1850 651/3557/651 2790/3556/2790 3891/3554/3891
f 3891/3554/3891 2790/3556/2790 910/3559/910 2793/3558/2793
f 1808/3187/1808 3891/3554/3891 2793/3558/2793 630/3190/630
f 651/3557/651 1851/3561/1851 3892/3560/3892 2790/3556/2790
f 1851/3561/1851 211/1158/211 1904/2704/1904 3892/3560/3892
f 3892/3560/3892 1904/2704/1904 678/2709/678 2791/3562/2791
f 2790/3556/2790 3892/3560/3892 2791/3562/2791 910/3559/910
f 910/3559/910 2791/3562/2791 3893/3564/3893 2792/3563/2792
f 2791/3562/2791 678/2709/678 1905/2716/1905 3893/3564/3893
f 3893/3564/3893 1905/2716/1905 232/2719/232 1796/3549/1796
f 2792/3563/2792 3893/3564/3893 1796/3549/1796 624/3545/624
f 630/3190/630 2793/3558/2793 3894/3565/3894 1809/3193/1809
f 2793/3558/2793 910/3559/910 2792/3563/2792 3894/3565/3894
f 3894/3565/3894 2792/3563/2792 624/3545/624 1797/3543/1797
f 1809/3193/1809 3894/3565/3894 1797/3543/1797 208/3172/208
f 207/3204/207 1795/3567/1795 3895/3566/3895 1810/3203/1810
f 1795/3567/1795 623/3569/623 2794/3568/2794 3895/3566/3895
f 3895/3566/3895 2794/3568/2794 911/3571/911 2797/3570/2797
f 1810/3203/1810 3895/3566/3895 2797/3570/2797 631/3206/631
f 623/3569/623 1794/3573/1794 3896/3572/3896 2794/3568/2794
f 1794/3573/1794 231/2479/231 1906/2480/1906 3896/3572/3896
f 3896/3572/3896 1906/2480/1906 679/2485/679 2795/3574/2795
f 2794/3568/2794 3896/3572/3896 2795/3574/2795 911/3571/911
f 911/3571/911 2795/3574/2795 3897/3576/3897 2796/3575/2796
f 2795/3574/2795 679/2485/679 1907/2492/1907 3897/3576/3897
f 3897/3577/3897 1907/2495/1907 215/770/215 1762/3578/1762
f 2796/3579/2796 3897/3577/3897 1762/3578/1762 607/3580/607
f 631/3206/631 2797/3570/2797 3898/3581/3898 1811/3209/1811
f 2797/3570/2797 911/3571/911 2796/3575/2796 3898/3581/3898
f 3898/3582/3898 2796/3579/2796 607/3580/607 1763/3583/1763
f 1811/3213/1811 3898/3582/3898 1763/3583/1763 191/3212/191
f 206/3228/206 1793/3585/1793 3899/3584/3899 1812/3227/1812
f 1793/3585/1793 622/3587/622 2798/3586/2798 3899/3584/3899
f 3899/3584/3899 2798/3586/2798 912/3589/912 2801/3588/2801
f 1812/3227/1812 3899/3584/3899 2801/3588/2801 632/3230/632
f 622/3587/622 1792/3591/1792 3900/3590/3900 2798/3586/2798
f 1792/3591/1792 230/2463/230 1908/2464/1908 3900/3590/3900
f 3900/3590/3900 1908/2464/1908 680/2469/680 2799/3592/2799
f 2798/3586/2798 3900/3590/3900 2799/3592/2799 912/3589/912
f 912/3589/912 2799/3592/2799 3901/3594/3901 2800/3593/2800
f 2799/3592/2799 680/2469/680 1909/2476/1909 3901/3594/3901
f 3901/3594/3901 1909/2476/1909 231/2479/231 1794/3573/1794
f 2800/3593/2800 3901/3594/3901 1794/3573/1794 623/3569/623
f 632/3230/632 2801/3588/2801 3902/3595/3902 1813/3233/1813
f 2801/3588/2801 912/3589/912 2800/3593/2800 3902/3595/3902
f 3902/3595/3902 2800/3593/2800 623/3569/623 1795/3567/1795
f 1813/3233/1813 3902/3595/3902 1795/3567/1795 207/3204/207
f 205/3244/205 1791/3597/1791 3903/3596/3903 1814/3243/1814
f 1791/3597/1791 621/3599/621 2802/3598/2802 3903/3596/3903
f 3903/3596/3903 2802/3598/2802 913/3601/913 2805/3600/2805
f 1814/3243/1814 3903/3596/3903 2805/3600/2805 633/3246/633
f 621/3599/621 1790/3603/1790 3904/3602/3904 2802/3598/2802
f 1790/3603/1790 229/2447/229 1910/2448/1910 3904/3602/3904
f 3904/3602/3904 1910/2448/1910 681/2453/681 2803/3604/2803
f 2802/3598/2802 3904/3602/3904 2803/3604/2803 913/3601/913
f 913/3601/913 2803/3604/2803 3905/3606/3905 2804/3605/2804
f 2803/3604/2803 681/2453/681 1911/2460/1911 3905/3606/3905
f 3905/3606/3905 1911/2460/1911 230/2463/230 1792/3591/1792
f 2804/3605/2804 3905/3606/3905 1792/3591/1792 622/3587/622
f 633/3246/633 2805/3600/2805 3906/3607/3906 1815/3249/1815
f 2805/3600/2805 913/3601/913 2804/3605/2804 3906/3607/3906
f 3906/3607/3906 2804/3605/2804 622/3587/622 1793/3585/1793
f 1815/3249/1815 3906/3607/3906 1793/3585/1793 206/3228/206
f 189/3260/189 1759/3609/1759 3907/3608/3907 1816/3259/1816
f 1759/3609/1759 605/3611/605 2806/3610/2806 3907/3608/3907
f 3907/3608/3907 2806/3610/2806 914/3613/914 2809/3612/2809
f 1816/3259/1816 3907/3608/3907 2809/3612/2809 634/3262/634
f 605/3611/605 1758/3615/1758 3908/3614/3908 2806/3610/2806
f 1758/3615/1758 213/531/213 1912/2432/1912 3908/3614/3908
f 3908/3614/3908 1912/2432/1912 682/2437/682 2807/3616/2807
f 2806/3610/2806 3908/3614/3908 2807/3616/2807 914/3613/914
f 914/3613/914 2807/3616/2807 3909/3618/3909 2808/3617/2808
f 2807/3616/2807 682/2437/682 1913/2444/1913 3909/3618/3909
f 3909/3618/3909 1913/2444/1913 229/2447/229 1790/3603/1790
f 2808/3617/2808 3909/3618/3909 1790/3603/1790 621/3599/621
f 634/3262/634 2809/3612/2809 3910/3619/3910 1817/3265/1817
f 2809/3612/2809 914/3613/914 2808/3617/2808 3910/3619/3910
f 3910/3619/3910 2808/3617/2808 621/3599/621 1791/3597/1791
f 1817/3265/1817 3910/3619/3910 1791/3597/1791 205/3244/205
f 204/3276/204 1789/3621/1789 3911/3620/3911 1818/3275/1818
f 1789/3621/1789 620/3623/620 2810/3622/2810 3911/3620/3911
f 3911/3620/3911 2810/3622/2810 915/3625/915 2813/3624/2813
f 1818/3275/1818 3911/3620/3911 2813/3624/2813 635/3278/635
f 620/3623/620 1788/3627/1788 3912/3626/3912 2810/3622/2810
f 1788/3627/1788 228/1138/228 1914/1139/1914 3912/3626/3912
f 3912/3626/3912 1914/1139/1914 683/1144/683 2811/3628/2811
f 2810/3622/2810 3912/3626/3912 2811/3628/2811 915/3625/915
f 915/3625/915 2811/3628/2811 3913/3630/3913 2812/3629/2812
f 2811/3628/2811 683/1144/683 1915/1155/1915 3913/3630/3913
f 3913/3630/3913 1915/1155/1915 211/1158/211 1851/3561/1851
f 2812/3629/2812 3913/3630/3913 1851/3561/1851 651/3557/651
f 635/3278/635 2813/3624/2813 3914/3631/3914 1819/3281/1819
f 2813/3624/2813 915/3625/915 2812/3629/2812 3914/3631/3914
f 3914/3631/3914 2812/3629/2812 651/3557/651 1850/3555/1850
f 1819/3281/1819 3914/3631/3914 1850/3555/1850 187/3188/187
f 203/3292/203 1787/3633/1787 3915/3632/3915 1820/3291/1820
f 1787/3633/1787 619/3635/619 2814/3634/2814 3915/3632/3915
f 3915/3632/3915 2814/3634/2814 916/3637/916 2817/3636/2817
f 1820/3291/1820 3915/3632/3915 2817/3636/2817 636/3294/636
f 619/3635/619 1786/3639/1786 3916/3638/3916 2814/3634/2814
f 1786/3639/1786 227/1118/227 1916/1119/1916 3916/3638/3916
f 3916/3638/3916 1916/1119/1916 684/1124/684 2815/3640/2815
f 2814/3634/2814 3916/3638/3916 2815/3640/2815 916/3637/916
f 916/3637/916 2815/3640/2815 3917/3642/3917 2816/3641/2816
f 2815/3640/2815 684/1124/684 1917/1135/1917 3917/3642/3917
f 3917/3642/3917 1917/1135/1917 228/1138/228 1788/3627/1788
f 2816/3641/2816 3917/3642/3917 1788/3627/1788 620/3623/620
f 636/3294/636 2817/3636/2817 3918/3643/3918 1821/3297/1821
f 2817/3636/2817 916/3637/916 2816/3641/2816 3918/3643/3918
f 3918/3643/3918 2816/3641/2816 620/3623/620 1789/3621/1789
f 1821/3297/1821 3918/3643/3918 1789/3621/1789 204/3276/204
f 202/3308/202 1785/3645/1785 3919/3644/3919 1822/3307/1822
f 1785/3645/1785 618/3647/618 2818/3646/2818 3919/3644/3919
f 3919/3644/3919 2818/3646/2818 917/3649/917 2821/3648/2821
f 1822/3307/1822 3919/3644/3919 2821/3648/2821 637/3310/637
f 618/3647/618 1784/3651/1784 3920/3650/3920 2818/3646/2818
f 1784/3651/1784 226/1098/226 1918/1099/1918 3920/3650/3920
f 3920/3650/3920 1918/1099/1918 685/1104/685 2819/3652/2819
f 2818/3646/2818 3920/3650/3920 2819/3652/2819 917/3649/917
f 917/3649/917 2819/3652/2819 3921/3654/3921 2820/3653/2820
f 2819/3652/2819 685/1104/685 1919/1115/1919 3921/3654/3921
f 3921/3654/3921 1919/1115/1919 227/1118/227 1786/3639/1786
f 2820/3653/2820 3921/3654/3921 1786/3639/1786 619/3635/619
f 637/3310/637 2821/3648/2821 3922/3655/3922 1823/3313/1823
f 2821/3648/2821 917/3649/917 2820/3653/2820 3922/3655/3922
f 3922/3655/3922 2820/3653/2820 619/3635/619 1787/3633/1787
f 1823/3313/1823 3922/3655/3922 1787/3633/1787 203/3292/203
f 190/3324/190 1761/3657/1761 3923/3656/3923 1824/3323/1824
f 1761/3657/1761 606/3659/606 2822/3658/2822 3923/3656/3923
f 3923/3656/3923 2822/3658/2822 918/3661/918 2825/3660/2825
f 1824/3323/1824 3923/3656/3923 2825/3660/2825 638/3326/638
f 606/3659/606 1760/3663/1760 3924/3662/3924 2822/3658/2822
f 1760/3663/1760 214/854/214 1920/1079/1920 3924/3662/3924
f 3924/3662/3924 1920/1079/1920 686/1084/686 2823/3664/2823
f 2822/3658/2822 3924/3662/3924 2823/3664/2823 918/3661/918
f 918/3661/918 2823/3664/2823 3925/3666/3925 2824/3665/2824
f 2823/3664/2823 686/1084/686 1921/1095/1921 3925/3666/3925
f 3925/3666/3925 1921/1095/1921 226/1098/226 1784/3651/1784
f 2824/3665/2824 3925/3666/3925 1784/3651/1784 618/3647/618
f 638/3326/638 2825/3660/2825 3926/3667/3926 1825/3329/1825
f 2825/3660/2825 918/3661/918 2824/3665/2824 3926/3667/3926
f 3926/3667/3926 2824/3665/2824 618/3647/618 1785/3645/1785
f 1825/3329/1825 3926/3667/3926 1785/3645/1785 202/3308/202
f 201/3340/201 1783/3669/1783 3927/3668/3927 1826/3339/1826
f 1783/3669/1783 617/3671/617 2826/3670/2826 3927/3668/3927
f 3927/3668/3927 2826/3670/2826 919/3673/919 2829/3672/2829
f 1826/3339/1826 3927/3668/3927 2829/3672/2829 639/3342/639
f 617/3671/617 1782/3675/1782 3928/3674/3928 2826/3670/2826
f 1782/3675/1782 225/834/225 1922/835/1922 3928/3674/3928
f 3928/3674/3928 1922/835/1922 687/840/687 2827/3676/2827
f 2826/3670/2826 3928/3674/3928 2827/3676/2827 919/3673/919
f 919/3673/919 2827/3676/2827 3929/3678/3929 2828/3677/2828
f 2827/3676/2827 687/840/687 1923/851/1923 3929/3678/3929
f 3929/3678/3929 1923/851/1923 214/854/214 1760/3663/1760
f 2828/3677/2828 3929/3678/3929 1760/3663/1760 606/3659/606
f 639/3342/639 2829/3672/2829 3930/3679/3930 1827/3345/1827
f 2829/3672/2829 919/3673/919 2828/3677/2828 3930/3679/3930
f 3930/3679/3930 2828/3677/2828 606/3659/606 1761/3657/1761
f 1827/3345/1827 3930/3679/3930 1761/3657/1761 190/3324/190
f 200/3356/200 1781/3681/1781 3931/3680/3931 1828/3355/1828
f 1781/3681/1781 616/3683/616 2830/3682/2830 3931/3680/3931
f 3931/3680/3931 2830/3682/2830 920/3685/920 2833/3684/2833
f 1828/3355/1828 3931/3680/3931 2833/3684/2833 640/3358/640
f 616/3683/616 1780/3687/1780 3932/3686/3932 2830/3682/2830
f 1780/3687/1780 224/814/224 1924/815/1924 3932/3686/3932
f 3932/3686/3932 1924/815/1924 688/820/688 2831/3688/2831
f 2830/3682/2830 3932/3686/3932 2831/3688/2831 920/3685/920
f 920/3685/920 2831/3688/2831 3933/3690/3933 2832/3689/2832
f 2831/3688/2831 688/820/688 1925/831/1925 3933/3690/3933
f 3933/3690/3933 1925/831/1925 225/834/225 1782/3675/1782
f 2832/3689/2832 3933/3690/3933 1782/3675/1782 617/3671/617
f 640/3358/640 2833/3684/2833 3934/3691/3934 1829/3361/1829
f 2833/3684/2833 920/3685/920 2832/3689/2832 3934/3691/3934
f 3934/3691/3934 2832/3689/2832 617/3671/617 1783/3669/1783
f 1829/3361/1829 3934/3691/3934 1783/3669/1783 201/3340/201
f 199/3372/199 1779/3693/1779 3935/3692/3935 1830/3371/1830
f 1779/3693/1779 615/3695/615 2834/3694/2834 3935/3692/3935
f 3935/3692/3935 2834/3694/2834 921/3697/921 2837/3696/2837
f 1830/3371/1830 3935/3692/3935 2837/3696/2837 641/3374/641
f 615/3695/615 1778/3699/1778 3936/3698/3936 2834/3694/2834
f 1778/3699/1778 223/794/223 1926/795/1926 3936/3698/3936
f 3936/3698/3936 1926/795/1926 689/800/689 2835/3700/2835
f 2834/3694/2834 3936/3698/3936 2835/3700/2835 921/3697/921
f 921/3697/921 2835/3700/2835 3937/3702/3937 2836/3701/2836
f 2835/3700/2835 689/800/689 1927/811/1927 3937/3702/3937
f 3937/3702/3937 1927/811/1927 224/814/224 1780/3687/1780
f 2836/3701/2836 3937/3702/3937 1780/3687/1780 616/3683/616
f 641/3374/641 2837/3696/2837 3938/3703/3938 1831/3377/1831
f 2837/3696/2837 921/3697/921 2836/3701/2836 3938/3703/3938
f 3938/3703/3938 2836/3701/2836 616/3683/616 1781/3681/1781
f 1831/3377/1831 3938/3703/3938 1781/3681/1781 200/3356/200
f 191/3212/191 1763/3583/1763 3939/3704/3939 1832/3384/1832
f 1763/3583/1763 607/3580/607 2838/3705/2838 3939/3704/3939
f 3939/3704/3939 2838/3705/2838 922/3707/922 2841/3706/2841
f 1832/3384/1832 3939/3704/3939 2841/3706/2841 642/3386/642
f 607/3580/607 1762/3578/1762 3940/3708/3940 2838/3705/2838
f 1762/3578/1762 215/770/215 1928/771/1928 3940/3708/3940
f 3940/3708/3940 1928/771/1928 690/778/690 2839/3709/2839
f 2838/3705/2838 3940/3708/3940 2839/3709/2839 922/3707/922
f 922/3707/922 2839/3709/2839 3941/3711/3941 2840/3710/2840
f 2839/3709/2839 690/778/690 1929/791/1929 3941/3711/3941
f 3941/3711/3941 1929/791/1929 223/794/223 1778/3699/1778
f 2840/3710/2840 3941/3711/3941 1778/3699/1778 615/3695/615
f 642/3386/642 2841/3706/2841 3942/3712/3942 1833/3389/1833
f 2841/3706/2841 922/3707/922 2840/3710/2840 3942/3712/3942
f 3942/3712/3942 2840/3710/2840 615/3695/615 1779/3693/1779
f 1833/3389/1833 3942/3712/3942 1779/3693/1779 199/3372/199
f 198/3400/198 1777/3714/1777 3943/3713/3943 1834/3399/1834
f 1777/3714/1777 614/3716/614 2842/3715/2842 3943/3713/3943
f 3943/3713/3943 2842/3715/2842 923/3718/923 2845/3717/2845
f 1834/3399/1834 3943/3713/3943 2845/3717/2845 643/3402/643
f 614/3716/614 1776/3720/1776 3944/3719/3944 2842/3715/2842
f 1776/3720/1776 222/511/222 1930/512/1930 3944/3719/3944
f 3944/3719/3944 1930/512/1930 691/517/691 2843/3721/2843
f 2842/3715/2842 3944/3719/3944 2843/3721/2843 923/3718/923
f 923/3718/923 2843/3721/2843 3945/3723/3945 2844/3722/2844
f 2843/3721/2843 691/517/691 1931/528/1931 3945/3723/3945
f 3945/3723/3945 1931/528/1931 213/531/213 1758/3615/1758
f 2844/3722/2844 3945/3723/3945 1758/3615/1758 605/3611/605
f 643/3402/643 2845/3717/2845 3946/3724/3946 1835/3405/1835
f 2845/3717/2845 923/3718/923 2844/3722/2844 3946/3724/3946
f 3946/3724/3946 2844/3722/2844 605/3611/605 1759/3609/1759
f 1835/3405/1835 3946/3724/3946 1759/3609/1759 189/3260/189
f 197/3416/197 1775/3726/1775 3947/3725/3947 1836/3415/1836
f 1775/3726/1775 613/3728/613 2846/3727/2846 3947/3725/3947
f 3947/3725/3947 2846/3727/2846 924/3730/924 2849/3729/2849
f 1836/3415/1836 3947/3725/3947 2849/3729/2849 644/3418/644
f 613/3728/613 1774/3732/1774 3948/3731/3948 2846/3727/2846
f 1774/3732/1774 221/491/221 1932/492/1932 3948/3731/3948
f 3948/3731/3948 1932/492/1932 692/497/692 2847/3733/2847
f 2846/3727/2846 3948/3731/3948 2847/3733/2847 924/3730/924
f 924/3730/924 2847/3733/2847 3949/3735/3949 2848/3734/2848
f 2847/3733/2847 692/497/692 1933/508/1933 3949/3735/3949
f 3949/3735/3949 1933/508/1933 222/511/222 1776/3720/1776
f 2848/3734/2848 3949/3735/3949 1776/3720/1776 614/3716/614
f 644/3418/644 2849/3729/2849 3950/3736/3950 1837/3421/1837
f 2849/3729/2849 924/3730/924 2848/3734/2848 3950/3736/3950
f 3950/3736/3950 2848/3734/2848 614/3716/614 1777/3714/1777
f 1837/3421/1837 3950/3736/3950 1777/3714/1777 198/3400/198
f 196/3432/196 1773/3738/1773 3951/3737/3951 1838/3431/1838
f 1773/3738/1773 612/3740/612 2850/3739/2850 3951/3737/3951
f 3951/3737/3951 2850/3739/2850 925/3742/925 2853/3741/2853
f 1838/3431/1838 3951/3737/3951 2853/3741/2853 645/3434/645
f 612/3740/612 1772/3744/1772 3952/3743/3952 2850/3739/2850
f 1772/3744/1772 220/471/220 1934/472/1934 3952/3743/3952
f 3952/3743/3952 1934/472/1934 693/477/693 2851/3745/2851
f 2850/3739/2850 3952/3743/3952 2851/3745/2851 925/3742/925
f 925/3742/925 2851/3745/2851 3953/3747/3953 2852/3746/2852
f 2851/3745/2851 693/477/693 1935/488/1935 3953/3747/3953
f 3953/3747/3953 1935/488/1935 221/491/221 1774/3732/1774
f 2852/3746/2852 3953/3747/3953 1774/3732/1774 613/3728/613
f 645/3434/645 2853/3741/2853 3954/3748/3954 1839/3437/1839
f 2853/3741/2853 925/3742/925 2852/3746/2852 3954/3748/3954
f 3954/3748/3954 2852/3746/2852 613/3728/613 1775/3726/1775
f 1839/3437/1839 3954/3748/3954 1775/3726/1775 197/3416/197
f 188/3448/188 1757/3750/1757 3955/3749/3955 1840/3447/1840
f 1757/3750/1757 604/3752/604 2854/3751/2854 3955/3749/3955
f 3955/3749/3955 2854/3751/2854 926/3754/926 2857/3753/2857
f 1840/3447/1840 3955/3749/3955 2857/3753/2857 646/3450/646
f 604/3752/604 1756/3756/1756 3956/3755/3956 2854/3751/2854
f 1756/3756/1756 212/227/212 1936/452/1936 3956/3755/3956
f 3956/3755/3956 1936/452/1936 694/457/694 2855/3757/2855
f 2854/3751/2854 3956/3755/3956 2855/3757/2855 926/3754/926
f 926/3754/926 2855/3757/2855 3957/3759/3957 2856/3758/2856
f 2855/3757/2855 694/457/694 1937/468/1937 3957/3759/3957
f 3957/3759/3957 1937/468/1937 220/471/220 1772/3744/1772
f 2856/3758/2856 3957/3759/3957 1772/3744/1772 612/3740/612
f 646/3450/646 2857/3753/2857 3958/3760/3958 1841/3453/1841
f 2857/3753/2857 926/3754/926 2856/3758/2856 3958/3760/3958
f 3958/3760/3958 2856/3758/2856 612/3740/612 1773/3738/1773
f 1841/3453/1841 3958/3760/3958 1773/3738/1773 196/3432/196
f 195/3464/195 1771/3762/1771 3959/3761/3959 1842/3463/1842
f 1771/3762/1771 611/3764/611 2858/3763/2858 3959/3761/3959
f 3959/3761/3959 2858/3763/2858 927/3766/927 2861/3765/2861
f 1842/3463/1842 3959/3761/3959 2861/3765/2861 647/3466/647
f 611/3764/611 1770/3768/1770 3960/3767/3960 2858/3763/2858
f 1770/3768/1770 219/207/219 1938/208/1938 3960/3767/3960
f 3960/3767/3960 1938/208/1938 695/213/695 2859/3769/2859
f 2858/3763/2858 3960/3767/3960 2859/3769/2859 927/3766/927
f 927/3766/927 2859/3769/2859 3961/3771/3961 2860/3770/2860
f 2859/3769/2859 695/213/695 1939/224/1939 3961/3771/3961
f 3961/3771/3961 1939/224/1939 212/227/212 1756/3756/1756
f 2860/3770/2860 3961/3771/3961 1756/3756/1756 604/3752/604
f 647/3466/647 2861/3765/2861 3962/3772/3962 1843/3469/1843
f 2861/3765/2861 927/3766/927 2860/3770/2860 3962/3772/3962
f 3962/3772/3962 2860/3770/2860 604/3752/604 1757/3750/1757
f 1843/3469/1843 3962/3772/3962 1757/3750/1757 188/3448/188
f 194/3480/194 1769/3774/1769 3963/3773/3963 1844/3479/1844
f 1769/3774/1769 610/3776/610 2862/3775/2862 3963/3773/3963
f 3963/3773/3963 2862/3775/2862 928/3778/928 2865/3777/2865
f 1844/3479/1844 3963/3773/3963 2865/3777/2865 648/3482/648
f 610/3776/610 1768/3780/1768 3964/3779/3964 2862/3775/2862
f 1768/3780/1768 218/187/218 1940/188/1940 3964/3779/3964
f 3964/3779/3964 1940/188/1940 696/193/696 2863/3781/2863
f 2862/3775/2862 3964/3779/3964 2863/3781/2863 928/3778/928
f 928/3778/928 2863/3781/2863 3965/3783/3965 2864/3782/2864
f 2863/3781/2863 696/193/696 1941/204/1941 3965/3783/3965
f 3965/3783/3965 1941/204/1941 219/207/219 1770/3768/1770
f 2864/3782/2864 3965/3783/3965 1770/3768/1770 611/3764/611
f 648/3482/648 2865/3777/2865 3966/3784/3966 1845/3485/1845
f 2865/3777/2865 928/3778/928 2864/3782/2864 3966/3784/3966
f 3966/3784/3966 2864/3782/2864 611/3764/611 1771/3762/1771
f 1845/3485/1845 3966/3784/3966 1771/3762/1771 195/3464/195
f 193/3496/193 1767/3786/1767 3967/3785/3967 1846/3495/1846
f 1767/3786/1767 609/3788/609 2866/3787/2866 3967/3785/3967
f 3967/3785/3967 2866/3787/2866 929/3790/929 2869/3789/2869
f 1846/3495/1846 3967/3785/3967 2869/3789/2869 649/3498/649
f 609/3788/609 1766/3792/1766 3968/3791/3968 2866/3787/2866
f 1766/3792/1766 217/167/217 1942/168/1942 3968/3791/3968
f 3968/3791/3968 1942/168/1942 697/173/697 2867/3793/2867
f 2866/3787/2866 3968/3791/3968 2867/3793/2867 929/3790/929
f 929/3790/929 2867/3793/2867 3969/3795/3969 2868/3794/2868
f 2867/3793/2867 697/173/697 1943/184/1943 3969/3795/3969
f 3969/3795/3969 1943/184/1943 218/187/218 1768/3780/1768
f 2868/3794/2868 3969/3795/3969 1768/3780/1768 610/3776/610
f 649/3498/649 2869/3789/2869 3970/3796/3970 1847/3501/1847
f 2869/3789/2869 929/3790/929 2868/3794/2868 3970/3796/3970
f 3970/3796/3970 2868/3794/2868 610/3776/610 1769/3774/1769
f 1847/3501/1847 3970/3796/3970 1769/3774/1769 194/3480/194
f 192/3143/192 1765/3529/1765 3971/3797/3971 1848/3508/1848
f 1765/3529/1765 608/3527/608 2870/3798/2870 3971/3797/3971
f 3971/3797/3971 2870/3798/2870 930/3800/930 2873/3799/2873
f 1848/3508/1848 3971/3797/3971 2873/3799/2873 650/3510/650
f 608/3527/608 1764/3526/1764 3972/3801/3972 2870/3798/2870
f 1764/3526/1764 216/143/216 1944/144/1944 3972/3801/3972
f 3972/3801/3972 1944/144/1944 698/151/698 2871/3802/2871
f 2870/3798/2870 3972/3801/3972 2871/3802/2871 930/3800/930
f 930/3800/930 2871/3802/2871 3973/3804/3973 2872/3803/2872
f 2871/3802/2871 698/151/698 1945/164/1945 3973/3804/3973
f 3973/3804/3973 1945/164/1945 217/167/217 1766/3792/1766
f 2872/3803/2872 3973/3804/3973 1766/3792/1766 609/3788/609
f 650/3510/650 2873/3799/2873 3974/3805/3974 1849/3513/1849
f 2873/3799/2873 930/3800/930 2872/3803/2872 3974/3805/3974
f 3974/3805/3974 2872/3803/2872 609/3788/609 1767/3786/1767
f 1849/3513/1849 3974/3805/3974 1767/3786/1767 193/3496/193
f 1003/3806/1003 3022/3809/3022 3975/3808/3975 3014/3807/3014
f 3022/3809/3022 1002/3811/1002 2967/3810/2967 3975/3808/3975
f 3975/3808/3975 2967/3810/2967 976/3813/976 2964/3812/2964
f 3014/3807/3014 3975/3808/3975 2964/3812/2964 981/3814/981
f 995/3815/995 3009/3818/3009 3976/3817/3976 3000/3816/3000
f 3009/3818/3009 994/3820/994 2965/3819/2965 3976/3817/3976
f 3976/3817/3976 2965/3819/2965 979/3822/979 2960/3821/2960
f 3000/3816/3000 3976/3817/3976 2960/3821/2960 980/3823/980
f 954/3824/954 2923/3827/2923 3977/3826/3977 2888/3825/2888
f 2923/3827/2923 953/3829/953 2916/3828/2916 3977/3826/3977
f 3977/3826/3977 2916/3828/2916 938/2088/938 2877/2087/2877
f 2888/3825/2888 3977/3826/3977 2877/2087/2877 937/2086/937
f 956/3830/956 2922/3833/2922 3978/3832/3978 2890/3831/2890
f 2922/3833/2922 957/3835/957 2891/3834/2891 3978/3832/3978
f 3978/3832/3978 2891/3834/2891 935/2094/935 2874/2093/2874
f 2890/3831/2890 3978/3832/3978 2874/2093/2874 934/2092/934
f 1000/3836/1000 3021/3839/3021 3979/3838/3979 3011/3837/3011
f 3021/3839/3021 1001/3841/1001 2897/3840/2897 3979/3838/3979
f 3979/3838/3979 2897/3840/2897 974/3843/974 2953/3842/2953
f 3011/3837/3011 3979/3838/3979 2953/3842/2953 973/3844/973
f 1007/3845/1007 3033/3848/3033 3980/3847/3980 3024/3846/3024
f 3033/3848/3033 1006/3850/1006 2943/3849/2943 3980/3847/3980
f 3980/3847/3980 2943/3849/2943 958/3852/958 2927/3851/2927
f 3024/3846/3024 3980/3847/3980 2927/3851/2927 959/3853/959
f 943/3854/943 2904/3857/2904 3981/3856/3981 2886/3855/2886
f 2904/3857/2904 948/3859/948 2895/3858/2895 3981/3856/3981
f 3981/3856/3981 2895/3858/2895 933/2099/933 2880/2098/2880
f 2886/3855/2886 3981/3856/3981 2880/2098/2880 941/2095/941
f 1015/3860/1015 3046/3863/3046 3982/3862/3982 3038/3861/3038
f 3046/3863/3046 1014/3865/1014 2941/3864/2941 3982/3862/3982
f 3982/3862/3982 2941/3864/2941 961/3867/961 2929/3866/2929
f 3038/3861/3038 3982/3862/3982 2929/3866/2929 962/3868/962
f 946/3869/946 2902/3872/2902 3983/3871/3983 2893/3870/2893
f 2902/3872/2902 945/3874/945 2898/3873/2898 3983/3871/3983
f 3983/3871/3983 2898/3873/2898 940/2105/940 2879/2104/2879
f 2893/3870/2893 3983/3871/3983 2879/2104/2879 932/2103/932
f 1012/3875/1012 3045/3878/3045 3984/3877/3984 3035/3876/3035
f 3045/3878/3045 1013/3880/1013 2918/3879/2918 3984/3877/3984
f 3984/3877/3984 2918/3879/2918 969/3882/969 2939/3881/2939
f 3035/3876/3035 3984/3877/3984 2939/3881/2939 965/3883/965
f 414/3884/414 2203/3887/2203 3985/3886/3985 2899/3885/2899
f 2203/3887/2203 763/3889/763 2892/3888/2892 3985/3886/3985
f 3985/3886/3985 2892/3888/2892 945/3891/945 2902/3890/2902
f 2899/3885/2899 3985/3886/3985 2902/3890/2902 946/3892/946
f 424/3893/424 1397/3896/1397 3986/3895/3986 2901/3894/2901
f 1397/3896/1397 110/3898/110 2894/3897/2894 3986/3895/3986
f 3986/3895/3986 2894/3897/2894 947/3900/947 2903/3899/2903
f 2901/3894/2901 3986/3895/3986 2903/3899/2903 948/3901/948
f 768/3902/768 2223/3905/2223 3987/3904/3987 2896/3903/2896
f 2223/3905/2223 424/3893/424 2901/3894/2901 3987/3904/3987
f 3987/3904/3987 2901/3894/2901 948/3901/948 2904/3906/2904
f 2896/3903/2896 3987/3904/3987 2904/3906/2904 943/3907/943
f 110/3898/110 1376/3909/1376 3988/3908/3988 2894/3897/2894
f 1376/3909/1376 414/3884/414 2899/3885/2899 3988/3908/3988
f 3988/3908/3988 2899/3885/2899 946/3892/946 2905/3910/2905
f 2894/3897/2894 3988/3908/3988 2905/3910/2905 947/3900/947
f 763/3889/763 2202/3912/2202 3989/3911/3989 2892/3888/2892
f 2202/3912/2202 411/3914/411 2887/3913/2887 3989/3911/3989
f 3989/3911/3989 2887/3913/2887 944/3916/944 2906/3915/2906
f 2892/3888/2892 3989/3911/3989 2906/3915/2906 945/3891/945
f 411/3914/411 2224/3918/2224 3990/3917/3990 2887/3913/2887
f 2224/3918/2224 768/3902/768 2896/3903/2896 3990/3917/3990
f 3990/3917/3990 2896/3903/2896 943/3907/943 2907/3919/2907
f 2887/3913/2887 3990/3917/3990 2907/3919/2907 944/3916/944
f 2906/3920/2906 944/3931/944 2907/3930/2907 943/3929/943 2911/3928/2911 3991/3927/3991 2909/3926/2909 949/3925/949 2913/3924/2913 946/3923/946 2902/3922/2902 945/3921/945
f 943/3929/943 2904/3932/2904 3991/3927/3991 2911/3928/2911
f 2904/3932/2904 948/3934/948 2912/3933/2912 3991/3927/3991
f 3991/3927/3991 2912/3933/2912 951/3935/951 2909/3926/2909
f 947/3936/947 2905/3939/2905 3992/3938/3992 2914/3937/2914
f 2905/3939/2905 946/3923/946 2913/3924/2913 3992/3938/3992
f 3992/3938/3992 2913/3924/2913 949/3925/949 2910/3940/2910
f 2914/3937/2914 3992/3938/3992 2910/3940/2910 950/3941/950
f 948/3934/948 2903/3943/2903 3993/3942/3993 2912/3933/2912
f 2903/3943/2903 947/3936/947 2914/3937/2914 3993/3942/3993
f 3993/3942/3993 2914/3937/2914 950/3941/950 2908/3944/2908
f 2912/3933/2912 3993/3942/3993 2908/3944/2908 951/3935/951
f 140/3945/140 1530/3948/1530 3994/3947/3994 2920/3946/2920
f 1530/3948/1530 491/3950/491 2889/3949/2889 3994/3947/3994
f 3994/3947/3994 2889/3949/2889 955/3952/955 2921/3951/2921
f 2920/3946/2920 3994/3947/3994 2921/3951/2921 957/3835/957
f 488/3953/488 1525/3956/1525 3995/3955/3995 2919/3954/2919
f 1525/3956/1525 140/3945/140 2920/3946/2920 3995/3955/3995
f 3995/3955/3995 2920/3946/2920 957/3835/957 2922/3833/2922
f 2919/3954/2919 3995/3955/3995 2922/3833/2922 956/3830/956
f 143/3957/143 1535/3960/1535 3996/3959/3996 2917/3958/2917
f 1535/3960/1535 493/3962/493 2885/3961/2885 3996/3959/3996
f 3996/3959/3996 2885/3961/2885 953/3829/953 2923/3827/2923
f 2917/3958/2917 3996/3959/3996 2923/3827/2923 954/3824/954
f 813/3963/813 2402/3966/2402 3997/3965/3997 2915/3964/2915
f 2402/3966/2402 488/3953/488 2919/3954/2919 3997/3965/3997
f 3997/3965/3997 2919/3954/2919 956/3830/956 2924/3967/2924
f 2915/3964/2915 3997/3965/3997 2924/3967/2924 952/3968/952
f 493/3962/493 2404/3970/2404 3998/3969/3998 2885/3961/2885
f 2404/3970/2404 813/3963/813 2915/3964/2915 3998/3969/3998
f 3998/3969/3998 2915/3964/2915 952/3968/952 2925/3971/2925
f 2885/3961/2885 3998/3969/3998 2925/3971/2925 953/3829/953
f 491/3950/491 1531/3973/1531 3999/3972/3999 2889/3949/2889
f 1531/3973/1531 143/3957/143 2917/3958/2917 3999/3972/3999
f 3999/3972/3999 2917/3958/2917 954/3824/954 2926/3974/2926
f 2889/3949/2889 3999/3972/3999 2926/3974/2926 955/3952/955
f 969/3882/969 2940/3977/2940 4000/3976/4000 2938/3975/2938
f 2940/3977/2940 964/3979/964 2931/3978/2931 4000/3976/4000
f 4000/3976/4000 2931/3978/2931 963/3981/963 2930/3980/2930
f 2938/3975/2938 4000/3976/4000 2930/3980/2930 962/3868/962
f 968/1388/968 2937/3984/2937 4001/3983/4001 2935/3982/2935
f 2937/3984/2937 966/3986/966 2933/3985/2933 4001/3983/4001
f 4001/3983/4001 2933/3985/2933 960/3988/960 2928/3987/2928
f 2935/3982/2935 4001/3983/4001 2928/3987/2928 959/3853/959
f 967/1389/967 2936/1387/2936 4002/3990/4002 2934/3989/2934
f 2936/1387/2936 968/1388/968 2935/3982/2935 4002/3990/4002
f 4002/3990/4002 2935/3982/2935 959/3853/959 2927/3851/2927
f 2934/3989/2934 4002/3990/4002 2927/3851/2927 958/3852/958
f 965/3883/965 2939/3881/2939 4003/3992/4003 2932/3991/2932
f 2939/3881/2939 969/3882/969 2938/3975/2938 4003/3992/4003
f 4003/3992/4003 2938/3975/2938 962/3868/962 2929/3866/2929
f 2932/3991/2932 4003/3992/4003 2929/3866/2929 961/3867/961
f 1016/3993/1016 3044/3996/3044 4004/3995/4004 3039/3994/3039
f 3044/3996/3044 1015/3860/1015 3038/3861/3038 4004/3995/4004
f 4004/3995/4004 3038/3861/3038 962/3868/962 2930/3980/2930
f 3039/3994/3039 4004/3995/4004 2930/3980/2930 963/3981/963
f 1011/3997/1011 3032/4000/3032 4005/3999/4005 3028/3998/3028
f 3032/4000/3032 1010/4002/1010 2948/4001/2948 4005/3999/4005
f 4005/3999/4005 2948/4001/2948 960/3988/960 2933/3985/2933
f 3028/3998/3028 4005/3999/4005 2933/3985/2933 966/3986/966
f 1013/3880/1013 3043/4004/3043 4006/4003/4006 2918/3879/2918
f 3043/4004/3043 1017/4006/1017 2950/4005/2950 4006/4003/4006
f 4006/4003/4006 2950/4005/2950 964/3979/964 2940/3977/2940
f 2918/3879/2918 4006/4003/4006 2940/3977/2940 969/3882/969
f 1014/3865/1014 3042/4008/3042 4007/4007/4007 2941/3864/2941
f 3042/4008/3042 1012/3875/1012 3035/3876/3035 4007/4007/4007
f 4007/4007/4007 3035/3876/3035 965/3883/965 2932/3991/2932
f 2941/3864/2941 4007/4007/4007 2932/3991/2932 961/3867/961
f 1010/4002/1010 3031/4010/3031 4008/4009/4008 2948/4001/2948
f 3031/4010/3031 1007/3845/1007 3024/3846/3024 4008/4009/4008
f 4008/4009/4008 3024/3846/3024 959/3853/959 2928/3987/2928
f 2948/4001/2948 4008/4009/4008 2928/3987/2928 960/3988/960
f 1008/1386/1008 3030/4012/3030 4009/4011/4009 2945/1385/2945
f 3030/4012/3030 1011/3997/1011 3028/3998/3028 4009/4011/4009
f 4009/4011/4009 3028/3998/3028 966/3986/966 2937/3984/2937
f 2945/1385/2945 4009/4011/4009 2937/3984/2937 968/1388/968
f 1017/4006/1017 3041/4014/3041 4010/4013/4010 2950/4005/2950
f 3041/4014/3041 1016/3993/1016 3039/3994/3039 4010/4013/4010
f 4010/4013/4010 3039/3994/3039 963/3981/963 2931/3978/2931
f 2950/4005/2950 4010/4013/4010 2931/3978/2931 964/3979/964
f 1006/3850/1006 3029/4016/3029 4011/4015/4011 2943/3849/2943
f 3029/4016/3029 1009/1381/1009 3026/1382/3026 4011/4015/4011
f 4011/4015/4011 3026/1382/3026 967/1389/967 2934/3989/2934
f 2943/3849/2943 4011/4015/4011 2934/3989/2934 958/3852/958
f 977/1272/977 2956/1270/2956 4012/4018/4012 2993/4017/2993
f 2956/1270/2956 972/1271/972 2990/4019/2990 4012/4018/4012
f 4012/4018/4012 2990/4019/2990 984/4021/984 2980/4020/2980
f 2993/4017/2993 4012/4018/4012 2980/4020/2980 989/4022/989
f 971/4023/971 2959/4026/2959 4013/4025/4013 2992/4024/2992
f 2959/4026/2959 980/3823/980 2991/4027/2991 4013/4025/4013
f 4013/4025/4013 2991/4027/2991 992/4029/992 2983/4028/2983
f 2992/4024/2992 4013/4025/4013 2983/4028/2983 983/4030/983
f 972/1271/972 2952/4032/2952 4014/4031/4014 2990/4019/2990
f 2952/4032/2952 970/4034/970 2989/4033/2989 4014/4031/4014
f 4014/4031/4014 2989/4033/2989 982/4036/982 2976/4035/2976
f 2990/4019/2990 4014/4031/4014 2976/4035/2976 984/4021/984
f 975/4037/975 2962/4040/2962 4015/4039/4015 2955/4038/2955
f 2962/4040/2962 981/3814/981 2958/4041/2958 4015/4039/4015
f 4015/4039/4015 2958/4041/2958 993/4043/993 2986/4042/2986
f 2955/4038/2955 4015/4039/4015 2986/4042/2986 987/4044/987
f 1001/3841/1001 3020/4046/3020 4016/4045/4016 2897/3840/2897
f 3020/4046/3020 1004/4048/1004 2971/4047/2971 4016/4045/4016
f 4016/4045/4016 2971/4047/2971 975/4037/975 2954/4049/2954
f 2897/3840/2897 4016/4045/4016 2954/4049/2954 974/3843/974
f 1005/4050/1005 3019/4053/3019 4017/4052/4017 3016/4051/3016
f 3019/4053/3019 1000/3836/1000 3011/3837/3011 4017/4052/4017
f 4017/4052/4017 3011/3837/3011 973/3844/973 2957/4054/2957
f 3016/4051/3016 4017/4052/4017 2957/4054/2957 978/4055/978
f 994/3820/994 3008/4057/3008 4018/4056/4018 2965/3819/2965
f 3008/4057/3008 997/1264/997 3002/1265/3002 4018/4056/4018
f 4018/4056/4018 3002/1265/3002 977/1272/977 2961/4058/2961
f 2965/3819/2965 4018/4056/4018 2961/4058/2961 979/3822/979
f 1004/4048/1004 3018/4060/3018 4019/4059/4019 2971/4047/2971
f 3018/4060/3018 1003/3806/1003 3014/3807/3014 4019/4059/4019
f 4019/4059/4019 3014/3807/3014 981/3814/981 2962/4040/2962
f 2971/4047/2971 4019/4059/4019 2962/4040/2962 975/4037/975
f 996/1269/996 3007/4062/3007 4020/4061/4020 2969/1268/2969
f 3007/4062/3007 998/4064/998 2973/4063/2973 4020/4061/4020
f 4020/4061/4020 2973/4063/2973 970/4034/970 2952/4032/2952
f 2969/1268/2969 4020/4061/4020 2952/4032/2952 972/1271/972
f 999/4065/999 3006/4068/3006 4021/4067/4021 3004/4066/3004
f 3006/4068/3006 995/3815/995 3000/3816/3000 4021/4067/4021
f 4021/4067/4021 3000/3816/3000 980/3823/980 2959/4026/2959
f 3004/4066/3004 4021/4067/4021 2959/4026/2959 971/4023/971
f 1002/3811/1002 3017/4070/3017 4022/4069/4022 2967/3810/2967
f 3017/4070/3017 1005/4050/1005 3016/4051/3016 4022/4069/4022
f 4022/4069/4022 3016/4051/3016 978/4055/978 2963/4071/2963
f 2967/3810/2967 4022/4069/4022 2963/4071/2963 976/3813/976
f 998/4064/998 3005/4073/3005 4023/4072/4023 2973/4063/2973
f 3005/4073/3005 999/4065/999 3004/4066/3004 4023/4072/4023
f 4023/4072/4023 3004/4066/3004 971/4023/971 2951/4074/2951
f 2973/4063/2973 4023/4072/4023 2951/4074/2951 970/4034/970
f 991/4075/991 2985/4078/2985 4024/4077/4024 2982/4076/2982
f 2985/4078/2985 989/4022/989 2980/4020/2980 4024/4077/4024
f 4024/4077/4024 2980/4020/2980 984/4021/984 2976/4035/2976
f 2982/4076/2982 4024/4077/4024 2976/4035/2976 982/4036/982
f 993/4043/993 2988/4080/2988 4025/4079/4025 2986/4042/2986
f 2988/4080/2988 988/4082/988 2979/4081/2979 4025/4079/4025
f 4025/4079/4025 2979/4081/2979 986/4084/986 2978/4083/2978
f 2986/4042/2986 4025/4079/4025 2978/4083/2978 987/4044/987
f 988/4082/988 2987/4086/2987 4026/4085/4026 2979/4081/2979
f 2987/4086/2987 990/4088/990 2981/4087/2981 4026/4085/4026
f 4026/4085/4026 2981/4087/2981 985/4090/985 2977/4089/2977
f 2979/4081/2979 4026/4085/4026 2977/4089/2977 986/4084/986
f 992/4029/992 2984/4092/2984 4027/4091/4027 2983/4028/2983
f 2984/4092/2984 991/4075/991 2982/4076/2982 4027/4091/4027
f 4027/4091/4027 2982/4076/2982 982/4036/982 2975/4093/2975
f 2983/4028/2983 4027/4091/4027 2975/4093/2975 983/4030/983
f 976/3813/976 2963/4071/2963 4028/4095/4028 2995/4094/2995
f 2963/4071/2963 978/4055/978 2994/4096/2994 4028/4095/4028
f 4028/4095/4028 2994/4096/2994 990/4088/990 2987/4086/2987
f 2995/4094/2995 4028/4095/4028 2987/4086/2987 988/4082/988
f 973/3844/973 2953/3842/2953 4029/4098/4029 2997/4097/2997
f 2953/3842/2953 974/3843/974 2996/4099/2996 4029/4098/4029
f 4029/4098/4029 2996/4099/2996 986/4084/986 2977/4089/2977
f 2997/4097/2997 4029/4098/4029 2977/4089/2977 985/4090/985
f 980/3823/980 2960/3821/2960 4030/4100/4030 2991/4027/2991
f 2960/3821/2960 979/3822/979 2998/4101/2998 4030/4100/4030
f 4030/4100/4030 2998/4101/2998 991/4075/991 2984/4092/2984
f 2991/4027/2991 4030/4100/4030 2984/4092/2984 992/4029/992
f 978/4055/978 2957/4054/2957 4031/4102/4031 2994/4096/2994
f 2957/4054/2957 973/3844/973 2997/4097/2997 4031/4102/4031
f 4031/4102/4031 2997/4097/2997 985/4090/985 2981/4087/2981
f 2994/4096/2994 4031/4102/4031 2981/4087/2981 990/4088/990
f 981/3814/981 2964/3812/2964 4032/4103/4032 2958/4041/2958
f 2964/3812/2964 976/3813/976 2995/4094/2995 4032/4103/4032
f 4032/4103/4032 2995/4094/2995 988/4082/988 2988/4080/2988
f 2958/4041/2958 4032/4103/4032 2988/4080/2988 993/4043/993
f 974/3843/974 2954/4049/2954 4033/4104/4033 2996/4099/2996
f 2954/4049/2954 975/4037/975 2955/4038/2955 4033/4104/4033
f 4033/4104/4033 2955/4038/2955 987/4044/987 2978/4083/2978
f 2996/4099/2996 4033/4104/4033 2978/4083/2978 986/4084/986
f 979/3822/979 2961/4058/2961 4034/4105/4034 2998/4101/2998
f 2961/4058/2961 977/1272/977 2993/4017/2993 4034/4105/4034
f 4034/4105/4034 2993/4017/2993 989/4022/989 2985/4078/2985
f 2998/4101/2998 4034/4105/4034 2985/4078/2985 991/4075/991
f 970/4034/970 2951/4074/2951 4035/4106/4035 2989/4033/2989
f 2951/4074/2951 971/4023/971 2992/4024/2992 4035/4106/4035
f 4035/4106/4035 2992/4024/2992 983/4030/983 2975/4093/2975
f 2989/4033/2989 4035/4106/4035 2975/4093/2975 982/4036/982
f 939/2107/939 2878/2106/2878 4036/4108/4036 3003/4107/3003
f 2878/2106/2878 940/2105/940 2974/4109/2974 4036/4108/4036
f 4036/4108/4036 2974/4109/2974 999/4065/999 3005/4073/3005
f 3003/4107/3003 4036/4108/4036 3005/4073/3005 998/4064/998
f 940/2105/940 2898/3873/2898 4037/4110/4037 2974/4109/2974
f 2898/3873/2898 945/3874/945 2966/4111/2966 4037/4110/4037
f 4037/4110/4037 2966/4111/2966 995/3815/995 3006/4068/3006
f 2974/4109/2974 4037/4110/4037 3006/4068/3006 999/4065/999
f 941/2095/941 2881/2096/2881 4038/4113/4038 3001/4112/3001
f 2881/2096/2881 939/2107/939 3003/4107/3003 4038/4113/4038
f 4038/4113/4038 3003/4107/3003 998/4064/998 3007/4062/3007
f 3001/4112/3001 4038/4113/4038 3007/4062/3007 996/1269/996
f 944/4114/944 2907/4117/2907 4039/4116/4039 2999/4115/2999
f 2907/4117/2907 943/3854/943 2970/4118/2970 4039/4116/4039
f 4039/4116/4039 2970/4118/2970 997/1264/997 3008/4057/3008
f 2999/4115/2999 4039/4116/4039 3008/4057/3008 994/3820/994
f 945/3874/945 2906/4120/2906 4040/4119/4040 2966/4111/2966
f 2906/4120/2906 944/4114/944 2999/4115/2999 4040/4119/4040
f 4040/4119/4040 2999/4115/2999 994/3820/994 3009/3818/3009
f 2966/4111/2966 4040/4119/4040 3009/3818/3009 995/3815/995
f 943/3854/943 2886/3855/2886 4041/4121/4041 2970/4118/2970
f 2886/3855/2886 941/2095/941 3001/4112/3001 4041/4121/4041
f 4041/4121/4041 3001/4112/3001 996/1269/996 3010/1267/3010
f 2970/4118/2970 4041/4121/4041 3010/1267/3010 997/1264/997
f 952/3968/952 2924/3967/2924 4042/4123/4042 3013/4122/3013
f 2924/3967/2924 956/3830/956 2972/4124/2972 4042/4123/4042
f 4042/4123/4042 2972/4124/2972 1005/4050/1005 3017/4070/3017
f 3013/4122/3013 4042/4123/4042 3017/4070/3017 1002/3811/1002
f 938/2088/938 2916/3828/2916 4043/4126/4043 3015/4125/3015
f 2916/3828/2916 953/3829/953 2968/4127/2968 4043/4126/4043
f 4043/4126/4043 2968/4127/2968 1003/3806/1003 3018/4060/3018
f 3015/4125/3015 4043/4126/4043 3018/4060/3018 1004/4048/1004
f 956/3830/956 2890/3831/2890 4044/4128/4044 2972/4124/2972
f 2890/3831/2890 934/2092/934 2884/4129/2884 4044/4128/4044
f 4044/4128/4044 2884/4129/2884 1000/3836/1000 3019/4053/3019
f 2972/4124/2972 4044/4128/4044 3019/4053/3019 1005/4050/1005
f 942/2090/942 2883/2089/2883 4045/4131/4045 3012/4130/3012
f 2883/2089/2883 938/2088/938 3015/4125/3015 4045/4131/4045
f 4045/4131/4045 3015/4125/3015 1004/4048/1004 3020/4046/3020
f 3012/4130/3012 4045/4131/4045 3020/4046/3020 1001/3841/1001
f 934/2092/934 2882/2091/2882 4046/4132/4046 2884/4129/2884
f 2882/2091/2882 942/2090/942 3012/4130/3012 4046/4132/4046
f 4046/4132/4046 3012/4130/3012 1001/3841/1001 3021/3839/3021
f 2884/4129/2884 4046/4132/4046 3021/3839/3021 1000/3836/1000
f 953/3829/953 2925/3971/2925 4047/4133/4047 2968/4127/2968
f 2925/3971/2925 952/3968/952 3013/4122/3013 4047/4133/4047
f 4047/4133/4047 3013/4122/3013 1002/3811/1002 3022/3809/3022
f 2968/4127/2968 4047/4133/4047 3022/3809/3022 1003/3806/1003
f 933/2099/933 2895/3858/2895 4048/4135/4048 3023/4134/3023
f 2895/3858/2895 948/3859/948 2946/4136/2946 4048/4135/4048
f 4048/4135/4048 2946/4136/2946 1009/1381/1009 3029/4016/3029
f 3023/4134/3023 4048/4135/4048 3029/4016/3029 1006/3850/1006
f 947/4137/947 2905/4140/2905 4049/4139/4049 3025/4138/3025
f 2905/4140/2905 946/3869/946 2949/4141/2949 4049/4139/4049
f 4049/4139/4049 2949/4141/2949 1011/3997/1011 3030/4012/3030
f 3025/4138/3025 4049/4139/4049 3030/4012/3030 1008/1386/1008
f 932/2103/932 2403/2102/2403 4050/4143/4050 3027/4142/3027
f 2403/2102/2403 931/2101/931 2944/4144/2944 4050/4143/4050
f 4050/4143/4050 2944/4144/2944 1007/3845/1007 3031/4010/3031
f 3027/4142/3027 4050/4143/4050 3031/4010/3031 1010/4002/1010
f 946/3869/946 2893/3870/2893 4051/4145/4051 2949/4141/2949
f 2893/3870/2893 932/2103/932 3027/4142/3027 4051/4145/4051
f 4051/4145/4051 3027/4142/3027 1010/4002/1010 3032/4000/3032
f 2949/4141/2949 4051/4145/4051 3032/4000/3032 1011/3997/1011
f 931/2101/931 1371/2100/1371 4052/4146/4052 2944/4144/2944
f 1371/2100/1371 933/2099/933 3023/4134/3023 4052/4146/4052
f 4052/4146/4052 3023/4134/3023 1006/3850/1006 3033/3848/3033
f 2944/4144/2944 4052/4146/4052 3033/3848/3033 1007/3845/1007
f 948/3859/948 2903/4148/2903 4053/4147/4053 2946/4136/2946
f 2903/4148/2903 947/4137/947 3025/4138/3025 4053/4147/4053
f 4053/4147/4053 3025/4138/3025 1008/1386/1008 3034/1384/3034
f 2946/4136/2946 4053/4147/4053 3034/1384/3034 1009/1381/1009
f 954/3824/954 2888/3825/2888 4054/4150/4054 3040/4149/3040
f 2888/3825/2888 937/2086/937 2947/4151/2947 4054/4150/4054
f 4054/4150/4054 2947/4151/2947 1016/3993/1016 3041/4014/3041
f 3040/4149/3040 4054/4150/4054 3041/4014/3041 1017/4006/1017
f 935/2094/935 2891/3834/2891 4055/4153/4055 3037/4152/3037
f 2891/3834/2891 957/3835/957 2900/4154/2900 4055/4153/4055
f 4055/4153/4055 2900/4154/2900 1012/3875/1012 3042/4008/3042
f 3037/4152/3037 4055/4153/4055 3042/4008/3042 1014/3865/1014
f 955/3952/955 2926/3974/2926 4056/4156/4056 3036/4155/3036
f 2926/3974/2926 954/3824/954 3040/4149/3040 4056/4156/4056
f 4056/4156/4056 3040/4149/3040 1017/4006/1017 3043/4004/3043
f 3036/4155/3036 4056/4156/4056 3043/4004/3043 1013/3880/1013
f 937/2086/937 2876/2085/2876 4057/4157/4057 2947/4151/2947
f 2876/2085/2876 936/2082/936 2942/4158/2942 4057/4157/4057
f 4057/4157/4057 2942/4158/2942 1015/3860/1015 3044/3996/3044
f 2947/4151/2947 4057/4157/4057 3044/3996/3044 1016/3993/1016
f 957/3835/957 2921/3951/2921 4058/4159/4058 2900/4154/2900
f 2921/3951/2921 955/3952/955 3036/4155/3036 4058/4159/4058
f 4058/4159/4058 3036/4155/3036 1013/3880/1013 3045/3878/3045
f 2900/4154/2900 4058/4159/4058 3045/3878/3045 1012/3875/1012
f 936/2082/936 2875/2083/2875 4059/4160/4059 2942/4158/2942
f 2875/2083/2875 935/2094/935 3037/4152/3037 4059/4160/4059
f 4059/4160/4059 3037/4152/3037 1014/3865/1014 3046/3863/3046
f 2942/4158/2942 4059/4160/4059 3046/3863/3046 1015/3860/1015
f 4612/4161/4612 4615/4164/4615 4616/4163/4616 4613/4162/4613
f 4613/4162/4613 4616/4163/4616 4617/4166/4617 4614/4165/4614
f 4615/4164/4615 4618/4168/4618 4619/4167/4619 4616/4163/4616
f 4616/4163/4616 4619/4167/4619 4620/4169/4620 4617/4166/4617
f 4068/4170/4068 4201/4172/4201 4612/4161/4612 4147/4171/4147
f 4147/4171/4147 4612/4161/4612 4613/4162/4613 4148/4173/4148
f 4148/4173/4148 4613/4162/4613 4614/4165/4614 4149/4174/4149
f 4149/4174/4149 4614/4165/4614 4150/4176/4150 4061/4175/4061
f 4614/4165/4614 4617/4166/4617 4151/4177/4151 4150/4176/4150
f 4617/4166/4617 4620/4169/4620 4152/4178/4152 4151/4177/4151
f 4620/4169/4620 4183/4180/4183 4063/4179/4063 4152/4178/4152
f 4619/4167/4619 4184/4181/4184 4183/4180/4183 4620/4169/4620
f 4618/4168/4618 4185/4182/4185 4184/4181/4184 4619/4167/4619
f 4203/4183/4203 4069/4184/4069 4185/4182/4185 4618/4168/4618
f 4202/4185/4202 4203/4183/4203 4618/4168/4618 4615/4164/4615
f 4201/4172/4201 4202/4185/4202 4615/4164/4615 4612/4161/4612
f 4621/4186/4621 4624/4189/4624 4625/4188/4625 4622/4187/4622
f 4622/4187/4622 4625/4188/4625 4626/4191/4626 4623/4190/4623
f 4624/4189/4624 4627/4193/4627 4628/4192/4628 4625/4188/4625
f 4625/4188/4625 4628/4192/4628 4629/4194/4629 4626/4191/4626
f 4085/4195/4085 4198/4197/4198 4621/4186/4621 4311/4196/4311
f 4311/4196/4311 4621/4186/4621 4622/4187/4622 4310/4198/4310
f 4310/4198/4310 4622/4187/4622 4623/4190/4623 4309/4199/4309
f 4309/4199/4309 4623/4190/4623 4159/4201/4159 4081/4200/4081
f 4623/4190/4623 4626/4191/4626 4160/4202/4160 4159/4201/4159
f 4626/4191/4626 4629/4194/4629 4161/4203/4161 4160/4202/4160
f 4629/4194/4629 4186/4205/4186 4067/4204/4067 4161/4203/4161
f 4628/4192/4628 4187/4206/4187 4186/4205/4186 4629/4194/4629
f 4627/4193/4627 4188/4207/4188 4187/4206/4187 4628/4192/4628
f 4200/4208/4200 4070/4209/4070 4188/4207/4188 4627/4193/4627
f 4199/4210/4199 4200/4208/4200 4627/4193/4627 4624/4189/4624
f 4198/4197/4198 4199/4210/4199 4624/4189/4624 4621/4186/4621
f 4630/4211/4630 4633/4214/4633 4634/4213/4634 4631/4212/4631
f 4631/4212/4631 4634/4213/4634 4635/4216/4635 4632/4215/4632
f 4633/4214/4633 4636/4218/4636 4637/4217/4637 4634/4213/4634
f 4634/4213/4634 4637/4217/4637 4638/4219/4638 4635/4216/4635
f 4070/4209/4070 4195/4220/4195 4630/4211/4630 4188/4207/4188
f 4188/4207/4188 4630/4211/4630 4631/4212/4631 4187/4206/4187
f 4187/4206/4187 4631/4212/4631 4632/4215/4632 4186/4205/4186
f 4186/4205/4186 4632/4215/4632 4168/4221/4168 4067/4204/4067
f 4632/4215/4632 4635/4216/4635 4169/4222/4169 4168/4221/4168
f 4635/4216/4635 4638/4219/4638 4170/4223/4170 4169/4222/4169
f 4638/4219/4638 4189/4225/4189 4065/4224/4065 4170/4223/4170
f 4637/4217/4637 4190/4226/4190 4189/4225/4189 4638/4219/4638
f 4636/4218/4636 4191/4227/4191 4190/4226/4190 4637/4217/4637
f 4197/4228/4197 4071/4229/4071 4191/4227/4191 4636/4218/4636
f 4196/4230/4196 4197/4228/4197 4636/4218/4636 4633/4214/4633
f 4195/4220/4195 4196/4230/4196 4633/4214/4633 4630/4211/4630
f 4639/4231/4639 4642/4234/4642 4643/4233/4643 4640/4232/4640
f 4640/4232/4640 4643/4233/4643 4644/4236/4644 4641/4235/4641
f 4642/4234/4642 4645/4238/4645 4646/4237/4646 4643/4233/4643
f 4643/4233/4643 4646/4237/4646 4647/4239/4647 4644/4236/4644
f 4084/4240/4084 4192/4242/4192 4639/4231/4639 4308/4241/4308
f 4308/4241/4308 4639/4231/4639 4640/4232/4640 4307/4243/4307
f 4307/4243/4307 4640/4232/4640 4641/4235/4641 4306/4244/4306
f 4306/4244/4306 4641/4235/4641 4177/4246/4177 4083/4245/4083
f 4641/4235/4641 4644/4236/4644 4178/4247/4178 4177/4246/4177
f 4644/4236/4644 4647/4239/4647 4179/4248/4179 4178/4247/4178
f 4647/4239/4647 4149/4174/4149 4061/4175/4061 4179/4248/4179
f 4646/4237/4646 4148/4173/4148 4149/4174/4149 4647/4239/4647
f 4645/4238/4645 4147/4171/4147 4148/4173/4148 4646/4237/4646
f 4194/4249/4194 4068/4170/4068 4147/4171/4147 4645/4238/4645
f 4193/4250/4193 4194/4249/4194 4645/4238/4645 4642/4234/4642
f 4192/4242/4192 4193/4250/4193 4642/4234/4642 4639/4231/4639
f 4648/4251/4648 4651/4254/4651 4652/4253/4652 4649/4252/4649
f 4649/4252/4649 4652/4253/4652 4653/4256/4653 4650/4255/4650
f 4651/4254/4651 4654/4258/4654 4655/4257/4655 4652/4253/4652
f 4652/4253/4652 4655/4257/4655 4656/4259/4656 4653/4256/4653
f 4080/4260/4080 4303/4262/4303 4648/4251/4648 4254/4261/4254
f 4254/4261/4254 4648/4251/4648 4649/4252/4649 4253/4263/4253
f 4253/4263/4253 4649/4252/4649 4650/4255/4650 4252/4264/4252
f 4252/4264/4252 4650/4255/4650 4167/4266/4167 4066/4265/4066
f 4650/4255/4650 4653/4256/4653 4166/4267/4166 4167/4266/4167
f 4653/4256/4653 4656/4259/4656 4165/4268/4165 4166/4267/4166
f 4656/4259/4656 4176/4270/4176 4064/4269/4064 4165/4268/4165
f 4655/4257/4655 4175/4271/4175 4176/4270/4176 4656/4259/4656
f 4654/4258/4654 4174/4272/4174 4175/4271/4175 4655/4257/4655
f 4305/4273/4305 4082/4274/4082 4174/4272/4174 4654/4258/4654
f 4304/4275/4304 4305/4273/4305 4654/4258/4654 4651/4254/4651
f 4303/4262/4303 4304/4275/4304 4651/4254/4651 4648/4251/4648
f 4657/4276/4657 4660/4279/4660 4661/4278/4661 4658/4277/4658
f 4658/4277/4658 4661/4278/4661 4662/4281/4662 4659/4280/4659
f 4660/4279/4660 4663/4283/4663 4664/4282/4664 4661/4278/4661
f 4661/4278/4661 4664/4282/4664 4665/4284/4665 4662/4281/4662
f 4081/4285/4081 4300/4287/4300 4657/4276/4657 4257/4286/4257
f 4257/4286/4257 4657/4276/4657 4658/4277/4658 4256/4288/4256
f 4256/4288/4256 4658/4277/4658 4659/4280/4659 4255/4289/4255
f 4255/4289/4255 4659/4280/4659 4152/4178/4152 4063/4179/4063
f 4659/4280/4659 4662/4281/4662 4151/4177/4151 4152/4178/4152
f 4662/4281/4662 4665/4284/4665 4150/4176/4150 4151/4177/4151
f 4665/4284/4665 4179/4248/4179 4061/4175/4061 4150/4176/4150
f 4664/4282/4664 4178/4247/4178 4179/4248/4179 4665/4284/4665
f 4663/4283/4663 4177/4246/4177 4178/4247/4178 4664/4282/4664
f 4302/4290/4302 4083/4245/4083 4177/4246/4177 4663/4283/4663
f 4301/4291/4301 4302/4290/4302 4663/4283/4663 4660/4279/4660
f 4300/4287/4300 4301/4291/4301 4660/4279/4660 4657/4276/4657
f 4666/4292/4666 4669/4295/4669 4670/4294/4670 4667/4293/4667
f 4667/4293/4667 4670/4294/4670 4671/4297/4671 4668/4296/4668
f 4669/4295/4669 4672/4299/4672 4673/4298/4673 4670/4294/4670
f 4670/4294/4670 4673/4298/4673 4674/4300/4674 4671/4297/4671
f 4089/4301/4089 4249/4303/4249 4666/4292/4666 4299/4302/4299
f 4299/4302/4299 4666/4292/4666 4667/4293/4667 4298/4304/4298
f 4298/4304/4298 4667/4293/4667 4668/4296/4668 4297/4305/4297
f 4297/4305/4297 4668/4296/4668 4192/4242/4192 4084/4240/4084
f 4668/4296/4668 4671/4297/4671 4193/4250/4193 4192/4242/4192
f 4671/4297/4671 4674/4300/4674 4194/4249/4194 4193/4250/4193
f 4674/4300/4674 4182/4306/4182 4068/4170/4068 4194/4249/4194
f 4673/4298/4673 4181/4307/4181 4182/4306/4182 4674/4300/4674
f 4672/4299/4672 4180/4308/4180 4181/4307/4181 4673/4298/4673
f 4251/4309/4251 4076/4310/4076 4180/4308/4180 4672/4299/4672
f 4250/4311/4250 4251/4309/4251 4672/4299/4672 4669/4295/4669
f 4249/4303/4249 4250/4311/4250 4669/4295/4669 4666/4292/4666
f 4675/4312/4675 4678/4315/4678 4679/4314/4679 4676/4313/4676
f 4676/4313/4676 4679/4314/4679 4680/4317/4680 4677/4316/4677
f 4678/4315/4678 4681/4319/4681 4682/4318/4682 4679/4314/4679
f 4679/4314/4679 4682/4318/4682 4683/4320/4683 4680/4317/4680
f 4078/4321/4078 4246/4323/4246 4675/4312/4675 4236/4322/4236
f 4236/4322/4236 4675/4312/4675 4676/4313/4676 4235/4324/4235
f 4235/4324/4235 4676/4313/4676 4677/4316/4677 4234/4325/4234
f 4234/4325/4234 4677/4316/4677 4195/4220/4195 4070/4209/4070
f 4677/4316/4677 4680/4317/4680 4196/4230/4196 4195/4220/4195
f 4680/4317/4680 4683/4320/4683 4197/4228/4197 4196/4230/4196
f 4683/4320/4683 4237/4326/4237 4071/4229/4071 4197/4228/4197
f 4682/4318/4682 4238/4327/4238 4237/4326/4237 4683/4320/4683
f 4681/4319/4681 4239/4328/4239 4238/4327/4238 4682/4318/4682
f 4248/4329/4248 4079/4330/4079 4239/4328/4239 4681/4319/4681
f 4247/4331/4247 4248/4329/4248 4681/4319/4681 4678/4315/4678
f 4246/4323/4246 4247/4331/4247 4678/4315/4678 4675/4312/4675
f 4684/4332/4684 4687/4335/4687 4688/4334/4688 4685/4333/4685
f 4685/4333/4685 4688/4334/4688 4689/4337/4689 4686/4336/4686
f 4687/4335/4687 4690/4339/4690 4691/4338/4691 4688/4334/4688
f 4688/4334/4688 4691/4338/4691 4692/4340/4692 4689/4337/4689
f 4088/4341/4088 4243/4343/4243 4684/4332/4684 4296/4342/4296
f 4296/4342/4296 4684/4332/4684 4685/4333/4685 4295/4344/4295
f 4295/4344/4295 4685/4333/4685 4686/4336/4686 4294/4345/4294
f 4294/4345/4294 4686/4336/4686 4198/4197/4198 4085/4195/4085
f 4686/4336/4686 4689/4337/4689 4199/4210/4199 4198/4197/4198
f 4689/4337/4689 4692/4340/4692 4200/4208/4200 4199/4210/4199
f 4692/4340/4692 4234/4325/4234 4070/4209/4070 4200/4208/4200
f 4691/4338/4691 4235/4324/4235 4234/4325/4234 4692/4340/4692
f 4690/4339/4690 4236/4322/4236 4235/4324/4235 4691/4338/4691
f 4245/4346/4245 4078/4321/4078 4236/4322/4236 4690/4339/4690
f 4244/4347/4244 4245/4346/4245 4690/4339/4690 4687/4335/4687
f 4243/4343/4243 4244/4347/4244 4687/4335/4687 4684/4332/4684
f 4693/4348/4693 4696/4351/4696 4697/4350/4697 4694/4349/4694
f 4694/4349/4694 4697/4350/4697 4698/4353/4698 4695/4352/4695
f 4696/4351/4696 4699/4355/4699 4700/4354/4700 4697/4350/4697
f 4697/4350/4697 4700/4354/4700 4701/4356/4701 4698/4353/4698
f 4076/4310/4076 4240/4357/4240 4693/4348/4693 4180/4308/4180
f 4180/4308/4180 4693/4348/4693 4694/4349/4694 4181/4307/4181
f 4181/4307/4181 4694/4349/4694 4695/4352/4695 4182/4306/4182
f 4182/4306/4182 4695/4352/4695 4201/4172/4201 4068/4170/4068
f 4695/4352/4695 4698/4353/4698 4202/4185/4202 4201/4172/4201
f 4698/4353/4698 4701/4356/4701 4203/4183/4203 4202/4185/4202
f 4701/4356/4701 4231/4358/4231 4069/4184/4069 4203/4183/4203
f 4700/4354/4700 4232/4359/4232 4231/4358/4231 4701/4356/4701
f 4699/4355/4699 4233/4360/4233 4232/4359/4232 4700/4354/4700
f 4242/4361/4242 4077/4362/4077 4233/4360/4233 4699/4355/4699
f 4241/4363/4241 4242/4361/4242 4699/4355/4699 4696/4351/4696
f 4240/4357/4240 4241/4363/4241 4696/4351/4696 4693/4348/4693
f 4702/4364/4702 4705/4367/4705 4706/4366/4706 4703/4365/4703
f 4703/4365/4703 4706/4366/4706 4707/4369/4707 4704/4368/4704
f 4705/4367/4705 4708/4371/4708 4709/4370/4709 4706/4366/4706
f 4706/4366/4706 4709/4370/4709 4710/4372/4710 4707/4369/4707
f 4060/4373/4060 4146/4375/4146 4702/4364/4702 4213/4374/4213
f 4213/4374/4213 4702/4364/4702 4703/4365/4703 4214/4376/4214
f 4214/4376/4214 4703/4365/4703 4704/4368/4704 4215/4377/4215
f 4215/4377/4215 4704/4368/4704 4216/4379/4216 4075/4378/4075
f 4704/4368/4704 4707/4369/4707 4217/4380/4217 4216/4379/4216
f 4707/4369/4707 4710/4372/4710 4218/4381/4218 4217/4380/4217
f 4710/4372/4710 4153/4383/4153 4072/4382/4072 4218/4381/4218
f 4709/4370/4709 4154/4384/4154 4153/4383/4153 4710/4372/4710
f 4708/4371/4708 4155/4385/4155 4154/4384/4154 4709/4370/4709
f 4144/4386/4144 4062/4387/4062 4155/4385/4155 4708/4371/4708
f 4145/4388/4145 4144/4386/4144 4708/4371/4708 4705/4367/4705
f 4146/4375/4146 4145/4388/4145 4705/4367/4705 4702/4364/4702
f 4711/4389/4711 4714/4392/4714 4715/4391/4715 4712/4390/4712
f 4712/4390/4712 4715/4391/4715 4716/4394/4716 4713/4393/4713
f 4714/4392/4714 4717/4396/4717 4718/4395/4718 4715/4391/4715
f 4715/4391/4715 4718/4395/4718 4719/4397/4719 4716/4394/4716
f 4080/4260/4080 4254/4261/4254 4711/4389/4711 4293/4398/4293
f 4293/4398/4293 4711/4389/4711 4712/4390/4712 4292/4399/4292
f 4292/4399/4292 4712/4390/4712 4713/4393/4713 4291/4400/4291
f 4291/4400/4291 4713/4393/4713 4219/4402/4219 4086/4401/4086
f 4713/4393/4713 4716/4394/4716 4220/4403/4220 4219/4402/4219
f 4716/4394/4716 4719/4397/4719 4221/4404/4221 4220/4403/4220
f 4719/4397/4719 4162/4406/4162 4073/4405/4073 4221/4404/4221
f 4718/4395/4718 4163/4407/4163 4162/4406/4162 4719/4397/4719
f 4717/4396/4717 4164/4408/4164 4163/4407/4163 4718/4395/4718
f 4252/4264/4252 4066/4265/4066 4164/4408/4164 4717/4396/4717
f 4253/4263/4253 4252/4264/4252 4717/4396/4717 4714/4392/4714
f 4254/4261/4254 4253/4263/4253 4714/4392/4714 4711/4389/4711
f 4720/4409/4720 4723/4412/4723 4724/4411/4724 4721/4410/4721
f 4721/4410/4721 4724/4411/4724 4725/4414/4725 4722/4413/4722
f 4723/4412/4723 4726/4416/4726 4727/4415/4727 4724/4411/4724
f 4724/4411/4724 4727/4415/4727 4728/4417/4728 4725/4414/4725
f 4066/4265/4066 4167/4266/4167 4720/4409/4720 4164/4408/4164
f 4164/4408/4164 4720/4409/4720 4721/4410/4721 4163/4407/4163
f 4163/4407/4163 4721/4410/4721 4722/4413/4722 4162/4406/4162
f 4162/4406/4162 4722/4413/4722 4222/4418/4222 4073/4405/4073
f 4722/4413/4722 4725/4414/4725 4223/4419/4223 4222/4418/4222
f 4725/4414/4725 4728/4417/4728 4224/4420/4224 4223/4419/4223
f 4728/4417/4728 4171/4422/4171 4074/4421/4074 4224/4420/4224
f 4727/4415/4727 4172/4423/4172 4171/4422/4171 4728/4417/4728
f 4726/4416/4726 4173/4424/4173 4172/4423/4172 4727/4415/4727
f 4165/4268/4165 4064/4269/4064 4173/4424/4173 4726/4416/4726
f 4166/4267/4166 4165/4268/4165 4726/4416/4726 4723/4412/4723
f 4167/4266/4167 4166/4267/4166 4723/4412/4723 4720/4409/4720
f 4729/4425/4729 4732/4428/4732 4733/4427/4733 4730/4426/4730
f 4730/4426/4730 4733/4427/4733 4734/4430/4734 4731/4429/4731
f 4732/4428/4732 4735/4432/4735 4736/4431/4736 4733/4427/4733
f 4733/4427/4733 4736/4431/4736 4737/4433/4737 4734/4430/4734
f 4082/4434/4082 4260/4436/4260 4729/4425/4729 4290/4435/4290
f 4290/4435/4290 4729/4425/4729 4730/4426/4730 4289/4437/4289
f 4289/4437/4289 4730/4426/4730 4731/4429/4731 4288/4438/4288
f 4288/4438/4288 4731/4429/4731 4225/4440/4225 4087/4439/4087
f 4731/4429/4731 4734/4430/4734 4226/4441/4226 4225/4440/4225
f 4734/4430/4734 4737/4433/4737 4227/4442/4227 4226/4441/4226
f 4737/4433/4737 4215/4377/4215 4075/4378/4075 4227/4442/4227
f 4736/4431/4736 4214/4376/4214 4215/4377/4215 4737/4433/4737
f 4735/4432/4735 4213/4374/4213 4214/4376/4214 4736/4431/4736
f 4258/4443/4258 4060/4373/4060 4213/4374/4213 4735/4432/4735
f 4259/4444/4259 4258/4443/4258 4735/4432/4735 4732/4428/4732
f 4260/4436/4260 4259/4444/4259 4732/4428/4732 4729/4425/4729
f 4738/4445/4738 4741/4448/4741 4742/4447/4742 4739/4446/4739
f 4739/4446/4739 4742/4447/4742 4743/4450/4743 4740/4449/4740
f 4741/4448/4741 4744/4452/4744 4745/4451/4745 4742/4447/4742
f 4742/4447/4742 4745/4451/4745 4746/4453/4746 4743/4450/4743
f 4075/4378/4075 4216/4379/4216 4738/4445/4738 4228/4454/4228
f 4228/4454/4228 4738/4445/4738 4739/4446/4739 4229/4455/4229
f 4229/4455/4229 4739/4446/4739 4740/4449/4740 4230/4456/4230
f 4230/4456/4230 4740/4449/4740 4240/4357/4240 4076/4310/4076
f 4740/4449/4740 4743/4450/4743 4241/4363/4241 4240/4357/4240
f 4743/4450/4743 4746/4453/4746 4242/4361/4242 4241/4363/4241
f 4746/4453/4746 4204/4457/4204 4077/4362/4077 4242/4361/4242
f 4745/4451/4745 4205/4458/4205 4204/4457/4204 4746/4453/4746
f 4744/4452/4744 4206/4459/4206 4205/4458/4205 4745/4451/4745
f 4218/4381/4218 4072/4382/4072 4206/4459/4206 4744/4452/4744
f 4217/4380/4217 4218/4381/4218 4744/4452/4744 4741/4448/4741
f 4216/4379/4216 4217/4380/4217 4741/4448/4741 4738/4445/4738
f 4747/4460/4747 4750/4463/4750 4751/4462/4751 4748/4461/4748
f 4748/4461/4748 4751/4462/4751 4752/4465/4752 4749/4464/4749
f 4750/4463/4750 4753/4467/4753 4754/4466/4754 4751/4462/4751
f 4751/4462/4751 4754/4466/4754 4755/4468/4755 4752/4465/4752
f 4086/4401/4086 4219/4402/4219 4747/4460/4747 4287/4469/4287
f 4287/4469/4287 4747/4460/4747 4748/4461/4748 4286/4470/4286
f 4286/4470/4286 4748/4461/4748 4749/4464/4749 4285/4471/4285
f 4285/4471/4285 4749/4464/4749 4243/4343/4243 4088/4341/4088
f 4749/4464/4749 4752/4465/4752 4244/4347/4244 4243/4343/4243
f 4752/4465/4752 4755/4468/4755 4245/4346/4245 4244/4347/4244
f 4755/4468/4755 4207/4472/4207 4078/4321/4078 4245/4346/4245
f 4754/4466/4754 4208/4473/4208 4207/4472/4207 4755/4468/4755
f 4753/4467/4753 4209/4474/4209 4208/4473/4208 4754/4466/4754
f 4221/4404/4221 4073/4405/4073 4209/4474/4209 4753/4467/4753
f 4220/4403/4220 4221/4404/4221 4753/4467/4753 4750/4463/4750
f 4219/4402/4219 4220/4403/4220 4750/4463/4750 4747/4460/4747
f 4756/4475/4756 4759/4478/4759 4760/4477/4760 4757/4476/4757
f 4757/4476/4757 4760/4477/4760 4761/4480/4761 4758/4479/4758
f 4759/4478/4759 4762/4482/4762 4763/4481/4763 4760/4477/4760
f 4760/4477/4760 4763/4481/4763 4764/4483/4764 4761/4480/4761
f 4073/4405/4073 4222/4418/4222 4756/4475/4756 4209/4474/4209
f 4209/4474/4209 4756/4475/4756 4757/4476/4757 4208/4473/4208
f 4208/4473/4208 4757/4476/4757 4758/4479/4758 4207/4472/4207
f 4207/4472/4207 4758/4479/4758 4246/4323/4246 4078/4321/4078
f 4758/4479/4758 4761/4480/4761 4247/4331/4247 4246/4323/4246
f 4761/4480/4761 4764/4483/4764 4248/4329/4248 4247/4331/4247
f 4764/4483/4764 4210/4484/4210 4079/4330/4079 4248/4329/4248
f 4763/4481/4763 4211/4485/4211 4210/4484/4210 4764/4483/4764
f 4762/4482/4762 4212/4486/4212 4211/4485/4211 4763/4481/4763
f 4224/4420/4224 4074/4421/4074 4212/4486/4212 4762/4482/4762
f 4223/4419/4223 4224/4420/4224 4762/4482/4762 4759/4478/4759
f 4222/4418/4222 4223/4419/4223 4759/4478/4759 4756/4475/4756
f 4765/4487/4765 4768/4490/4768 4769/4489/4769 4766/4488/4766
f 4766/4488/4766 4769/4489/4769 4770/4492/4770 4767/4491/4767
f 4768/4490/4768 4771/4494/4771 4772/4493/4772 4769/4489/4769
f 4769/4489/4769 4772/4493/4772 4773/4495/4773 4770/4492/4770
f 4087/4439/4087 4225/4440/4225 4765/4487/4765 4284/4496/4284
f 4284/4496/4284 4765/4487/4765 4766/4488/4766 4283/4497/4283
f 4283/4497/4283 4766/4488/4766 4767/4491/4767 4282/4498/4282
f 4282/4498/4282 4767/4491/4767 4249/4303/4249 4089/4301/4089
f 4767/4491/4767 4770/4492/4770 4250/4311/4250 4249/4303/4249
f 4770/4492/4770 4773/4495/4773 4251/4309/4251 4250/4311/4250
f 4773/4495/4773 4230/4456/4230 4076/4310/4076 4251/4309/4251
f 4772/4493/4772 4229/4455/4229 4230/4456/4230 4773/4495/4773
f 4771/4494/4771 4228/4454/4228 4229/4455/4229 4772/4493/4772
f 4227/4442/4227 4075/4378/4075 4228/4454/4228 4771/4494/4771
f 4226/4441/4226 4227/4442/4227 4771/4494/4771 4768/4490/4768
f 4225/4440/4225 4226/4441/4226 4768/4490/4768 4765/4487/4765
f 4774/4499/4774 4777/4502/4777 4778/4501/4778 4775/4500/4775
f 4775/4500/4775 4778/4501/4778 4779/4504/4779 4776/4503/4776
f 4777/4502/4777 4780/4506/4780 4781/4505/4781 4778/4501/4778
f 4778/4501/4778 4781/4505/4781 4782/4507/4782 4779/4504/4779
f 4074/4421/4074 4273/4508/4273 4774/4499/4774 4212/4486/4212
f 4212/4486/4212 4774/4499/4774 4775/4500/4775 4211/4485/4211
f 4211/4485/4211 4775/4500/4775 4776/4503/4776 4210/4484/4210
f 4210/4484/4210 4776/4503/4776 4279/4509/4279 4079/4330/4079
f 4776/4503/4776 4779/4504/4779 4280/4510/4280 4279/4509/4279
f 4779/4504/4779 4782/4507/4782 4281/4511/4281 4280/4510/4280
f 4782/4507/4782 4282/4513/4282 4089/4512/4089 4281/4511/4281
f 4781/4505/4781 4283/4514/4283 4282/4513/4282 4782/4507/4782
f 4780/4506/4780 4284/4515/4284 4283/4514/4283 4781/4505/4781
f 4275/4516/4275 4087/4517/4087 4284/4515/4284 4780/4506/4780
f 4274/4518/4274 4275/4516/4275 4780/4506/4780 4777/4502/4777
f 4273/4508/4273 4274/4518/4274 4777/4502/4777 4774/4499/4774
f 4783/4519/4783 4786/4522/4786 4787/4521/4787 4784/4520/4784
f 4784/4520/4784 4787/4521/4787 4788/4524/4788 4785/4523/4785
f 4786/4522/4786 4789/4526/4789 4790/4525/4790 4787/4521/4787
f 4787/4521/4787 4790/4525/4790 4791/4527/4791 4788/4524/4788
f 4072/4382/4072 4270/4528/4270 4783/4519/4783 4206/4459/4206
f 4206/4459/4206 4783/4519/4783 4784/4520/4784 4205/4458/4205
f 4205/4458/4205 4784/4520/4784 4785/4523/4785 4204/4457/4204
f 4204/4457/4204 4785/4523/4785 4276/4529/4276 4077/4362/4077
f 4785/4523/4785 4788/4524/4788 4277/4530/4277 4276/4529/4276
f 4788/4524/4788 4791/4527/4791 4278/4531/4278 4277/4530/4277
f 4791/4527/4791 4285/4533/4285 4088/4532/4088 4278/4531/4278
f 4790/4525/4790 4286/4534/4286 4285/4533/4285 4791/4527/4791
f 4789/4526/4789 4287/4535/4287 4286/4534/4286 4790/4525/4790
f 4272/4536/4272 4086/4537/4086 4287/4535/4287 4789/4526/4789
f 4271/4538/4271 4272/4536/4272 4789/4526/4789 4786/4522/4786
f 4270/4528/4270 4271/4538/4271 4786/4522/4786 4783/4519/4783
f 4792/4539/4792 4795/4542/4795 4796/4541/4796 4793/4540/4793
f 4793/4540/4793 4796/4541/4796 4797/4544/4797 4794/4543/4794
f 4795/4542/4795 4798/4546/4798 4799/4545/4799 4796/4541/4796
f 4796/4541/4796 4799/4545/4799 4800/4547/4800 4797/4544/4797
f 4064/4269/4064 4176/4270/4176 4792/4539/4792 4173/4424/4173
f 4173/4424/4173 4792/4539/4792 4793/4540/4793 4172/4423/4172
f 4172/4423/4172 4793/4540/4793 4794/4543/4794 4171/4422/4171
f 4171/4422/4171 4794/4543/4794 4273/4508/4273 4074/4421/4074
f 4794/4543/4794 4797/4544/4797 4274/4518/4274 4273/4508/4273
f 4797/4544/4797 4800/4547/4800 4275/4516/4275 4274/4518/4274
f 4800/4547/4800 4288/4548/4288 4087/4517/4087 4275/4516/4275
f 4799/4545/4799 4289/4549/4289 4288/4548/4288 4800/4547/4800
f 4798/4546/4798 4290/4550/4290 4289/4549/4289 4799/4545/4799
f 4174/4272/4174 4082/4274/4082 4290/4550/4290 4798/4546/4798
f 4175/4271/4175 4174/4272/4174 4798/4546/4798 4795/4542/4795
f 4176/4270/4176 4175/4271/4175 4795/4542/4795 4792/4539/4792
f 4801/4551/4801 4804/4554/4804 4805/4553/4805 4802/4552/4802
f 4802/4552/4802 4805/4553/4805 4806/4556/4806 4803/4555/4803
f 4804/4554/4804 4807/4558/4807 4808/4557/4808 4805/4553/4805
f 4805/4553/4805 4808/4557/4808 4809/4559/4809 4806/4556/4806
f 4062/4387/4062 4158/4560/4158 4801/4551/4801 4155/4385/4155
f 4155/4385/4155 4801/4551/4801 4802/4552/4802 4154/4384/4154
f 4154/4384/4154 4802/4552/4802 4803/4555/4803 4153/4383/4153
f 4153/4383/4153 4803/4555/4803 4270/4528/4270 4072/4382/4072
f 4803/4555/4803 4806/4556/4806 4271/4538/4271 4270/4528/4270
f 4806/4556/4806 4809/4559/4809 4272/4536/4272 4271/4538/4271
f 4809/4559/4809 4291/4561/4291 4086/4537/4086 4272/4536/4272
f 4808/4557/4808 4292/4562/4292 4291/4561/4291 4809/4559/4809
f 4807/4558/4807 4293/4563/4293 4292/4562/4292 4808/4557/4808
f 4156/4564/4156 4080/4565/4080 4293/4563/4293 4807/4558/4807
f 4157/4566/4157 4156/4564/4156 4807/4558/4807 4804/4554/4804
f 4158/4560/4158 4157/4566/4157 4804/4554/4804 4801/4551/4801
f 4810/4567/4810 4813/4570/4813 4814/4569/4814 4811/4568/4811
f 4811/4568/4811 4814/4569/4814 4815/4572/4815 4812/4571/4812
f 4813/4570/4813 4816/4574/4816 4817/4573/4817 4814/4569/4814
f 4814/4569/4814 4817/4573/4817 4818/4575/4818 4815/4572/4815
f 4077/4362/4077 4276/4529/4276 4810/4567/4810 4233/4360/4233
f 4233/4360/4233 4810/4567/4810 4811/4568/4811 4232/4359/4232
f 4232/4359/4232 4811/4568/4811 4812/4571/4812 4231/4358/4231
f 4231/4358/4231 4812/4571/4812 4267/4576/4267 4069/4184/4069
f 4812/4571/4812 4815/4572/4815 4268/4577/4268 4267/4576/4267
f 4815/4572/4815 4818/4575/4818 4269/4578/4269 4268/4577/4268
f 4818/4575/4818 4294/4580/4294 4085/4579/4085 4269/4578/4269
f 4817/4573/4817 4295/4581/4295 4294/4580/4294 4818/4575/4818
f 4816/4574/4816 4296/4582/4296 4295/4581/4295 4817/4573/4817
f 4278/4531/4278 4088/4532/4088 4296/4582/4296 4816/4574/4816
f 4277/4530/4277 4278/4531/4278 4816/4574/4816 4813/4570/4813
f 4276/4529/4276 4277/4530/4277 4813/4570/4813 4810/4567/4810
f 4819/4583/4819 4822/4586/4822 4823/4585/4823 4820/4584/4820
f 4820/4584/4820 4823/4585/4823 4824/4588/4824 4821/4587/4821
f 4822/4586/4822 4825/4590/4825 4826/4589/4826 4823/4585/4823
f 4823/4585/4823 4826/4589/4826 4827/4591/4827 4824/4588/4824
f 4079/4330/4079 4279/4509/4279 4819/4583/4819 4239/4328/4239
f 4239/4328/4239 4819/4583/4819 4820/4584/4820 4238/4327/4238
f 4238/4327/4238 4820/4584/4820 4821/4587/4821 4237/4326/4237
f 4237/4326/4237 4821/4587/4821 4264/4592/4264 4071/4229/4071
f 4821/4587/4821 4824/4588/4824 4265/4593/4265 4264/4592/4264
f 4824/4588/4824 4827/4591/4827 4266/4594/4266 4265/4593/4265
f 4827/4591/4827 4297/4596/4297 4084/4595/4084 4266/4594/4266
f 4826/4589/4826 4298/4597/4298 4297/4596/4297 4827/4591/4827
f 4825/4590/4825 4299/4598/4299 4298/4597/4298 4826/4589/4826
f 4281/4511/4281 4089/4512/4089 4299/4598/4299 4825/4590/4825
f 4280/4510/4280 4281/4511/4281 4825/4590/4825 4822/4586/4822
f 4279/4509/4279 4280/4510/4280 4822/4586/4822 4819/4583/4819
f 4828/4599/4828 4831/4602/4831 4832/4601/4832 4829/4600/4829
f 4829/4600/4829 4832/4601/4832 4833/4604/4833 4830/4603/4830
f 4831/4602/4831 4834/4606/4834 4835/4605/4835 4832/4601/4832
f 4832/4601/4832 4835/4605/4835 4836/4607/4836 4833/4604/4833
f 4067/4204/4067 4168/4221/4168 4828/4599/4828 4161/4203/4161
f 4161/4203/4161 4828/4599/4828 4829/4600/4829 4160/4202/4160
f 4160/4202/4160 4829/4600/4829 4830/4603/4830 4159/4201/4159
f 4159/4201/4159 4830/4603/4830 4300/4608/4300 4081/4200/4081
f 4830/4603/4830 4833/4604/4833 4301/4609/4301 4300/4608/4300
f 4833/4604/4833 4836/4607/4836 4302/4610/4302 4301/4609/4301
f 4836/4607/4836 4263/4612/4263 4083/4611/4083 4302/4610/4302
f 4835/4605/4835 4262/4613/4262 4263/4612/4263 4836/4607/4836
f 4834/4606/4834 4261/4614/4261 4262/4613/4262 4835/4605/4835
f 4170/4223/4170 4065/4224/4065 4261/4614/4261 4834/4606/4834
f 4169/4222/4169 4170/4223/4170 4834/4606/4834 4831/4602/4831
f 4168/4221/4168 4169/4222/4169 4831/4602/4831 4828/4599/4828
f 4837/4615/4837 4840/4618/4840 4841/4617/4841 4838/4616/4838
f 4838/4616/4838 4841/4617/4841 4842/4620/4842 4839/4619/4839
f 4840/4618/4840 4843/4622/4843 4844/4621/4844 4841/4617/4841
f 4841/4617/4841 4844/4621/4844 4845/4623/4845 4842/4620/4842
f 4062/4387/4062 4144/4386/4144 4837/4615/4837 4158/4560/4158
f 4158/4560/4158 4837/4615/4837 4838/4616/4838 4157/4566/4157
f 4157/4566/4157 4838/4616/4838 4839/4619/4839 4156/4564/4156
f 4156/4564/4156 4839/4619/4839 4303/4624/4303 4080/4565/4080
f 4839/4619/4839 4842/4620/4842 4304/4625/4304 4303/4624/4303
f 4842/4620/4842 4845/4623/4845 4305/4626/4305 4304/4625/4304
f 4845/4623/4845 4260/4436/4260 4082/4434/4082 4305/4626/4305
f 4844/4621/4844 4259/4444/4259 4260/4436/4260 4845/4623/4845
f 4843/4622/4843 4258/4443/4258 4259/4444/4259 4844/4621/4844
f 4146/4375/4146 4060/4373/4060 4258/4443/4258 4843/4622/4843
f 4145/4388/4145 4146/4375/4146 4843/4622/4843 4840/4618/4840
f 4144/4386/4144 4145/4388/4145 4840/4618/4840 4837/4615/4837
f 4846/4627/4846 4849/4630/4849 4850/4629/4850 4847/4628/4847
f 4847/4628/4847 4850/4629/4850 4851/4632/4851 4848/4631/4848
f 4849/4630/4849 4852/4634/4852 4853/4633/4853 4850/4629/4850
f 4850/4629/4850 4853/4633/4853 4854/4635/4854 4851/4632/4851
f 4071/4229/4071 4264/4592/4264 4846/4627/4846 4191/4227/4191
f 4191/4227/4191 4846/4627/4846 4847/4628/4847 4190/4226/4190
f 4190/4226/4190 4847/4628/4847 4848/4631/4848 4189/4225/4189
f 4189/4225/4189 4848/4631/4848 4261/4614/4261 4065/4224/4065
f 4848/4631/4848 4851/4632/4851 4262/4613/4262 4261/4614/4261
f 4851/4632/4851 4854/4635/4854 4263/4612/4263 4262/4613/4262
f 4854/4635/4854 4306/4636/4306 4083/4611/4083 4263/4612/4263
f 4853/4633/4853 4307/4637/4307 4306/4636/4306 4854/4635/4854
f 4852/4634/4852 4308/4638/4308 4307/4637/4307 4853/4633/4853
f 4266/4594/4266 4084/4595/4084 4308/4638/4308 4852/4634/4852
f 4265/4593/4265 4266/4594/4266 4852/4634/4852 4849/4630/4849
f 4264/4592/4264 4265/4593/4265 4849/4630/4849 4846/4627/4846
f 4855/4639/4855 4858/4642/4858 4859/4641/4859 4856/4640/4856
f 4856/4640/4856 4859/4641/4859 4860/4644/4860 4857/4643/4857
f 4858/4642/4858 4861/4646/4861 4862/4645/4862 4859/4641/4859
f 4859/4641/4859 4862/4645/4862 4863/4647/4863 4860/4644/4860
f 4069/4184/4069 4267/4576/4267 4855/4639/4855 4185/4182/4185
f 4185/4182/4185 4855/4639/4855 4856/4640/4856 4184/4181/4184
f 4184/4181/4184 4856/4640/4856 4857/4643/4857 4183/4180/4183
f 4183/4180/4183 4857/4643/4857 4255/4289/4255 4063/4179/4063
f 4857/4643/4857 4860/4644/4860 4256/4288/4256 4255/4289/4255
f 4860/4644/4860 4863/4647/4863 4257/4286/4257 4256/4288/4256
f 4863/4647/4863 4309/4648/4309 4081/4285/4081 4257/4286/4257
f 4862/4645/4862 4310/4649/4310 4309/4648/4309 4863/4647/4863
f 4861/4646/4861 4311/4650/4311 4310/4649/4310 4862/4645/4862
f 4269/4578/4269 4085/4579/4085 4311/4650/4311 4861/4646/4861
f 4268/4577/4268 4269/4578/4269 4861/4646/4861 4858/4642/4858
f 4267/4576/4267 4268/4577/4268 4858/4642/4858 4855/4639/4855
f 4864/4651/4864 4865/4654/4865 4868/4653/4868 4867/4652/4867
f 4865/4654/4865 4866/4656/4866 4869/4655/4869 4868/4653/4868
f 4867/4652/4867 4868/4653/4868 4871/4658/4871 4870/4657/4870
f 4868/4653/4868 4869/4655/4869 4872/4659/4872 4871/4658/4871
f 4098/4660/4098 4315/4662/4315 4864/4651/4864 4369/4661/4369
f 4315/4662/4315 4316/4663/4316 4865/4654/4865 4864/4651/4864
f 4316/4663/4316 4317/4664/4317 4866/4656/4866 4865/4654/4865
f 4317/4664/4317 4091/4666/4091 4318/4665/4318 4866/4656/4866
f 4866/4656/4866 4318/4665/4318 4319/4667/4319 4869/4655/4869
f 4869/4655/4869 4319/4667/4319 4320/4668/4320 4872/4659/4872
f 4872/4659/4872 4320/4668/4320 4093/4670/4093 4351/4669/4351
f 4871/4658/4871 4872/4659/4872 4351/4669/4351 4352/4671/4352
f 4870/4657/4870 4871/4658/4871 4352/4671/4352 4353/4672/4353
f 4371/4673/4371 4870/4657/4870 4353/4672/4353 4099/4674/4099
f 4370/4675/4370 4867/4652/4867 4870/4657/4870 4371/4673/4371
f 4369/4661/4369 4864/4651/4864 4867/4652/4867 4370/4675/4370
f 4873/4676/4873 4874/4679/4874 4877/4678/4877 4876/4677/4876
f 4874/4679/4874 4875/4681/4875 4878/4680/4878 4877/4678/4877
f 4876/4682/4876 4877/4685/4877 4880/4684/4880 4879/4683/4879
f 4877/4685/4877 4878/4687/4878 4881/4686/4881 4880/4684/4880
f 4099/4674/4099 4353/4672/4353 4873/4676/4873 4366/4688/4366
f 4353/4672/4353 4352/4671/4352 4874/4679/4874 4873/4676/4873
f 4352/4671/4352 4351/4669/4351 4875/4681/4875 4874/4679/4874
f 4351/4669/4351 4093/4670/4093 4327/4689/4327 4875/4681/4875
f 4875/4681/4875 4327/4689/4327 4328/4690/4328 4878/4680/4878
f 4878/4687/4878 4328/4692/4328 4329/4691/4329 4881/4686/4881
f 4881/4686/4881 4329/4691/4329 4097/4694/4097 4354/4693/4354
f 4880/4684/4880 4881/4686/4881 4354/4693/4354 4355/4695/4355
f 4879/4683/4879 4880/4684/4880 4355/4695/4355 4356/4696/4356
f 4368/4697/4368 4879/4683/4879 4356/4696/4356 4100/4698/4100
f 4367/4699/4367 4876/4682/4876 4879/4683/4879 4368/4697/4368
f 4366/4688/4366 4873/4676/4873 4876/4677/4876 4367/4700/4367
f 4882/4701/4882 4883/4704/4883 4886/4703/4886 4885/4702/4885
f 4883/4704/4883 4884/4706/4884 4887/4705/4887 4886/4703/4886
f 4885/4702/4885 4886/4703/4886 4889/4708/4889 4888/4707/4888
f 4886/4703/4886 4887/4705/4887 4890/4709/4890 4889/4708/4889
f 4100/4698/4100 4356/4696/4356 4882/4701/4882 4363/4710/4363
f 4356/4696/4356 4355/4695/4355 4883/4704/4883 4882/4701/4882
f 4355/4695/4355 4354/4693/4354 4884/4706/4884 4883/4704/4883
f 4354/4693/4354 4097/4694/4097 4336/4711/4336 4884/4706/4884
f 4884/4706/4884 4336/4711/4336 4337/4712/4337 4887/4705/4887
f 4887/4705/4887 4337/4712/4337 4338/4713/4338 4890/4709/4890
f 4890/4709/4890 4338/4713/4338 4095/4715/4095 4357/4714/4357
f 4889/4708/4889 4890/4709/4890 4357/4714/4357 4358/4716/4358
f 4888/4707/4888 4889/4708/4889 4358/4716/4358 4359/4717/4359
f 4365/4718/4365 4888/4707/4888 4359/4717/4359 4101/4719/4101
f 4364/4720/4364 4885/4702/4885 4888/4707/4888 4365/4718/4365
f 4363/4710/4363 4882/4701/4882 4885/4702/4885 4364/4720/4364
f 4891/4721/4891 4892/4724/4892 4895/4723/4895 4894/4722/4894
f 4892/4724/4892 4893/4726/4893 4896/4725/4896 4895/4723/4895
f 4894/4727/4894 4895/4730/4895 4898/4729/4898 4897/4728/4897
f 4895/4730/4895 4896/4732/4896 4899/4731/4899 4898/4729/4898
f 4101/4719/4101 4359/4717/4359 4891/4721/4891 4360/4733/4360
f 4359/4717/4359 4358/4716/4358 4892/4724/4892 4891/4721/4891
f 4358/4716/4358 4357/4714/4357 4893/4726/4893 4892/4724/4892
f 4357/4714/4357 4095/4715/4095 4345/4734/4345 4893/4726/4893
f 4893/4726/4893 4345/4734/4345 4346/4735/4346 4896/4725/4896
f 4896/4732/4896 4346/4737/4346 4347/4736/4347 4899/4731/4899
f 4899/4731/4899 4347/4736/4347 4091/4666/4091 4317/4664/4317
f 4898/4729/4898 4899/4731/4899 4317/4664/4317 4316/4663/4316
f 4897/4728/4897 4898/4729/4898 4316/4663/4316 4315/4662/4315
f 4362/4738/4362 4897/4728/4897 4315/4662/4315 4098/4660/4098
f 4361/4739/4361 4894/4727/4894 4897/4728/4897 4362/4738/4362
f 4360/4733/4360 4891/4721/4891 4894/4722/4894 4361/4740/4361
f 4900/4741/4900 4901/4744/4901 4904/4743/4904 4903/4742/4903
f 4901/4745/4901 4902/4748/4902 4905/4747/4905 4904/4746/4904
f 4903/4742/4903 4904/4743/4904 4907/4750/4907 4906/4749/4906
f 4904/4746/4904 4905/4747/4905 4908/4752/4908 4907/4751/4907
f 4092/4753/4092 4326/4755/4326 4900/4741/4900 4312/4754/4312
f 4326/4755/4326 4325/4756/4325 4901/4744/4901 4900/4741/4900
f 4325/4757/4325 4324/4758/4324 4902/4748/4902 4901/4745/4901
f 4324/4758/4324 4096/4760/4096 4335/4759/4335 4902/4748/4902
f 4902/4748/4902 4335/4759/4335 4334/4761/4334 4905/4747/4905
f 4905/4747/4905 4334/4761/4334 4333/4762/4333 4908/4752/4908
f 4908/4752/4908 4333/4762/4333 4094/4764/4094 4344/4763/4344
f 4907/4751/4907 4908/4752/4908 4344/4763/4344 4343/4765/4343
f 4906/4749/4906 4907/4750/4907 4343/4767/4343 4342/4766/4342
f 4314/4768/4314 4906/4749/4906 4342/4766/4342 4090/4769/4090
f 4313/4770/4313 4903/4742/4903 4906/4749/4906 4314/4768/4314
f 4312/4754/4312 4900/4741/4900 4903/4742/4903 4313/4770/4313
f 4909/4771/4909 4910/4774/4910 4913/4773/4913 4912/4772/4912
f 4910/4775/4910 4911/4778/4911 4914/4777/4914 4913/4776/4913
f 4912/4772/4912 4913/4773/4913 4916/4780/4916 4915/4779/4915
f 4913/4776/4913 4914/4777/4914 4917/4782/4917 4916/4781/4916
f 4097/4694/4097 4329/4691/4329 4909/4771/4909 4336/4711/4336
f 4329/4691/4329 4328/4692/4328 4910/4774/4910 4909/4771/4909
f 4328/4690/4328 4327/4689/4327 4911/4778/4911 4910/4775/4910
f 4327/4689/4327 4093/4670/4093 4320/4668/4320 4911/4778/4911
f 4911/4778/4911 4320/4668/4320 4319/4667/4319 4914/4777/4914
f 4914/4777/4914 4319/4667/4319 4318/4665/4318 4917/4782/4917
f 4917/4782/4917 4318/4665/4318 4091/4666/4091 4347/4736/4347
f 4916/4781/4916 4917/4782/4917 4347/4736/4347 4346/4737/4346
f 4915/4779/4915 4916/4780/4916 4346/4735/4346 4345/4734/4345
f 4338/4713/4338 4915/4779/4915 4345/4734/4345 4095/4715/4095
f 4337/4712/4337 4912/4772/4912 4915/4779/4915 4338/4713/4338
f 4336/4711/4336 4909/4771/4909 4912/4772/4912 4337/4712/4337
f 4918/4783/4918 4919/4786/4919 4922/4785/4922 4921/4784/4921
f 4919/4786/4919 4920/4788/4920 4923/4787/4923 4922/4785/4922
f 4921/4789/4921 4922/4792/4922 4925/4791/4925 4924/4790/4924
f 4922/4792/4922 4923/4794/4923 4926/4793/4926 4925/4791/4925
f 4104/4795/4104 4380/4797/4380 4918/4783/4918 4393/4796/4393
f 4380/4797/4380 4379/4798/4379 4919/4786/4919 4918/4783/4918
f 4379/4798/4379 4378/4799/4378 4920/4788/4920 4919/4786/4919
f 4378/4799/4378 4101/4719/4101 4360/4733/4360 4920/4788/4920
f 4920/4788/4920 4360/4733/4360 4361/4740/4361 4923/4787/4923
f 4923/4794/4923 4361/4739/4361 4362/4738/4362 4926/4793/4926
f 4926/4793/4926 4362/4738/4362 4098/4660/4098 4350/4800/4350
f 4925/4791/4925 4926/4793/4926 4350/4800/4350 4349/4801/4349
f 4924/4790/4924 4925/4791/4925 4349/4801/4349 4348/4802/4348
f 4395/4803/4395 4924/4790/4924 4348/4802/4348 4105/4804/4105
f 4394/4805/4394 4921/4789/4921 4924/4790/4924 4395/4803/4395
f 4393/4796/4393 4918/4783/4918 4921/4784/4921 4394/4806/4394
f 4927/4807/4927 4928/4810/4928 4931/4809/4931 4930/4808/4930
f 4928/4810/4928 4929/4812/4929 4932/4811/4932 4931/4809/4931
f 4930/4808/4930 4931/4809/4931 4934/4814/4934 4933/4813/4933
f 4931/4809/4931 4932/4811/4932 4935/4815/4935 4934/4814/4934
f 4103/4816/4103 4377/4818/4377 4927/4807/4927 4390/4817/4390
f 4377/4818/4377 4376/4819/4376 4928/4810/4928 4927/4807/4927
f 4376/4819/4376 4375/4820/4375 4929/4812/4929 4928/4810/4928
f 4375/4820/4375 4100/4698/4100 4363/4710/4363 4929/4812/4929
f 4929/4812/4929 4363/4710/4363 4364/4720/4364 4932/4811/4932
f 4932/4811/4932 4364/4720/4364 4365/4718/4365 4935/4815/4935
f 4935/4815/4935 4365/4718/4365 4101/4719/4101 4378/4799/4378
f 4934/4814/4934 4935/4815/4935 4378/4799/4378 4379/4798/4379
f 4933/4813/4933 4934/4814/4934 4379/4798/4379 4380/4797/4380
f 4392/4821/4392 4933/4813/4933 4380/4797/4380 4104/4795/4104
f 4391/4822/4391 4930/4808/4930 4933/4813/4933 4392/4821/4392
f 4390/4817/4390 4927/4807/4927 4930/4808/4930 4391/4822/4391
f 4936/4823/4936 4937/4826/4937 4940/4825/4940 4939/4824/4939
f 4937/4826/4937 4938/4828/4938 4941/4827/4941 4940/4825/4940
f 4939/4829/4939 4940/4832/4940 4943/4831/4943 4942/4830/4942
f 4940/4832/4940 4941/4834/4941 4944/4833/4944 4943/4831/4943
f 4102/4835/4102 4374/4837/4374 4936/4823/4936 4387/4836/4387
f 4374/4837/4374 4373/4838/4373 4937/4826/4937 4936/4823/4936
f 4373/4838/4373 4372/4839/4372 4938/4828/4938 4937/4826/4937
f 4372/4839/4372 4099/4674/4099 4366/4688/4366 4938/4828/4938
f 4938/4828/4938 4366/4688/4366 4367/4700/4367 4941/4827/4941
f 4941/4834/4941 4367/4699/4367 4368/4697/4368 4944/4833/4944
f 4944/4833/4944 4368/4697/4368 4100/4698/4100 4375/4820/4375
f 4943/4831/4943 4944/4833/4944 4375/4820/4375 4376/4819/4376
f 4942/4830/4942 4943/4831/4943 4376/4819/4376 4377/4818/4377
f 4389/4840/4389 4942/4830/4942 4377/4818/4377 4103/4816/4103
f 4388/4841/4388 4939/4829/4939 4942/4830/4942 4389/4840/4389
f 4387/4836/4387 4936/4823/4936 4939/4824/4939 4388/4842/4388
f 4945/4843/4945 4946/4846/4946 4949/4845/4949 4948/4844/4948
f 4946/4846/4946 4947/4848/4947 4950/4847/4950 4949/4845/4949
f 4948/4844/4948 4949/4845/4949 4952/4850/4952 4951/4849/4951
f 4949/4845/4949 4950/4847/4950 4953/4851/4953 4952/4850/4952
f 4105/4804/4105 4348/4802/4348 4945/4843/4945 4384/4852/4384
f 4348/4802/4348 4349/4801/4349 4946/4846/4946 4945/4843/4945
f 4349/4801/4349 4350/4800/4350 4947/4848/4947 4946/4846/4946
f 4350/4800/4350 4098/4660/4098 4369/4661/4369 4947/4848/4947
f 4947/4848/4947 4369/4661/4369 4370/4675/4370 4950/4847/4950
f 4950/4847/4950 4370/4675/4370 4371/4673/4371 4953/4851/4953
f 4953/4851/4953 4371/4673/4371 4099/4674/4099 4372/4839/4372
f 4952/4850/4952 4953/4851/4953 4372/4839/4372 4373/4838/4373
f 4951/4849/4951 4952/4850/4952 4373/4838/4373 4374/4837/4374
f 4386/4853/4386 4951/4849/4951 4374/4837/4374 4102/4835/4102
f 4385/4854/4385 4948/4844/4948 4951/4849/4951 4386/4853/4386
f 4384/4852/4384 4945/4843/4945 4948/4844/4948 4385/4854/4385
f 4954/4855/4954 4955/4858/4955 4958/4857/4958 4957/4856/4957
f 4955/4858/4955 4956/4860/4956 4959/4859/4959 4958/4857/4958
f 4957/4856/4957 4958/4857/4958 4961/4862/4961 4960/4861/4960
f 4958/4857/4958 4959/4859/4959 4962/4863/4962 4961/4862/4961
f 4110/4864/4110 4381/4866/4381 4954/4855/4954 4441/4865/4441
f 4381/4866/4381 4382/4867/4382 4955/4858/4955 4954/4855/4954
f 4382/4867/4382 4383/4868/4383 4956/4860/4956 4955/4858/4955
f 4383/4868/4383 4105/4804/4105 4384/4852/4384 4956/4860/4956
f 4956/4860/4956 4384/4852/4384 4385/4854/4385 4959/4859/4959
f 4959/4859/4959 4385/4854/4385 4386/4853/4386 4962/4863/4962
f 4962/4863/4962 4386/4853/4386 4102/4835/4102 4423/4869/4423
f 4961/4862/4961 4962/4863/4962 4423/4869/4423 4424/4870/4424
f 4960/4861/4960 4961/4862/4961 4424/4870/4424 4425/4871/4425
f 4443/4872/4443 4960/4861/4960 4425/4871/4425 4111/4873/4111
f 4442/4874/4442 4957/4856/4957 4960/4861/4960 4443/4872/4443
f 4441/4865/4441 4954/4855/4954 4957/4856/4957 4442/4874/4442
f 4963/4875/4963 4964/4878/4964 4967/4877/4967 4966/4876/4966
f 4964/4878/4964 4965/4880/4965 4968/4879/4968 4967/4877/4967
f 4966/4881/4966 4967/4884/4967 4970/4883/4970 4969/4882/4969
f 4967/4884/4967 4968/4886/4968 4971/4885/4971 4970/4883/4970
f 4111/4873/4111 4425/4871/4425 4963/4875/4963 4438/4887/4438
f 4425/4871/4425 4424/4870/4424 4964/4878/4964 4963/4875/4963
f 4424/4870/4424 4423/4869/4423 4965/4880/4965 4964/4878/4964
f 4423/4869/4423 4102/4835/4102 4387/4836/4387 4965/4880/4965
f 4965/4880/4965 4387/4836/4387 4388/4842/4388 4968/4879/4968
f 4968/4886/4968 4388/4841/4388 4389/4840/4389 4971/4885/4971
f 4971/4885/4971 4389/4840/4389 4103/4816/4103 4426/4888/4426
f 4970/4883/4970 4971/4885/4971 4426/4888/4426 4427/4889/4427
f 4969/4882/4969 4970/4883/4970 4427/4889/4427 4428/4890/4428
f 4440/4891/4440 4969/4882/4969 4428/4890/4428 4112/4892/4112
f 4439/4893/4439 4966/4881/4966 4969/4882/4969 4440/4891/4440
f 4438/4887/4438 4963/4875/4963 4966/4876/4966 4439/4894/4439
f 4972/4895/4972 4973/4898/4973 4976/4897/4976 4975/4896/4975
f 4973/4898/4973 4974/4900/4974 4977/4899/4977 4976/4897/4976
f 4975/4896/4975 4976/4897/4976 4979/4902/4979 4978/4901/4978
f 4976/4897/4976 4977/4899/4977 4980/4903/4980 4979/4902/4979
f 4112/4892/4112 4428/4890/4428 4972/4895/4972 4435/4904/4435
f 4428/4890/4428 4427/4889/4427 4973/4898/4973 4972/4895/4972
f 4427/4889/4427 4426/4888/4426 4974/4900/4974 4973/4898/4973
f 4426/4888/4426 4103/4816/4103 4390/4817/4390 4974/4900/4974
f 4974/4900/4974 4390/4817/4390 4391/4822/4391 4977/4899/4977
f 4977/4899/4977 4391/4822/4391 4392/4821/4392 4980/4903/4980
f 4980/4903/4980 4392/4821/4392 4104/4795/4104 4429/4905/4429
f 4979/4902/4979 4980/4903/4980 4429/4905/4429 4430/4906/4430
f 4978/4901/4978 4979/4902/4979 4430/4906/4430 4431/4907/4431
f 4437/4908/4437 4978/4901/4978 4431/4907/4431 4113/4909/4113
f 4436/4910/4436 4975/4896/4975 4978/4901/4978 4437/4908/4437
f 4435/4904/4435 4972/4895/4972 4975/4896/4975 4436/4910/4436
f 4981/4911/4981 4982/4914/4982 4985/4913/4985 4984/4912/4984
f 4982/4914/4982 4983/4916/4983 4986/4915/4986 4985/4913/4985
f 4984/4917/4984 4985/4920/4985 4988/4919/4988 4987/4918/4987
f 4985/4920/4985 4986/4922/4986 4989/4921/4989 4988/4919/4988
f 4113/4909/4113 4431/4907/4431 4981/4911/4981 4432/4923/4432
f 4431/4907/4431 4430/4906/4430 4982/4914/4982 4981/4911/4981
f 4430/4906/4430 4429/4905/4429 4983/4916/4983 4982/4914/4982
f 4429/4905/4429 4104/4795/4104 4393/4796/4393 4983/4916/4983
f 4983/4916/4983 4393/4796/4393 4394/4806/4394 4986/4915/4986
f 4986/4922/4986 4394/4805/4394 4395/4803/4395 4989/4921/4989
f 4989/4921/4989 4395/4803/4395 4105/4804/4105 4383/4868/4383
f 4988/4919/4988 4989/4921/4989 4383/4868/4383 4382/4867/4382
f 4987/4918/4987 4988/4919/4988 4382/4867/4382 4381/4866/4381
f 4434/4924/4434 4987/4918/4987 4381/4866/4381 4110/4864/4110
f 4433/4925/4433 4984/4917/4984 4987/4918/4987 4434/4924/4434
f 4432/4923/4432 4981/4911/4981 4984/4912/4984 4433/4926/4433
f 4990/4927/4990 4991/4930/4991 4994/4929/4994 4993/4928/4993
f 4991/4930/4991 4992/4932/4992 4995/4931/4995 4994/4929/4994
f 4993/4933/4993 4994/4936/4994 4997/4935/4997 4996/4934/4996
f 4994/4936/4994 4995/4938/4995 4998/4937/4998 4997/4935/4997
f 4094/4764/4094 4341/4939/4341 4990/4927/4990 4344/4763/4344
f 4341/4939/4341 4340/4940/4340 4991/4930/4991 4990/4927/4990
f 4340/4940/4340 4339/4941/4339 4992/4932/4992 4991/4930/4991
f 4339/4941/4339 4108/4943/4108 4408/4942/4408 4992/4932/4992
f 4992/4932/4992 4408/4942/4408 4409/4944/4409 4995/4931/4995
f 4995/4938/4995 4409/4946/4409 4410/4945/4410 4998/4937/4998
f 4998/4937/4998 4410/4945/4410 4109/4948/4109 4407/4947/4407
f 4997/4935/4997 4998/4937/4998 4407/4947/4407 4406/4949/4406
f 4996/4934/4996 4997/4935/4997 4406/4949/4406 4405/4950/4405
f 4342/4766/4342 4996/4934/4996 4405/4950/4405 4090/4769/4090
f 4343/4767/4343 4993/4933/4993 4996/4934/4996 4342/4766/4342
f 4344/4763/4344 4990/4927/4990 4993/4928/4993 4343/4765/4343
f 4999/4951/4999 5000/4954/5000 5003/4953/5003 5002/4952/5002
f 5000/4954/5000 5001/4956/5001 5004/4955/5004 5003/4953/5003
f 5002/4952/5002 5003/4953/5003 5006/4958/5006 5005/4957/5005
f 5003/4953/5003 5004/4955/5004 5007/4959/5007 5006/4958/5006
f 4096/4760/4096 4332/4960/4332 4999/4951/4999 4335/4759/4335
f 4332/4960/4332 4331/4961/4331 5000/4954/5000 4999/4951/4999
f 4331/4961/4331 4330/4962/4330 5001/4956/5001 5000/4954/5000
f 4330/4962/4330 4107/4964/4107 4411/4963/4411 5001/4956/5001
f 5001/4956/5001 4411/4963/4411 4412/4965/4412 5004/4955/5004
f 5004/4955/5004 4412/4965/4412 4413/4966/4413 5007/4959/5007
f 5007/4959/5007 4413/4966/4413 4108/4943/4108 4339/4941/4339
f 5006/4958/5006 5007/4959/5007 4339/4941/4339 4340/4940/4340
f 5005/4957/5005 5006/4958/5006 4340/4940/4340 4341/4939/4341
f 4333/4762/4333 5005/4957/5005 4341/4939/4341 4094/4764/4094
f 4334/4761/4334 5002/4952/5002 5005/4957/5005 4333/4762/4333
f 4335/4759/4335 4999/4951/4999 5002/4952/5002 4334/4761/4334
f 5008/4967/5008 5009/4970/5009 5012/4969/5012 5011/4968/5011
f 5009/4970/5009 5010/4972/5010 5013/4971/5013 5012/4969/5012
f 5011/4973/5011 5012/4976/5012 5015/4975/5015 5014/4974/5014
f 5012/4976/5012 5013/4978/5013 5016/4977/5016 5015/4975/5015
f 4092/4753/4092 4323/4979/4323 5008/4967/5008 4326/4755/4326
f 4323/4979/4323 4322/4980/4322 5009/4970/5009 5008/4967/5008
f 4322/4980/4322 4321/4981/4321 5010/4972/5010 5009/4970/5009
f 4321/4981/4321 4106/4983/4106 4414/4982/4414 5010/4972/5010
f 5010/4972/5010 4414/4982/4414 4415/4984/4415 5013/4971/5013
f 5013/4978/5013 4415/4986/4415 4416/4985/4416 5016/4977/5016
f 5016/4977/5016 4416/4985/4416 4107/4964/4107 4330/4962/4330
f 5015/4975/5015 5016/4977/5016 4330/4962/4330 4331/4961/4331
f 5014/4974/5014 5015/4975/5015 4331/4961/4331 4332/4960/4332
f 4324/4758/4324 5014/4974/5014 4332/4960/4332 4096/4760/4096
f 4325/4757/4325 5011/4973/5011 5014/4974/5014 4324/4758/4324
f 4326/4755/4326 5008/4967/5008 5011/4968/5011 4325/4756/4325
f 5017/4987/5017 5018/4990/5018 5021/4989/5021 5020/4988/5020
f 5018/4990/5018 5019/4992/5019 5022/4991/5022 5021/4989/5021
f 5020/4988/5020 5021/4989/5021 5024/4994/5024 5023/4993/5023
f 5021/4989/5021 5022/4991/5022 5025/4995/5025 5024/4994/5024
f 4090/4769/4090 4405/4950/4405 5017/4987/5017 4314/4768/4314
f 4405/4950/4405 4406/4949/4406 5018/4990/5018 5017/4987/5017
f 4406/4949/4406 4407/4947/4407 5019/4992/5019 5018/4990/5018
f 4407/4947/4407 4109/4948/4109 4417/4996/4417 5019/4992/5019
f 5019/4992/5019 4417/4996/4417 4418/4997/4418 5022/4991/5022
f 5022/4991/5022 4418/4997/4418 4419/4998/4419 5025/4995/5025
f 5025/4995/5025 4419/4998/4419 4106/4983/4106 4321/4981/4321
f 5024/4994/5024 5025/4995/5025 4321/4981/4321 4322/4980/4322
f 5023/4993/5023 5024/4994/5024 4322/4980/4322 4323/4979/4323
f 4312/4754/4312 5023/4993/5023 4323/4979/4323 4092/4753/4092
f 4313/4770/4313 5020/4988/5020 5023/4993/5023 4312/4754/4312
f 4314/4768/4314 5017/4987/5017 5020/4988/5020 4313/4770/4313
f 5026/4999/5026 5027/5002/5027 5030/5001/5030 5029/5000/5029
f 5027/5002/5027 5028/5004/5028 5031/5003/5031 5030/5001/5030
f 5029/5005/5029 5030/5008/5030 5033/5007/5033 5032/5006/5032
f 5030/5008/5030 5031/5010/5031 5034/5009/5034 5033/5007/5033
f 4108/4943/4108 4404/5011/4404 5026/4999/5026 4408/4942/4408
f 4404/5011/4404 4403/5012/4403 5027/5002/5027 5026/4999/5026
f 4403/5012/4403 4402/5013/4402 5028/5004/5028 5027/5002/5027
f 4402/5013/4402 4113/4909/4113 4432/4923/4432 5028/5004/5028
f 5028/5004/5028 4432/4923/4432 4433/4926/4433 5031/5003/5031
f 5031/5010/5031 4433/4925/4433 4434/4924/4434 5034/5009/5034
f 5034/5009/5034 4434/4924/4434 4110/4864/4110 4422/5014/4422
f 5033/5007/5033 5034/5009/5034 4422/5014/4422 4421/5015/4421
f 5032/5006/5032 5033/5007/5033 4421/5015/4421 4420/5016/4420
f 4410/4945/4410 5032/5006/5032 4420/5016/4420 4109/4948/4109
f 4409/4946/4409 5029/5005/5029 5032/5006/5032 4410/4945/4410
f 4408/4942/4408 5026/4999/5026 5029/5000/5029 4409/4944/4409
f 5035/5017/5035 5036/5020/5036 5039/5019/5039 5038/5018/5038
f 5036/5020/5036 5037/5022/5037 5040/5021/5040 5039/5019/5039
f 5038/5018/5038 5039/5019/5039 5042/5024/5042 5041/5023/5041
f 5039/5019/5039 5040/5021/5040 5043/5025/5043 5042/5024/5042
f 4107/4964/4107 4401/5026/4401 5035/5017/5035 4411/4963/4411
f 4401/5026/4401 4400/5027/4400 5036/5020/5036 5035/5017/5035
f 4400/5027/4400 4399/5028/4399 5037/5022/5037 5036/5020/5036
f 4399/5028/4399 4112/4892/4112 4435/4904/4435 5037/5022/5037
f 5037/5022/5037 4435/4904/4435 4436/4910/4436 5040/5021/5040
f 5040/5021/5040 4436/4910/4436 4437/4908/4437 5043/5025/5043
f 5043/5025/5043 4437/4908/4437 4113/4909/4113 4402/5013/4402
f 5042/5024/5042 5043/5025/5043 4402/5013/4402 4403/5012/4403
f 5041/5023/5041 5042/5024/5042 4403/5012/4403 4404/5011/4404
f 4413/4966/4413 5041/5023/5041 4404/5011/4404 4108/4943/4108
f 4412/4965/4412 5038/5018/5038 5041/5023/5041 4413/4966/4413
f 4411/4963/4411 5035/5017/5035 5038/5018/5038 4412/4965/4412
f 5044/5029/5044 5045/5032/5045 5048/5031/5048 5047/5030/5047
f 5045/5032/5045 5046/5034/5046 5049/5033/5049 5048/5031/5048
f 5047/5035/5047 5048/5038/5048 5051/5037/5051 5050/5036/5050
f 5048/5038/5048 5049/5040/5049 5052/5039/5052 5051/5037/5051
f 4106/4983/4106 4398/5041/4398 5044/5029/5044 4414/4982/4414
f 4398/5041/4398 4397/5042/4397 5045/5032/5045 5044/5029/5044
f 4397/5042/4397 4396/5043/4396 5046/5034/5046 5045/5032/5045
f 4396/5043/4396 4111/4873/4111 4438/4887/4438 5046/5034/5046
f 5046/5034/5046 4438/4887/4438 4439/4894/4439 5049/5033/5049
f 5049/5040/5049 4439/4893/4439 4440/4891/4440 5052/5039/5052
f 5052/5039/5052 4440/4891/4440 4112/4892/4112 4399/5028/4399
f 5051/5037/5051 5052/5039/5052 4399/5028/4399 4400/5027/4400
f 5050/5036/5050 5051/5037/5051 4400/5027/4400 4401/5026/4401
f 4416/4985/4416 5050/5036/5050 4401/5026/4401 4107/4964/4107
f 4415/4986/4415 5047/5035/5047 5050/5036/5050 4416/4985/4416
f 4414/4982/4414 5044/5029/5044 5047/5030/5047 4415/4984/4415
f 5053/5044/5053 5054/5047/5054 5057/5046/5057 5056/5045/5056
f 5054/5047/5054 5055/5049/5055 5058/5048/5058 5057/5046/5057
f 5056/5045/5056 5057/5046/5057 5060/5051/5060 5059/5050/5059
f 5057/5046/5057 5058/5048/5058 5061/5052/5061 5060/5051/5060
f 4109/4948/4109 4420/5016/4420 5053/5044/5053 4417/4996/4417
f 4420/5016/4420 4421/5015/4421 5054/5047/5054 5053/5044/5053
f 4421/5015/4421 4422/5014/4422 5055/5049/5055 5054/5047/5054
f 4422/5014/4422 4110/4864/4110 4441/4865/4441 5055/5049/5055
f 5055/5049/5055 4441/4865/4441 4442/4874/4442 5058/5048/5058
f 5058/5048/5058 4442/4874/4442 4443/4872/4443 5061/5052/5061
f 5061/5052/5061 4443/4872/4443 4111/4873/4111 4396/5043/4396
f 5060/5051/5060 5061/5052/5061 4396/5043/4396 4397/5042/4397
f 5059/5050/5059 5060/5051/5060 4397/5042/4397 4398/5041/4398
f 4419/4998/4419 5059/5050/5059 4398/5041/4398 4106/4983/4106
f 4418/4997/4418 5056/5045/5056 5059/5050/5059 4419/4998/4419
f 4417/4996/4417 5053/5044/5053 5056/5045/5056 4418/4997/4418
f 5062/5053/5062 5065/5053/5065 5066/5053/5066 5063/5053/5063
f 5063/5053/5063 5066/5053/5066 5067/5053/5067 5064/5053/5064
f 5065/5053/5065 5068/5053/5068 5069/5053/5069 5066/5053/5066
f 5066/5053/5066 5069/5053/5069 5070/5053/5070 5067/5053/5067
f 4122/5053/4122 4501/5053/4501 5062/5053/5062 4447/5053/4447
f 4447/5053/4447 5062/5053/5062 5063/5053/5063 4448/5053/4448
f 4448/5053/4448 5063/5053/5063 5064/5053/5064 4449/5053/4449
f 4449/5053/4449 5064/5053/5064 4450/5053/4450 4115/5053/4115
f 5064/5053/5064 5067/5053/5067 4451/5053/4451 4450/5053/4450
f 5067/5053/5067 5070/5053/5070 4452/5053/4452 4451/5053/4451
f 5070/5053/5070 4483/5053/4483 4117/5053/4117 4452/5053/4452
f 5069/5053/5069 4484/5053/4484 4483/5053/4483 5070/5053/5070
f 5068/5053/5068 4485/5053/4485 4484/5053/4484 5069/5053/5069
f 4503/5053/4503 4123/5053/4123 4485/5053/4485 5068/5053/5068
f 4502/5053/4502 4503/5053/4503 5068/5053/5068 5065/5053/5065
f 4501/5053/4501 4502/5053/4502 5065/5053/5065 5062/5053/5062
f 5071/5053/5071 5074/5053/5074 5075/5053/5075 5072/5053/5072
f 5072/5053/5072 5075/5053/5075 5076/5053/5076 5073/5053/5073
f 5074/5053/5074 5077/5053/5077 5078/5053/5078 5075/5053/5075
f 5075/5053/5075 5078/5053/5078 5079/5053/5079 5076/5053/5076
f 4139/5053/4139 4498/5053/4498 5071/5053/5071 4611/5053/4611
f 4611/5053/4611 5071/5053/5071 5072/5053/5072 4610/5053/4610
f 4610/5053/4610 5072/5053/5072 5073/5053/5073 4609/5053/4609
f 4609/5053/4609 5073/5053/5073 4459/5053/4459 4135/5053/4135
f 5073/5053/5073 5076/5053/5076 4460/5053/4460 4459/5053/4459
f 5076/5053/5076 5079/5053/5079 4461/5053/4461 4460/5053/4460
f 5079/5053/5079 4486/5053/4486 4121/5053/4121 4461/5053/4461
f 5078/5053/5078 4487/5053/4487 4486/5053/4486 5079/5053/5079
f 5077/5053/5077 4488/5053/4488 4487/5053/4487 5078/5053/5078
f 4500/5053/4500 4124/5053/4124 4488/5053/4488 5077/5053/5077
f 4499/5053/4499 4500/5053/4500 5077/5053/5077 5074/5053/5074
f 4498/5053/4498 4499/5053/4499 5074/5053/5074 5071/5053/5071
f 5080/5053/5080 5083/5053/5083 5084/5053/5084 5081/5053/5081
f 5081/5053/5081 5084/5053/5084 5085/5053/5085 5082/5053/5082
f 5083/5053/5083 5086/5053/5086 5087/5053/5087 5084/5053/5084
f 5084/5053/5084 5087/5053/5087 5088/5053/5088 5085/5053/5085
f 4124/5053/4124 4495/5053/4495 5080/5053/5080 4488/5053/4488
f 4488/5053/4488 5080/5053/5080 5081/5053/5081 4487/5053/4487
f 4487/5053/4487 5081/5053/5081 5082/5053/5082 4486/5053/4486
f 4486/5053/4486 5082/5053/5082 4468/5053/4468 4121/5053/4121
f 5082/5053/5082 5085/5053/5085 4469/5053/4469 4468/5053/4468
f 5085/5053/5085 5088/5053/5088 4470/5053/4470 4469/5053/4469
f 5088/5053/5088 4489/5053/4489 4119/5053/4119 4470/5053/4470
f 5087/5053/5087 4490/5053/4490 4489/5053/4489 5088/5053/5088
f 5086/5053/5086 4491/5053/4491 4490/5053/4490 5087/5053/5087
f 4497/5053/4497 4125/5053/4125 4491/5053/4491 5086/5053/5086
f 4496/5053/4496 4497/5053/4497 5086/5053/5086 5083/5053/5083
f 4495/5053/4495 4496/5053/4496 5083/5053/5083 5080/5053/5080
f 5089/5053/5089 5092/5053/5092 5093/5053/5093 5090/5053/5090
f 5090/5053/5090 5093/5053/5093 5094/5053/5094 5091/5053/5091
f 5092/5053/5092 5095/5053/5095 5096/5053/5096 5093/5053/5093
f 5093/5053/5093 5096/5053/5096 5097/5053/5097 5094/5053/5094
f 4138/5053/4138 4492/5053/4492 5089/5053/5089 4608/5053/4608
f 4608/5053/4608 5089/5053/5089 5090/5053/5090 4607/5053/4607
f 4607/5053/4607 5090/5053/5090 5091/5053/5091 4606/5053/4606
f 4606/5053/4606 5091/5053/5091 4477/5053/4477 4137/5053/4137
f 5091/5053/5091 5094/5053/5094 4478/5053/4478 4477/5053/4477
f 5094/5053/5094 5097/5053/5097 4479/5053/4479 4478/5053/4478
f 5097/5053/5097 4449/5053/4449 4115/5053/4115 4479/5053/4479
f 5096/5053/5096 4448/5053/4448 4449/5053/4449 5097/5053/5097
f 5095/5053/5095 4447/5053/4447 4448/5053/4448 5096/5053/5096
f 4494/5053/4494 4122/5053/4122 4447/5053/4447 5095/5053/5095
f 4493/5053/4493 4494/5053/4494 5095/5053/5095 5092/5053/5092
f 4492/5053/4492 4493/5053/4493 5092/5053/5092 5089/5053/5089
f 5098/5053/5098 5101/5053/5101 5102/5053/5102 5099/5053/5099
f 5099/5053/5099 5102/5053/5102 5103/5053/5103 5100/5053/5100
f 5101/5053/5101 5104/5053/5104 5105/5053/5105 5102/5053/5102
f 5102/5053/5102 5105/5053/5105 5106/5053/5106 5103/5053/5103
f 4134/5053/4134 4603/5053/4603 5098/5053/5098 4554/5053/4554
f 4554/5053/4554 5098/5053/5098 5099/5053/5099 4553/5053/4553
f 4553/5053/4553 5099/5053/5099 5100/5053/5100 4552/5053/4552
f 4552/5053/4552 5100/5053/5100 4467/5053/4467 4120/5053/4120
f 5100/5053/5100 5103/5053/5103 4466/5053/4466 4467/5053/4467
f 5103/5053/5103 5106/5053/5106 4465/5053/4465 4466/5053/4466
f 5106/5053/5106 4476/5053/4476 4118/5053/4118 4465/5053/4465
f 5105/5053/5105 4475/5053/4475 4476/5053/4476 5106/5053/5106
f 5104/5053/5104 4474/5053/4474 4475/5053/4475 5105/5053/5105
f 4605/5053/4605 4136/5053/4136 4474/5053/4474 5104/5053/5104
f 4604/5053/4604 4605/5053/4605 5104/5053/5104 5101/5053/5101
f 4603/5053/4603 4604/5053/4604 5101/5053/5101 5098/5053/5098
f 5107/5053/5107 5110/5053/5110 5111/5053/5111 5108/5053/5108
f 5108/5053/5108 5111/5053/5111 5112/5053/5112 5109/5053/5109
f 5110/5053/5110 5113/5053/5113 5114/5053/5114 5111/5053/5111
f 5111/5053/5111 5114/5053/5114 5115/5053/5115 5112/5053/5112
f 4135/5053/4135 4600/5053/4600 5107/5053/5107 4557/5053/4557
f 4557/5053/4557 5107/5053/5107 5108/5053/5108 4556/5053/4556
f 4556/5053/4556 5108/5053/5108 5109/5053/5109 4555/5053/4555
f 4555/5053/4555 5109/5053/5109 4452/5053/4452 4117/5053/4117
f 5109/5053/5109 5112/5053/5112 4451/5053/4451 4452/5053/4452
f 5112/5053/5112 5115/5053/5115 4450/5053/4450 4451/5053/4451
f 5115/5053/5115 4479/5053/4479 4115/5053/4115 4450/5053/4450
f 5114/5053/5114 4478/5053/4478 4479/5053/4479 5115/5053/5115
f 5113/5053/5113 4477/5053/4477 4478/5053/4478 5114/5053/5114
f 4602/5053/4602 4137/5053/4137 4477/5053/4477 5113/5053/5113
f 4601/5053/4601 4602/5053/4602 5113/5053/5113 5110/5053/5110
f 4600/5053/4600 4601/5053/4601 5110/5053/5110 5107/5053/5107
f 5116/5053/5116 5119/5053/5119 5120/5053/5120 5117/5053/5117
f 5117/5053/5117 5120/5053/5120 5121/5053/5121 5118/5053/5118
f 5119/5053/5119 5122/5053/5122 5123/5053/5123 5120/5053/5120
f 5120/5053/5120 5123/5053/5123 5124/5053/5124 5121/5053/5121
f 4143/5053/4143 4549/5053/4549 5116/5053/5116 4599/5053/4599
f 4599/5053/4599 5116/5053/5116 5117/5053/5117 4598/5053/4598
f 4598/5053/4598 5117/5053/5117 5118/5053/5118 4597/5053/4597
f 4597/5053/4597 5118/5053/5118 4492/5053/4492 4138/5053/4138
f 5118/5053/5118 5121/5053/5121 4493/5053/4493 4492/5053/4492
f 5121/5053/5121 5124/5053/5124 4494/5053/4494 4493/5053/4493
f 5124/5053/5124 4482/5053/4482 4122/5053/4122 4494/5053/4494
f 5123/5053/5123 4481/5053/4481 4482/5053/4482 5124/5053/5124
f 5122/5053/5122 4480/5053/4480 4481/5053/4481 5123/5053/5123
f 4551/5053/4551 4130/5053/4130 4480/5053/4480 5122/5053/5122
f 4550/5053/4550 4551/5053/4551 5122/5053/5122 5119/5053/5119
f 4549/5053/4549 4550/5053/4550 5119/5053/5119 5116/5053/5116
f 5125/5053/5125 5128/5053/5128 5129/5053/5129 5126/5053/5126
f 5126/5053/5126 5129/5053/5129 5130/5053/5130 5127/5053/5127
f 5128/5053/5128 5131/5053/5131 5132/5053/5132 5129/5053/5129
f 5129/5053/5129 5132/5053/5132 5133/5053/5133 5130/5053/5130
f 4132/5053/4132 4546/5053/4546 5125/5053/5125 4536/5053/4536
f 4536/5053/4536 5125/5053/5125 5126/5053/5126 4535/5053/4535
f 4535/5053/4535 5126/5053/5126 5127/5053/5127 4534/5053/4534
f 4534/5053/4534 5127/5053/5127 4495/5053/4495 4124/5053/4124
f 5127/5053/5127 5130/5053/5130 4496/5053/4496 4495/5053/4495
f 5130/5053/5130 5133/5053/5133 4497/5053/4497 4496/5053/4496
f 5133/5053/5133 4537/5053/4537 4125/5053/4125 4497/5053/4497
f 5132/5053/5132 4538/5053/4538 4537/5053/4537 5133/5053/5133
f 5131/5053/5131 4539/5053/4539 4538/5053/4538 5132/5053/5132
f 4548/5053/4548 4133/5053/4133 4539/5053/4539 5131/5053/5131
f 4547/5053/4547 4548/5053/4548 5131/5053/5131 5128/5053/5128
f 4546/5053/4546 4547/5053/4547 5128/5053/5128 5125/5053/5125
f 5134/5053/5134 5137/5053/5137 5138/5053/5138 5135/5053/5135
f 5135/5053/5135 5138/5053/5138 5139/5053/5139 5136/5053/5136
f 5137/5053/5137 5140/5053/5140 5141/5053/5141 5138/5053/5138
f 5138/5053/5138 5141/5053/5141 5142/5053/5142 5139/5053/5139
f 4142/5053/4142 4543/5053/4543 5134/5053/5134 4596/5053/4596
f 4596/5053/4596 5134/5053/5134 5135/5053/5135 4595/5053/4595
f 4595/5053/4595 5135/5053/5135 5136/5053/5136 4594/5053/4594
f 4594/5053/4594 5136/5053/5136 4498/5053/4498 4139/5053/4139
f 5136/5053/5136 5139/5053/5139 4499/5053/4499 4498/5053/4498
f 5139/5053/5139 5142/5053/5142 4500/5053/4500 4499/5053/4499
f 5142/5053/5142 4534/5053/4534 4124/5053/4124 4500/5053/4500
f 5141/5053/5141 4535/5053/4535 4534/5053/4534 5142/5053/5142
f 5140/5053/5140 4536/5053/4536 4535/5053/4535 5141/5053/5141
f 4545/5053/4545 4132/5053/4132 4536/5053/4536 5140/5053/5140
f 4544/5053/4544 4545/5053/4545 5140/5053/5140 5137/5053/5137
f 4543/5053/4543 4544/5053/4544 5137/5053/5137 5134/5053/5134
f 5143/5053/5143 5146/5053/5146 5147/5053/5147 5144/5053/5144
f 5144/5053/5144 5147/5053/5147 5148/5053/5148 5145/5053/5145
f 5146/5053/5146 5149/5053/5149 5150/5053/5150 5147/5053/5147
f 5147/5053/5147 5150/5053/5150 5151/5053/5151 5148/5053/5148
f 4130/5053/4130 4540/5053/4540 5143/5053/5143 4480/5053/4480
f 4480/5053/4480 5143/5053/5143 5144/5053/5144 4481/5053/4481
f 4481/5053/4481 5144/5053/5144 5145/5053/5145 4482/5053/4482
f 4482/5053/4482 5145/5053/5145 4501/5053/4501 4122/5053/4122
f 5145/5053/5145 5148/5053/5148 4502/5053/4502 4501/5053/4501
f 5148/5053/5148 5151/5053/5151 4503/5053/4503 4502/5053/4502
f 5151/5053/5151 4531/5053/4531 4123/5053/4123 4503/5053/4503
f 5150/5053/5150 4532/5053/4532 4531/5053/4531 5151/5053/5151
f 5149/5053/5149 4533/5053/4533 4532/5053/4532 5150/5053/5150
f 4542/5053/4542 4131/5053/4131 4533/5053/4533 5149/5053/5149
f 4541/5053/4541 4542/5053/4542 5149/5053/5149 5146/5053/5146
f 4540/5053/4540 4541/5053/4541 5146/5053/5146 5143/5053/5143
f 5152/5053/5152 5155/5053/5155 5156/5053/5156 5153/5053/5153
f 5153/5053/5153 5156/5053/5156 5157/5053/5157 5154/5053/5154
f 5155/5053/5155 5158/5053/5158 5159/5053/5159 5156/5053/5156
f 5156/5053/5156 5159/5053/5159 5160/5053/5160 5157/5053/5157
f 4114/5053/4114 4446/5053/4446 5152/5053/5152 4513/5053/4513
f 4513/5053/4513 5152/5053/5152 5153/5053/5153 4514/5053/4514
f 4514/5053/4514 5153/5053/5153 5154/5053/5154 4515/5053/4515
f 4515/5053/4515 5154/5053/5154 4516/5053/4516 4129/5053/4129
f 5154/5053/5154 5157/5053/5157 4517/5053/4517 4516/5053/4516
f 5157/5053/5157 5160/5053/5160 4518/5053/4518 4517/5053/4517
f 5160/5053/5160 4453/5053/4453 4126/5053/4126 4518/5053/4518
f 5159/5053/5159 4454/5053/4454 4453/5053/4453 5160/5053/5160
f 5158/5053/5158 4455/5053/4455 4454/5053/4454 5159/5053/5159
f 4444/5053/4444 4116/5053/4116 4455/5053/4455 5158/5053/5158
f 4445/5053/4445 4444/5053/4444 5158/5053/5158 5155/5053/5155
f 4446/5053/4446 4445/5053/4445 5155/5053/5155 5152/5053/5152
f 5161/5053/5161 5164/5053/5164 5165/5053/5165 5162/5053/5162
f 5162/5053/5162 5165/5053/5165 5166/5053/5166 5163/5053/5163
f 5164/5053/5164 5167/5053/5167 5168/5053/5168 5165/5053/5165
f 5165/5053/5165 5168/5053/5168 5169/5053/5169 5166/5053/5166
f 4134/5053/4134 4554/5053/4554 5161/5053/5161 4593/5053/4593
f 4593/5053/4593 5161/5053/5161 5162/5053/5162 4592/5053/4592
f 4592/5053/4592 5162/5053/5162 5163/5053/5163 4591/5053/4591
f 4591/5053/4591 5163/5053/5163 4519/5053/4519 4140/5053/4140
f 5163/5053/5163 5166/5053/5166 4520/5053/4520 4519/5053/4519
f 5166/5053/5166 5169/5053/5169 4521/5053/4521 4520/5053/4520
f 5169/5053/5169 4462/5053/4462 4127/5053/4127 4521/5053/4521
f 5168/5053/5168 4463/5053/4463 4462/5053/4462 5169/5053/5169
f 5167/5053/5167 4464/5053/4464 4463/5053/4463 5168/5053/5168
f 4552/5053/4552 4120/5053/4120 4464/5053/4464 5167/5053/5167
f 4553/5053/4553 4552/5053/4552 5167/5053/5167 5164/5053/5164
f 4554/5053/4554 4553/5053/4553 5164/5053/5164 5161/5053/5161
f 5170/5053/5170 5173/5053/5173 5174/5053/5174 5171/5053/5171
f 5171/5053/5171 5174/5053/5174 5175/5053/5175 5172/5053/5172
f 5173/5053/5173 5176/5053/5176 5177/5053/5177 5174/5053/5174
f 5174/5053/5174 5177/5053/5177 5178/5053/5178 5175/5053/5175
f 4120/5053/4120 4467/5053/4467 5170/5053/5170 4464/5053/4464
f 4464/5053/4464 5170/5053/5170 5171/5053/5171 4463/5053/4463
f 4463/5053/4463 5171/5053/5171 5172/5053/5172 4462/5053/4462
f 4462/5053/4462 5172/5053/5172 4522/5053/4522 4127/5053/4127
f 5172/5053/5172 5175/5053/5175 4523/5053/4523 4522/5053/4522
f 5175/5053/5175 5178/5053/5178 4524/5053/4524 4523/5053/4523
f 5178/5053/5178 4471/5053/4471 4128/5053/4128 4524/5053/4524
f 5177/5053/5177 4472/5053/4472 4471/5053/4471 5178/5053/5178
f 5176/5053/5176 4473/5053/4473 4472/5053/4472 5177/5053/5177
f 4465/5053/4465 4118/5053/4118 4473/5053/4473 5176/5053/5176
f 4466/5053/4466 4465/5053/4465 5176/5053/5176 5173/5053/5173
f 4467/5053/4467 4466/5053/4466 5173/5053/5173 5170/5053/5170
f 5179/5053/5179 5182/5053/5182 5183/5053/5183 5180/5053/5180
f 5180/5053/5180 5183/5053/5183 5184/5053/5184 5181/5053/5181
f 5182/5053/5182 5185/5053/5185 5186/5053/5186 5183/5053/5183
f 5183/5053/5183 5186/5053/5186 5187/5053/5187 5184/5053/5184
f 4136/5053/4136 4560/5053/4560 5179/5053/5179 4590/5053/4590
f 4590/5053/4590 5179/5053/5179 5180/5053/5180 4589/5053/4589
f 4589/5053/4589 5180/5053/5180 5181/5053/5181 4588/5053/4588
f 4588/5053/4588 5181/5053/5181 4525/5053/4525 4141/5053/4141
f 5181/5053/5181 5184/5053/5184 4526/5053/4526 4525/5053/4525
f 5184/5053/5184 5187/5053/5187 4527/5053/4527 4526/5053/4526
f 5187/5053/5187 4515/5053/4515 4129/5053/4129 4527/5053/4527
f 5186/5053/5186 4514/5053/4514 4515/5053/4515 5187/5053/5187
f 5185/5053/5185 4513/5053/4513 4514/5053/4514 5186/5053/5186
f 4558/5053/4558 4114/5053/4114 4513/5053/4513 5185/5053/5185
f 4559/5053/4559 4558/5053/4558 5185/5053/5185 5182/5053/5182
f 4560/5053/4560 4559/5053/4559 5182/5053/5182 5179/5053/5179
f 5188/5053/5188 5191/5053/5191 5192/5053/5192 5189/5053/5189
f 5189/5053/5189 5192/5053/5192 5193/5053/5193 5190/5053/5190
f 5191/5053/5191 5194/5053/5194 5195/5053/5195 5192/5053/5192
f 5192/5053/5192 5195/5053/5195 5196/5053/5196 5193/5053/5193
f 4129/5053/4129 4516/5053/4516 5188/5053/5188 4528/5053/4528
f 4528/5053/4528 5188/5053/5188 5189/5053/5189 4529/5053/4529
f 4529/5053/4529 5189/5053/5189 5190/5053/5190 4530/5053/4530
f 4530/5053/4530 5190/5053/5190 4540/5053/4540 4130/5053/4130
f 5190/5053/5190 5193/5053/5193 4541/5053/4541 4540/5053/4540
f 5193/5053/5193 5196/5053/5196 4542/5053/4542 4541/5053/4541
f 5196/5053/5196 4504/5053/4504 4131/5053/4131 4542/5053/4542
f 5195/5053/5195 4505/5053/4505 4504/5053/4504 5196/5053/5196
f 5194/5053/5194 4506/5053/4506 4505/5053/4505 5195/5053/5195
f 4518/5053/4518 4126/5053/4126 4506/5053/4506 5194/5053/5194
f 4517/5053/4517 4518/5053/4518 5194/5053/5194 5191/5053/5191
f 4516/5053/4516 4517/5053/4517 5191/5053/5191 5188/5053/5188
f 5197/5053/5197 5200/5053/5200 5201/5053/5201 5198/5053/5198
f 5198/5053/5198 5201/5053/5201 5202/5053/5202 5199/5053/5199
f 5200/5053/5200 5203/5053/5203 5204/5053/5204 5201/5053/5201
f 5201/5053/5201 5204/5053/5204 5205/5053/5205 5202/5053/5202
f 4140/5053/4140 4519/5053/4519 5197/5053/5197 4587/5053/4587
f 4587/5053/4587 5197/5053/5197 5198/5053/5198 4586/5053/4586
f 4586/5053/4586 5198/5053/5198 5199/5053/5199 4585/5053/4585
f 4585/5053/4585 5199/5053/5199 4543/5053/4543 4142/5053/4142
f 5199/5053/5199 5202/5053/5202 4544/5053/4544 4543/5053/4543
f 5202/5053/5202 5205/5053/5205 4545/5053/4545 4544/5053/4544
f 5205/5053/5205 4507/5053/4507 4132/5053/4132 4545/5053/4545
f 5204/5053/5204 4508/5053/4508 4507/5053/4507 5205/5053/5205
f 5203/5053/5203 4509/5053/4509 4508/5053/4508 5204/5053/5204
f 4521/5053/4521 4127/5053/4127 4509/5053/4509 5203/5053/5203
f 4520/5053/4520 4521/5053/4521 5203/5053/5203 5200/5053/5200
f 4519/5053/4519 4520/5053/4520 5200/5053/5200 5197/5053/5197
f 5206/5053/5206 5209/5053/5209 5210/5053/5210 5207/5053/5207
f 5207/5053/5207 5210/5053/5210 5211/5053/5211 5208/5053/5208
f 5209/5053/5209 5212/5053/5212 5213/5053/5213 5210/5053/5210
f 5210/5053/5210 5213/5053/5213 5214/5053/5214 5211/5053/5211
f 4127/5053/4127 4522/5053/4522 5206/5053/5206 4509/5053/4509
f 4509/5053/4509 5206/5053/5206 5207/5053/5207 4508/5053/4508
f 4508/5053/4508 5207/5053/5207 5208/5053/5208 4507/5053/4507
f 4507/5053/4507 5208/5053/5208 4546/5053/4546 4132/5053/4132
f 5208/5053/5208 5211/5053/5211 4547/5053/4547 4546/5053/4546
f 5211/5053/5211 5214/5053/5214 4548/5053/4548 4547/5053/4547
f 5214/5053/5214 4510/5053/4510 4133/5053/4133 4548/5053/4548
f 5213/5053/5213 4511/5053/4511 4510/5053/4510 5214/5053/5214
f 5212/5053/5212 4512/5053/4512 4511/5053/4511 5213/5053/5213
f 4524/5053/4524 4128/5053/4128 4512/5053/4512 5212/5053/5212
f 4523/5053/4523 4524/5053/4524 5212/5053/5212 5209/5053/5209
f 4522/5053/4522 4523/5053/4523 5209/5053/5209 5206/5053/5206
f 5215/5053/5215 5218/5053/5218 5219/5053/5219 5216/5053/5216
f 5216/5053/5216 5219/5053/5219 5220/5053/5220 5217/5053/5217
f 5218/5053/5218 5221/5053/5221 5222/5053/5222 5219/5053/5219
f 5219/5053/5219 5222/5053/5222 5223/5053/5223 5220/5053/5220
f 4141/5053/4141 4525/5053/4525 5215/5053/5215 4584/5053/4584
f 4584/5053/4584 5215/5053/5215 5216/5053/5216 4583/5053/4583
f 4583/5053/4583 5216/5053/5216 5217/5053/5217 4582/5053/4582
f 4582/5053/4582 5217/5053/5217 4549/5053/4549 4143/5053/4143
f 5217/5053/5217 5220/5053/5220 4550/5053/4550 4549/5053/4549
f 5220/5053/5220 5223/5053/5223 4551/5053/4551 4550/5053/4550
f 5223/5053/5223 4530/5053/4530 4130/5053/4130 4551/5053/4551
f 5222/5053/5222 4529/5053/4529 4530/5053/4530 5223/5053/5223
f 5221/5053/5221 4528/5053/4528 4529/5053/4529 5222/5053/5222
f 4527/5053/4527 4129/5053/4129 4528/5053/4528 5221/5053/5221
f 4526/5053/4526 4527/5053/4527 5221/5053/5221 5218/5053/5218
f 4525/5053/4525 4526/5053/4526 5218/5053/5218 5215/5053/5215
f 5224/5053/5224 5227/5053/5227 5228/5053/5228 5225/5053/5225
f 5225/5053/5225 5228/5053/5228 5229/5053/5229 5226/5053/5226
f 5227/5053/5227 5230/5053/5230 5231/5053/5231 5228/5053/5228
f 5228/5053/5228 5231/5053/5231 5232/5053/5232 5229/5053/5229
f 4128/5053/4128 4573/5053/4573 5224/5053/5224 4512/5053/4512
f 4512/5053/4512 5224/5053/5224 5225/5053/5225 4511/5053/4511
f 4511/5053/4511 5225/5053/5225 5226/5053/5226 4510/5053/4510
f 4510/5053/4510 5226/5053/5226 4579/5053/4579 4133/5053/4133
f 5226/5053/5226 5229/5053/5229 4580/5053/4580 4579/5053/4579
f 5229/5053/5229 5232/5053/5232 4581/5053/4581 4580/5053/4580
f 5232/5053/5232 4582/5053/4582 4143/5053/4143 4581/5053/4581
f 5231/5053/5231 4583/5053/4583 4582/5053/4582 5232/5053/5232
f 5230/5053/5230 4584/5053/4584 4583/5053/4583 5231/5053/5231
f 4575/5053/4575 4141/5053/4141 4584/5053/4584 5230/5053/5230
f 4574/5053/4574 4575/5053/4575 5230/5053/5230 5227/5053/5227
f 4573/5053/4573 4574/5053/4574 5227/5053/5227 5224/5053/5224
f 5233/5053/5233 5236/5053/5236 5237/5053/5237 5234/5053/5234
f 5234/5053/5234 5237/5053/5237 5238/5053/5238 5235/5053/5235
f 5236/5053/5236 5239/5053/5239 5240/5053/5240 5237/5053/5237
f 5237/5053/5237 5240/5053/5240 5241/5053/5241 5238/5053/5238
f 4126/5053/4126 4570/5053/4570 5233/5053/5233 4506/5053/4506
f 4506/5053/4506 5233/5053/5233 5234/5053/5234 4505/5053/4505
f 4505/5053/4505 5234/5053/5234 5235/5053/5235 4504/5053/4504
f 4504/5053/4504 5235/5053/5235 4576/5053/4576 4131/5053/4131
f 5235/5053/5235 5238/5053/5238 4577/5053/4577 4576/5053/4576
f 5238/5053/5238 5241/5053/5241 4578/5053/4578 4577/5053/4577
f 5241/5053/5241 4585/5053/4585 4142/5053/4142 4578/5053/4578
f 5240/5053/5240 4586/5053/4586 4585/5053/4585 5241/5053/5241
f 5239/5053/5239 4587/5053/4587 4586/5053/4586 5240/5053/5240
f 4572/5053/4572 4140/5053/4140 4587/5053/4587 5239/5053/5239
f 4571/5053/4571 4572/5053/4572 5239/5053/5239 5236/5053/5236
f 4570/5053/4570 4571/5053/4571 5236/5053/5236 5233/5053/5233
f 5242/5053/5242 5245/5053/5245 5246/5053/5246 5243/5053/5243
f 5243/5053/5243 5246/5053/5246 5247/5053/5247 5244/5053/5244
f 5245/5053/5245 5248/5053/5248 5249/5053/5249 5246/5053/5246
f 5246/5053/5246 5249/5053/5249 5250/5053/5250 5247/5053/5247
f 4118/5053/4118 4476/5053/4476 5242/5053/5242 4473/5053/4473
f 4473/5053/4473 5242/5053/5242 5243/5053/5243 4472/5053/4472
f 4472/5053/4472 5243/5053/5243 5244/5053/5244 4471/5053/4471
f 4471/5053/4471 5244/5053/5244 4573/5053/4573 4128/5053/4128
f 5244/5053/5244 5247/5053/5247 4574/5053/4574 4573/5053/4573
f 5247/5053/5247 5250/5053/5250 4575/5053/4575 4574/5053/4574
f 5250/5053/5250 4588/5053/4588 4141/5053/4141 4575/5053/4575
f 5249/5053/5249 4589/5053/4589 4588/5053/4588 5250/5053/5250
f 5248/5053/5248 4590/5053/4590 4589/5053/4589 5249/5053/5249
f 4474/5053/4474 4136/5053/4136 4590/5053/4590 5248/5053/5248
f 4475/5053/4475 4474/5053/4474 5248/5053/5248 5245/5053/5245
f 4476/5053/4476 4475/5053/4475 5245/5053/5245 5242/5053/5242
f 5251/5053/5251 5254/5053/5254 5255/5053/5255 5252/5053/5252
f 5252/5053/5252 5255/5053/5255 5256/5053/5256 5253/5053/5253
f 5254/5053/5254 5257/5053/5257 5258/5053/5258 5255/5053/5255
f 5255/5053/5255 5258/5053/5258 5259/5053/5259 5256/5053/5256
f 4116/5053/4116 4458/5053/4458 5251/5053/5251 4455/5053/4455
f 4455/5053/4455 5251/5053/5251 5252/5053/5252 4454/5053/4454
f 4454/5053/4454 5252/5053/5252 5253/5053/5253 4453/5053/4453
f 4453/5053/4453 5253/5053/5253 4570/5053/4570 4126/5053/4126
f 5253/5053/5253 5256/5053/5256 4571/5053/4571 4570/5053/4570
f 5256/5053/5256 5259/5053/5259 4572/5053/4572 4571/5053/4571
f 5259/5053/5259 4591/5053/4591 4140/5053/4140 4572/5053/4572
f 5258/5053/5258 4592/5053/4592 4591/5053/4591 5259/5053/5259
f 5257/5053/5257 4593/5053/4593 4592/5053/4592 5258/5053/5258
f 4456/5053/4456 4134/5053/4134 4593/5053/4593 5257/5053/5257
f 4457/5053/4457 4456/5053/4456 5257/5053/5257 5254/5053/5254
f 4458/5053/4458 4457/5053/4457 5254/5053/5254 5251/5053/5251
f 5260/5053/5260 5263/5053/5263 5264/5053/5264 5261/5053/5261
f 5261/5053/5261 5264/5053/5264 5265/5053/5265 5262/5053/5262
f 5263/5053/5263 5266/5053/5266 5267/5053/5267 5264/5053/5264
f 5264/5053/5264 5267/5053/5267 5268/5053/5268 5265/5053/5265
f 4131/5053/4131 4576/5053/4576 5260/5053/5260 4533/5053/4533
f 4533/5053/4533 5260/5053/5260 5261/5053/5261 4532/5053/4532
f 4532/5053/4532 5261/5053/5261 5262/5053/5262 4531/5053/4531
f 4531/5053/4531 5262/5053/5262 4567/5053/4567 4123/5053/4123
f 5262/5053/5262 5265/5053/5265 4568/5053/4568 4567/5053/4567
f 5265/5053/5265 5268/5053/5268 4569/5053/4569 4568/5053/4568
f 5268/5053/5268 4594/5053/4594 4139/5053/4139 4569/5053/4569
f 5267/5053/5267 4595/5053/4595 4594/5053/4594 5268/5053/5268
f 5266/5053/5266 4596/5053/4596 4595/5053/4595 5267/5053/5267
f 4578/5053/4578 4142/5053/4142 4596/5053/4596 5266/5053/5266
f 4577/5053/4577 4578/5053/4578 5266/5053/5266 5263/5053/5263
f 4576/5053/4576 4577/5053/4577 5263/5053/5263 5260/5053/5260
f 5269/5053/5269 5272/5053/5272 5273/5053/5273 5270/5053/5270
f 5270/5053/5270 5273/5053/5273 5274/5053/5274 5271/5053/5271
f 5272/5053/5272 5275/5053/5275 5276/5053/5276 5273/5053/5273
f 5273/5053/5273 5276/5053/5276 5277/5053/5277 5274/5053/5274
f 4133/5053/4133 4579/5053/4579 5269/5053/5269 4539/5053/4539
f 4539/5053/4539 5269/5053/5269 5270/5053/5270 4538/5053/4538
f 4538/5053/4538 5270/5053/5270 5271/5053/5271 4537/5053/4537
f 4537/5053/4537 5271/5053/5271 4564/5053/4564 4125/5053/4125
f 5271/5053/5271 5274/5053/5274 4565/5053/4565 4564/5053/4564
f 5274/5053/5274 5277/5053/5277 4566/5053/4566 4565/5053/4565
f 5277/5053/5277 4597/5053/4597 4138/5053/4138 4566/5053/4566
f 5276/5053/5276 4598/5053/4598 4597/5053/4597 5277/5053/5277
f 5275/5053/5275 4599/5053/4599 4598/5053/4598 5276/5053/5276
f 4581/5053/4581 4143/5053/4143 4599/5053/4599 5275/5053/5275
f 4580/5053/4580 4581/5053/4581 5275/5053/5275 5272/5053/5272
f 4579/5053/4579 4580/5053/4580 5272/5053/5272 5269/5053/5269
f 5278/5053/5278 5281/5053/5281 5282/5053/5282 5279/5053/5279
f 5279/5053/5279 5282/5053/5282 5283/5053/5283 5280/5053/5280
f 5281/5053/5281 5284/5053/5284 5285/5053/5285 5282/5053/5282
f 5282/5053/5282 5285/5053/5285 5286/5053/5286 5283/5053/5283
f 4121/5053/4121 4468/5053/4468 5278/5053/5278 4461/5053/4461
f 4461/5053/4461 5278/5053/5278 5279/5053/5279 4460/5053/4460
f 4460/5053/4460 5279/5053/5279 5280/5053/5280 4459/5053/4459
f 4459/5053/4459 5280/5053/5280 4600/5053/4600 4135/5053/4135
f 5280/5053/5280 5283/5053/5283 4601/5053/4601 4600/5053/4600
f 5283/5053/5283 5286/5053/5286 4602/5053/4602 4601/5053/4601
f 5286/5053/5286 4563/5053/4563 4137/5053/4137 4602/5053/4602
f 5285/5053/5285 4562/5053/4562 4563/5053/4563 5286/5053/5286
f 5284/5053/5284 4561/5053/4561 4562/5053/4562 5285/5053/5285
f 4470/5053/4470 4119/5053/4119 4561/5053/4561 5284/5053/5284
f 4469/5053/4469 4470/5053/4470 5284/5053/5284 5281/5053/5281
f 4468/5053/4468 4469/5053/4469 5281/5053/5281 5278/5053/5278
f 5287/5053/5287 5290/5053/5290 5291/5053/5291 5288/5053/5288
f 5288/5053/5288 5291/5053/5291 5292/5053/5292 5289/5053/5289
f 5290/5053/5290 5293/5053/5293 5294/5053/5294 5291/5053/5291
f 5291/5053/5291 5294/5053/5294 5295/5053/5295 5292/5053/5292
f 4116/5053/4116 4444/5053/4444 5287/5053/5287 4458/5053/4458
f 4458/5053/4458 5287/5053/5287 5288/5053/5288 4457/5053/4457
f 4457/5053/4457 5288/5053/5288 5289/5053/5289 4456/5053/4456
f 4456/5053/4456 5289/5053/5289 4603/5053/4603 4134/5053/4134
f 5289/5053/5289 5292/5053/5292 4604/5053/4604 4603/5053/4603
f 5292/5053/5292 5295/5053/5295 4605/5053/4605 4604/5053/4604
f 5295/5053/5295 4560/5053/4560 4136/5053/4136 4605/5053/4605
f 5294/5053/5294 4559/5053/4559 4560/5053/4560 5295/5053/5295
f 5293/5053/5293 4558/5053/4558 4559/5053/4559 5294/5053/5294
f 4446/5053/4446 4114/5053/4114 4558/5053/4558 5293/5053/5293
f 4445/5053/4445 4446/5053/4446 5293/5053/5293 5290/5053/5290
f 4444/5053/4444 4445/5053/4445 5290/5053/5290 5287/5053/5287
f 5296/5053/5296 5299/5053/5299 5300/5053/5300 5297/5053/5297
f 5297/5053/5297 5300/5053/5300 5301/5053/5301 5298/5053/5298
f 5299/5053/5299 5302/5053/5302 5303/5053/5303 5300/5053/5300
f 5300/5053/5300 5303/5053/5303 5304/5053/5304 5301/5053/5301
f 4125/5053/4125 4564/5053/4564 5296/5053/5296 4491/5053/4491
f 4491/5053/4491 5296/5053/5296 5297/5053/5297 4490/5053/4490
f 4490/5053/4490 5297/5053/5297 5298/5053/5298 4489/5053/4489
f 4489/5053/4489 5298/5053/5298 4561/5053/4561 4119/5053/4119
f 5298/5053/5298 5301/5053/5301 4562/5053/4562 4561/5053/4561
f 5301/5053/5301 5304/5053/5304 4563/5053/4563 4562/5053/4562
f 5304/5053/5304 4606/5053/4606 4137/5053/4137 4563/5053/4563
f 5303/5053/5303 4607/5053/4607 4606/5053/4606 5304/5053/5304
f 5302/5053/5302 4608/5053/4608 4607/5053/4607 5303/5053/5303
f 4566/5053/4566 4138/5053/4138 4608/5053/4608 5302/5053/5302
f 4565/5053/4565 4566/5053/4566 5302/5053/5302 5299/5053/5299
f 4564/5053/4564 4565/5053/4565 5299/5053/5299 5296/5053/5296
f 5305/5053/5305 5308/5053/5308 5309/5053/5309 5306/5053/5306
f 5306/5053/5306 5309/5053/5309 5310/5053/5310 5307/5053/5307
f 5308/5053/5308 5311/5053/5311 5312/5053/5312 5309/5053/5309
f 5309/5053/5309 5312/5053/5312 5313/5053/5313 5310/5053/5310
f 4123/5053/4123 4567/5053/4567 5305/5053/5305 4485/5053/4485
f 4485/5053/4485 5305/5053/5305 5306/5053/5306 4484/5053/4484
f 4484/5053/4484 5306/5053/5306 5307/5053/5307 4483/5053/4483
f 4483/5053/4483 5307/5053/5307 4555/5053/4555 4117/5053/4117
f 5307/5053/5307 5310/5053/5310 4556/5053/4556 4555/5053/4555
f 5310/5053/5310 5313/5053/5313 4557/5053/4557 4556/5053/4556
f 5313/5053/5313 4609/5053/4609 4135/5053/4135 4557/5053/4557
f 5312/5053/5312 4610/5053/4610 4609/5053/4609 5313/5053/5313
f 5311/5053/5311 4611/5053/4611 4610/5053/4610 5312/5053/5312
f 4569/5053/4569 4139/5053/4139 4611/5053/4611 5311/5053/5311
f 4568/5053/4568 4569/5053/4569 5311/5053/5311 5308/5053/5308
f 4567/5053/4567 4568/5053/4568 5308/5053/5308 5305/5053/5305
o Cube.001
v -0.059859 0.118323 0.610777
v -0.016708 0.063208 0.808242
v 0.087859 0.121605 0.614309
v 0.040142 0.062581 0.808847
v -0.078220 0.253992 0.704514
v -0.023142 0.113459 0.845623
v 0.101001 0.250862 0.704594
v 0.046139 0.112839 0.846325
v -0.068103 0.082239 0.669133
v 0.094111 0.081431 0.671323
v 0.113449 0.207567 0.768071
v -0.089544 0.210924 0.767043
v 0.127884 0.225682 0.679110
v 0.046402 0.087767 0.847168
v -0.099093 0.219596 0.672471
v -0.023335 0.089485 0.846193
v -0.129442 0.177391 0.736926
v 0.155901 0.173094 0.742357
v 0.057605 0.116119 0.607479
v 0.013929 0.112660 0.603380
v -0.029697 0.114104 0.605403
v -0.055452 0.075380 0.707441
v -0.040638 0.069439 0.748474
v -0.026624 0.065168 0.784712
v -0.004548 0.059550 0.814550
v 0.011600 0.057756 0.817906
v 0.027825 0.059244 0.814882
v 0.102392 0.089676 0.642748
v 0.103808 0.099508 0.624487
v 0.097643 0.111186 0.615895
v 0.123086 0.199997 0.661725
v 0.114516 0.169562 0.641934
v 0.101419 0.140988 0.624721
v 0.047232 0.093294 0.850712
v 0.047651 0.098799 0.851813
v 0.047421 0.105804 0.849885
v 0.123144 0.226413 0.745523
v 0.123749 0.238983 0.726581
v 0.114481 0.246870 0.712585
v -0.042077 0.254867 0.702190
v 0.010971 0.254631 0.700950
v 0.064306 0.252946 0.702146
v 0.031300 0.107734 0.850678
v 0.011391 0.105223 0.852730
v -0.008448 0.108035 0.850289
v -0.099657 0.231031 0.745188
v -0.100768 0.244165 0.726829
v -0.091756 0.251256 0.712821
v -0.102260 0.238293 0.685283
v -0.100487 0.249150 0.693983
v -0.091139 0.253528 0.700222
v -0.022125 0.082357 0.840779
v -0.020626 0.074475 0.832397
v -0.018784 0.067473 0.820274
v -0.070017 0.108563 0.612388
v -0.076662 0.098125 0.621288
v -0.075770 0.089558 0.640023
v 0.050477 0.064317 0.785544
v 0.065149 0.068321 0.749676
v 0.080724 0.074203 0.709107
v 0.059113 0.128987 0.834698
v 0.077450 0.153924 0.815655
v 0.096920 0.181935 0.792421
v -0.035829 0.129868 0.833750
v -0.053789 0.155348 0.814439
v -0.072989 0.184179 0.791116
v -0.122984 0.154838 0.720268
v -0.112364 0.128750 0.701600
v -0.094948 0.103195 0.683647
v 0.067414 0.209928 0.769324
v 0.011685 0.211376 0.769670
v -0.043910 0.211758 0.768959
v 0.159155 0.188532 0.754194
v 0.156100 0.198343 0.761612
v 0.142333 0.204147 0.765831
v -0.030633 0.069257 0.660335
v 0.012895 0.064853 0.657741
v 0.056478 0.068941 0.661390
v 0.114963 0.251206 0.701171
v 0.126004 0.249005 0.696647
v 0.129636 0.241516 0.690196
v 0.042077 0.066600 0.820971
v 0.043804 0.073227 0.833215
v 0.045240 0.080779 0.841701
v -0.072917 0.136338 0.619999
v -0.085456 0.163452 0.635871
v -0.093804 0.193106 0.654814
v -0.024472 0.106671 0.849101
v -0.024702 0.100042 0.850933
v -0.024231 0.094870 0.849757
v -0.117789 0.208488 0.763657
v -0.130810 0.203126 0.758073
v -0.133172 0.193280 0.749444
v 0.121209 0.101602 0.687073
v 0.138865 0.126197 0.706156
v 0.149591 0.151324 0.725581
v 0.170735 0.192263 0.720041
v 0.173038 0.207517 0.702503
v 0.159769 0.218707 0.689080
v -0.143483 0.193717 0.713232
v -0.145132 0.205318 0.694713
v -0.131348 0.213506 0.681187
v 0.026782 0.077062 0.860551
v 0.011252 0.073672 0.864896
v -0.004137 0.077759 0.860134
v 0.076647 0.228469 0.672116
v 0.014544 0.227788 0.668372
v -0.047633 0.224532 0.668337
v -0.048921 0.108409 0.823622
v -0.077985 0.131674 0.795453
v -0.106252 0.155822 0.765337
v 0.072672 0.105195 0.825410
v 0.102600 0.127045 0.798287
v 0.131803 0.150588 0.769402
v -0.024024 0.064369 0.700046
v -0.016378 0.060867 0.743326
v -0.009367 0.059110 0.783076
v 0.012566 0.060577 0.697898
v 0.012206 0.057857 0.742214
v 0.011870 0.056855 0.783889
v 0.049192 0.063900 0.700863
v 0.040820 0.060415 0.743927
v 0.033152 0.058750 0.783507
v 0.134563 0.164022 0.779731
v 0.104690 0.137759 0.806391
v 0.074089 0.113090 0.831069
v 0.132164 0.172957 0.786392
v 0.103156 0.145339 0.811500
v 0.073677 0.119472 0.834109
v 0.120885 0.178570 0.790294
v 0.095226 0.150698 0.814192
v 0.069848 0.125294 0.834662
v 0.058464 0.183956 0.793584
v 0.047937 0.155141 0.816852
v 0.038230 0.128554 0.836440
v 0.011795 0.184955 0.793813
v 0.011721 0.155451 0.817250
v 0.011558 0.127664 0.837463
v -0.034788 0.185058 0.792982
v -0.024436 0.155775 0.816243
v -0.015061 0.128932 0.835939
v -0.100965 0.136797 0.751159
v -0.074124 0.116867 0.784384
v -0.046513 0.097809 0.815655
v -0.092237 0.114740 0.735231
v -0.067818 0.099764 0.771567
v -0.042862 0.085765 0.805433
v -0.077832 0.093120 0.719845
v -0.057383 0.083104 0.758655
v -0.037009 0.074357 0.793673
v 0.077196 0.244719 0.683226
v 0.074646 0.252531 0.690020
v 0.068624 0.254576 0.695472
v 0.013747 0.244847 0.679880
v 0.012679 0.253554 0.687272
v 0.011664 0.256084 0.693365
v -0.049728 0.242501 0.680463
v -0.049230 0.252323 0.688541
v -0.045117 0.255668 0.694930
v 0.026352 0.072125 0.856688
v 0.026001 0.066809 0.849307
v 0.026076 0.062181 0.836056
v 0.011275 0.069396 0.861570
v 0.011323 0.064736 0.854539
v 0.011423 0.060589 0.840928
v -0.003661 0.072765 0.856292
v -0.003222 0.067320 0.848949
v -0.003117 0.062554 0.835733
v -0.124634 0.187028 0.663058
v -0.137826 0.179249 0.676322
v -0.136305 0.168856 0.695220
v -0.113794 0.157385 0.643383
v -0.125892 0.149603 0.655906
v -0.124529 0.140260 0.675036
v -0.096436 0.129791 0.625856
v -0.106491 0.121118 0.636703
v -0.105305 0.112366 0.655669
v 0.067922 0.248803 0.712512
v 0.072594 0.241241 0.727414
v 0.072514 0.228841 0.746728
v 0.010780 0.250742 0.712324
v 0.010973 0.243333 0.727848
v 0.011351 0.230713 0.747250
v -0.046046 0.251596 0.712947
v -0.050382 0.244467 0.727917
v -0.049614 0.231580 0.746851
v 0.162420 0.234677 0.700578
v 0.176246 0.223807 0.714544
v 0.174147 0.208546 0.732347
v 0.158326 0.242643 0.707068
v 0.172210 0.232675 0.721389
v 0.170512 0.218218 0.739672
v 0.143558 0.245677 0.710823
v 0.156261 0.236831 0.724937
v 0.155091 0.223449 0.743568
v -0.031906 0.096547 0.603722
v -0.035021 0.084123 0.611759
v -0.034622 0.075473 0.630520
v 0.013618 0.093070 0.601078
v 0.013378 0.079692 0.608961
v 0.013155 0.070809 0.627748
v 0.059236 0.097828 0.605460
v 0.061873 0.084751 0.613277
v 0.061010 0.075540 0.631813
v 0.124571 0.133961 0.631234
v 0.134098 0.123420 0.641798
v 0.132291 0.112481 0.660016
v 0.142428 0.162938 0.650464
v 0.153937 0.152659 0.662740
v 0.151858 0.140204 0.680877
v 0.153470 0.193207 0.671195
v 0.166052 0.182451 0.684242
v 0.163783 0.168326 0.702020
v -0.119563 0.249509 0.709732
v -0.132090 0.241780 0.723656
v -0.130667 0.228463 0.741811
v -0.132754 0.244037 0.703722
v -0.146634 0.235665 0.717741
v -0.144994 0.222456 0.735944
v -0.135215 0.232493 0.694593
v -0.149311 0.224004 0.708417
v -0.147606 0.211397 0.726720
v 0.028531 0.094267 0.859008
v 0.027615 0.086091 0.862673
v 0.027154 0.081115 0.862773
v 0.011286 0.090498 0.862012
v 0.011241 0.081988 0.866200
v 0.011237 0.077219 0.866682
v -0.005862 0.094638 0.858644
v -0.005015 0.086600 0.862289
v -0.004548 0.081754 0.862364
v 0.062562 0.141319 0.618402
v 0.069428 0.171485 0.635442
v 0.074163 0.202485 0.654948
v 0.014327 0.139312 0.614608
v 0.014682 0.170255 0.631758
v 0.014819 0.201498 0.651180
v -0.033926 0.138357 0.615657
v -0.040133 0.167608 0.631960
v -0.044613 0.198094 0.650995
v -0.096548 0.181991 0.788131
v -0.071329 0.153153 0.812387
v -0.046458 0.126865 0.833368
v -0.107354 0.177416 0.783359
v -0.078987 0.148860 0.809179
v -0.050170 0.121804 0.832552
v -0.109314 0.169159 0.776001
v -0.080261 0.142101 0.803699
v -0.050448 0.116048 0.829335
v 0.103262 0.090848 0.722397
v 0.081973 0.080980 0.760447
v 0.060861 0.072819 0.794848
v 0.117817 0.111214 0.738581
v 0.092473 0.096512 0.773880
v 0.066688 0.083461 0.806899
v 0.126611 0.132176 0.755065
v 0.098803 0.112674 0.787072
v 0.070317 0.094866 0.817341
vn -0.1940 0.2325 -0.9530
vn -0.4440 -0.8858 0.1350
vn 0.2270 0.2430 -0.9431
vn 0.4110 -0.9013 0.1368
vn -0.0278 0.9832 0.1805
vn -0.1137 0.5156 0.8492
vn 0.0391 0.9459 0.3222
vn 0.1106 0.5122 0.8517
vn -0.4862 -0.8727 -0.0457
vn 0.4772 -0.8768 -0.0598
vn 0.0968 0.6954 0.7121
vn -0.0951 0.6729 0.7336
vn 0.2527 0.5220 -0.8146
vn 0.6916 -0.4862 0.5342
vn -0.2182 0.5186 -0.8267
vn -0.7204 -0.4764 0.5041
vn -0.8552 -0.4355 0.2810
vn 0.8521 -0.4350 0.2909
vn 0.1240 0.2432 -0.9620
vn 0.0167 0.2465 -0.9690
vn -0.0907 0.2368 -0.9673
vn -0.4716 -0.8816 0.0197
vn -0.4647 -0.8836 0.0577
vn -0.4573 -0.8842 0.0947
vn -0.2574 -0.9602 0.1084
vn -0.0111 -0.9960 0.0883
vn 0.2311 -0.9668 0.1092
vn 0.5302 -0.8130 -0.2407
vn 0.5576 -0.5653 -0.6079
vn 0.4146 -0.1044 -0.9040
vn 0.2535 0.4925 -0.8326
vn 0.2548 0.4430 -0.8595
vn 0.2539 0.3565 -0.8991
vn 0.6589 -0.3220 0.6798
vn 0.5008 0.0426 0.8645
vn 0.2564 0.3718 0.8922
vn 0.0842 0.7845 0.6144
vn 0.0683 0.8565 0.5117
vn 0.0544 0.9098 0.4116
vn -0.0019 0.9774 0.2115
vn 0.0160 0.9670 0.2541
vn 0.0282 0.9554 0.2939
vn 0.0525 0.5309 0.8458
vn -0.0038 0.5435 0.8394
vn -0.0588 0.5326 0.8443
vn -0.0856 0.7623 0.6415
vn -0.0754 0.8623 0.5008
vn -0.0574 0.9471 0.3157
vn -0.2260 0.5798 -0.7828
vn -0.2145 0.7961 -0.5659
vn -0.1128 0.9828 -0.1464
vn -0.7152 -0.5369 0.4474
vn -0.6695 -0.6518 0.3564
vn -0.5676 -0.7856 0.2464
vn -0.3853 -0.1360 -0.9127
vn -0.5386 -0.6009 -0.5906
vn -0.5221 -0.8255 -0.2143
vn 0.4248 -0.9002 0.0962
vn 0.4353 -0.8985 0.0571
vn 0.4494 -0.8932 0.0146
vn 0.1151 0.5324 0.8386
vn 0.1116 0.5674 0.8158
vn 0.1055 0.6178 0.7792
vn -0.1165 0.5335 0.8377
vn -0.1112 0.5639 0.8183
vn -0.1039 0.6062 0.7885
vn -0.8447 -0.4729 0.2507
vn -0.8063 -0.5624 0.1831
vn -0.6983 -0.7118 0.0754
vn 0.0399 0.7173 0.6956
vn 0.0102 0.7161 0.6979
vn -0.0229 0.7039 0.7099
vn 0.8591 -0.2805 0.4281
vn 0.6838 0.1836 0.7062
vn 0.2903 0.5783 0.7625
vn -0.2295 -0.9650 -0.1270
vn -0.0011 -0.9883 -0.1524
vn 0.2252 -0.9651 -0.1337
vn 0.0945 0.9937 0.0602
vn 0.2153 0.8882 -0.4060
vn 0.2610 0.6176 -0.7420
vn 0.5311 -0.8101 0.2485
vn 0.6347 -0.6820 0.3635
vn 0.6844 -0.5627 0.4637
vn -0.2235 0.3543 -0.9080
vn -0.2226 0.4455 -0.8672
vn -0.2195 0.4949 -0.8408
vn -0.2678 0.3736 0.8881
vn -0.5307 0.0301 0.8470
vn -0.6901 -0.3333 0.6424
vn -0.3325 0.5375 0.7750
vn -0.7361 0.1173 0.6666
vn -0.8682 -0.3153 0.3832
vn 0.6874 -0.7240 0.0571
vn 0.7977 -0.5793 0.1675
vn 0.8391 -0.4864 0.2437
vn 0.9465 -0.3076 0.0976
vn 0.9435 0.0206 -0.3307
vn 0.5948 0.3793 -0.7088
vn -0.9440 -0.3158 0.0958
vn -0.9344 0.0206 -0.3557
vn -0.5550 0.3842 -0.7378
vn 0.4994 -0.5122 0.6987
vn -0.0215 -0.5578 0.8297
vn -0.5357 -0.5047 0.6770
vn 0.0943 0.5509 -0.8292
vn 0.0082 0.5536 -0.8328
vn -0.0738 0.5468 -0.8340
vn -0.7652 -0.4812 0.4277
vn -0.7882 -0.4815 0.3834
vn -0.8128 -0.4701 0.3440
vn 0.7399 -0.4915 0.4594
vn 0.7675 -0.4907 0.4125
vn 0.7994 -0.4762 0.3663
vn -0.2241 -0.9726 -0.0615
vn -0.2205 -0.9751 -0.0227
vn -0.2169 -0.9760 0.0186
vn -0.0049 -0.9964 -0.0848
vn -0.0071 -0.9990 -0.0437
vn -0.0086 -1.0000 0.0026
vn 0.2104 -0.9756 -0.0630
vn 0.2016 -0.9792 -0.0219
vn 0.1952 -0.9805 0.0204
vn 0.8004 -0.3442 0.4908
vn 0.7635 -0.3700 0.5293
vn 0.7276 -0.3680 0.5789
vn 0.6551 0.0689 0.7524
vn 0.6340 0.0043 0.7733
vn 0.5981 -0.0174 0.8012
vn 0.3080 0.4752 0.8242
vn 0.3179 0.4078 0.8559
vn 0.3120 0.3688 0.8756
vn 0.0375 0.6465 0.7620
vn 0.0356 0.6017 0.7979
vn 0.0347 0.5707 0.8205
vn 0.0035 0.6483 0.7614
vn -0.0008 0.6052 0.7960
vn -0.0032 0.5748 0.8183
vn -0.0313 0.6391 0.7685
vn -0.0365 0.5984 0.8003
vn -0.0397 0.5700 0.8207
vn -0.8062 -0.5010 0.3147
vn -0.7839 -0.5103 0.3536
vn -0.7619 -0.5156 0.3920
vn -0.7733 -0.5836 0.2478
vn -0.7544 -0.5904 0.2868
vn -0.7315 -0.6011 0.3219
vn -0.6738 -0.7254 0.1409
vn -0.6612 -0.7283 0.1800
vn -0.6454 -0.7323 0.2171
vn 0.0962 0.6163 -0.7816
vn 0.0864 0.8441 -0.5292
vn 0.0441 0.9979 -0.0477
vn 0.0078 0.6052 -0.7960
vn 0.0067 0.8071 -0.5904
vn 0.0080 0.9937 -0.1117
vn -0.0766 0.5955 -0.7997
vn -0.0747 0.7835 -0.6169
vn -0.0349 0.9837 -0.1764
vn 0.4896 -0.6479 0.5836
vn 0.4329 -0.8016 0.4123
vn 0.3327 -0.9111 0.2435
vn -0.0219 -0.7265 0.6868
vn -0.0203 -0.8865 0.4623
vn -0.0159 -0.9704 0.2410
vn -0.5271 -0.6300 0.5703
vn -0.4700 -0.7834 0.4066
vn -0.3658 -0.8986 0.2423
vn -0.5585 0.3354 -0.7587
vn -0.9236 -0.0467 -0.3806
vn -0.9276 -0.3677 0.0663
vn -0.5579 0.2356 -0.7957
vn -0.8863 -0.1768 -0.4281
vn -0.8800 -0.4750 0.0032
vn -0.5209 0.0634 -0.8512
vn -0.7739 -0.3825 -0.5048
vn -0.7567 -0.6463 -0.0991
vn 0.0331 0.9137 0.4050
vn 0.0390 0.8669 0.4970
vn 0.0411 0.8000 0.5986
vn 0.0225 0.9243 0.3809
vn 0.0231 0.8700 0.4924
vn 0.0179 0.7977 0.6027
vn 0.0037 0.9296 0.3686
vn -0.0025 0.8656 0.5007
vn -0.0122 0.7856 0.6186
vn 0.6139 0.5360 -0.5796
vn 0.9589 0.2327 -0.1622
vn 0.9612 -0.1130 0.2518
vn 0.4572 0.8725 -0.1722
vn 0.7205 0.6595 0.2145
vn 0.7353 0.3736 0.5655
vn 0.1640 0.9556 0.2448
vn 0.2312 0.8458 0.4808
vn 0.2660 0.7075 0.6547
vn -0.1701 -0.2251 -0.9594
vn -0.2449 -0.7206 -0.6486
vn -0.2421 -0.9258 -0.2902
vn 0.0201 -0.2225 -0.9747
vn 0.0145 -0.7402 -0.6723
vn 0.0053 -0.9485 -0.3166
vn 0.2077 -0.2019 -0.9571
vn 0.2723 -0.6978 -0.6625
vn 0.2526 -0.9183 -0.3049
vn 0.5441 0.0832 -0.8349
vn 0.7814 -0.3543 -0.5137
vn 0.7602 -0.6368 -0.1288
vn 0.5852 0.2361 -0.7757
vn 0.8894 -0.1666 -0.4256
vn 0.8810 -0.4726 -0.0212
vn 0.5939 0.3266 -0.7352
vn 0.9289 -0.0487 -0.3671
vn 0.9285 -0.3675 0.0524
vn -0.2281 0.9718 0.0600
vn -0.3383 0.8491 0.4057
vn -0.3432 0.6674 0.6609
vn -0.4988 0.7963 -0.3421
vn -0.8018 0.5901 0.0945
vn -0.8112 0.2964 0.5042
vn -0.5710 0.4897 -0.6589
vn -0.9522 0.1838 -0.2440
vn -0.9661 -0.1600 0.2028
vn 0.1343 0.4319 0.8919
vn 0.3099 0.1499 0.9389
vn 0.4477 -0.2570 0.8564
vn -0.0043 0.4673 0.8841
vn -0.0099 0.2047 0.9788
vn -0.0180 -0.2571 0.9662
vn -0.1436 0.4342 0.8893
vn -0.3342 0.1446 0.9314
vn -0.4805 -0.2605 0.8374
vn 0.0985 0.4289 -0.8980
vn 0.0969 0.4962 -0.8628
vn 0.0947 0.5310 -0.8420
vn 0.0122 0.4353 -0.9002
vn 0.0096 0.5057 -0.8626
vn 0.0084 0.5374 -0.8433
vn -0.0729 0.4282 -0.9007
vn -0.0746 0.4965 -0.8648
vn -0.0741 0.5305 -0.8444
vn -0.3316 0.4521 0.8280
vn -0.3330 0.3983 0.8547
vn -0.3234 0.3675 0.8720
vn -0.6960 0.0238 0.7176
vn -0.6703 -0.0263 0.7416
vn -0.6322 -0.0391 0.7738
vn -0.8177 -0.3700 0.4410
vn -0.7871 -0.3908 0.4772
vn -0.7558 -0.3851 0.5295
vn 0.6486 -0.7493 0.1336
vn 0.6280 -0.7575 0.1786
vn 0.6087 -0.7627 0.2188
vn 0.7521 -0.6124 0.2437
vn 0.7255 -0.6246 0.2892
vn 0.6985 -0.6361 0.3279
vn 0.7894 -0.5243 0.3193
vn 0.7598 -0.5382 0.3648
vn 0.7337 -0.5442 0.4069
vt 0.891175 0.271296
vt 0.890181 0.263912
vt 0.894778 0.262553
vt 0.897097 0.269674
vt 0.889291 0.257158
vt 0.892624 0.255886
vt 0.899334 0.260846
vt 0.902892 0.267366
vt 0.896096 0.254881
vt 0.885947 0.278860
vt 0.885947 0.271948
vt 0.892182 0.278082
vt 0.886174 0.264506
vt 0.886541 0.257904
vt 0.886925 0.253590
vt 0.888500 0.251883
vt 0.890896 0.250476
vt 0.893681 0.250148
vt 0.896019 0.250538
vt 0.898874 0.253763
vt 0.903094 0.258816
vt 0.907725 0.264610
vt 0.906122 0.273398
vt 0.911890 0.270097
vt 0.899230 0.276160
vt 0.934902 0.925276
vt 0.934698 0.917424
vt 0.936262 0.917418
vt 0.936823 0.925144
vt 0.934521 0.909732
vt 0.935692 0.909934
vt 0.864779 0.532233
vt 0.872630 0.530869
vt 0.873448 0.531950
vt 0.866100 0.533599
vt 0.936607 0.909810
vt 0.937415 0.916556
vt 0.931894 0.931463
vt 0.932113 0.924640
vt 0.935094 0.932208
vt 0.932485 0.916922
vt 0.932920 0.909356
vt 0.933328 0.902989
vt 0.934410 0.903260
vt 0.935251 0.903647
vt 0.935998 0.904271
vt 0.880284 0.530797
vt 0.885860 0.530294
vt 0.885188 0.531355
vt 0.881356 0.532313
vt 0.875559 0.534089
vt 0.869034 0.536388
vt 0.859406 0.535591
vt 0.862964 0.538932
vt 0.857760 0.533957
vt 0.937222 0.932000
vt 0.873808 0.540801
vt 0.879274 0.537420
vt 0.883832 0.541513
vt 0.879612 0.546151
vt 0.884158 0.534479
vt 0.887661 0.537332
vt 0.888263 0.545734
vt 0.885384 0.551519
vt 0.890779 0.540598
vt 0.868672 0.544223
vt 0.887805 0.532204
vt 0.890669 0.534060
vt 0.892741 0.536771
vt 0.893782 0.539325
vt 0.893131 0.543237
vt 0.891829 0.549197
vt 0.890090 0.555955
vt 0.882481 0.557026
vt 0.888113 0.562313
vt 0.875589 0.550626
vt 0.914362 0.836160
vt 0.917313 0.828758
vt 0.920916 0.829868
vt 0.919018 0.837459
vt 0.920301 0.821619
vt 0.922847 0.822639
vt 0.924755 0.830714
vt 0.923987 0.838287
vt 0.925544 0.823753
vt 0.907294 0.841267
vt 0.910483 0.834816
vt 0.911899 0.842825
vt 0.914310 0.827688
vt 0.918175 0.820822
vt 0.921476 0.815153
vt 0.922880 0.815726
vt 0.924575 0.816713
vt 0.926374 0.818266
vt 0.927793 0.819852
vt 0.928094 0.824174
vt 0.928467 0.830771
vt 0.928807 0.838193
vt 0.923305 0.845230
vt 0.929021 0.845069
vt 0.917417 0.844314
vt 0.932061 0.016833
vt 0.933769 0.017280
vt 0.933575 0.027766
vt 0.931682 0.027568
vt 0.934509 0.018300
vt 0.934448 0.027940
vt 0.933378 0.038234
vt 0.931260 0.038298
vt 0.934406 0.037542
vt 0.929006 0.008212
vt 0.932262 0.007949
vt 0.928744 0.016891
vt 0.933893 0.008578
vt 0.934569 0.010448
vt 0.853824 0.548704
vt 0.855892 0.549932
vt 0.860136 0.554495
vt 0.858907 0.554775
vt 0.866604 0.560792
vt 0.865767 0.561555
vt 0.873353 0.566706
vt 0.873061 0.567808
vt 0.878154 0.570510
vt 0.879448 0.572346
vt 0.934436 0.045317
vt 0.933257 0.046891
vt 0.930933 0.047169
vt 0.927611 0.037906
vt 0.927122 0.046594
vt 0.928215 0.027397
vt 0.932609 0.898458
vt 0.931156 0.898538
vt 0.931710 0.896038
vt 0.933047 0.895880
vt 0.891798 0.244879
vt 0.892392 0.246907
vt 0.889767 0.246857
vt 0.889142 0.244763
vt 0.925984 0.809918
vt 0.927040 0.810876
vt 0.925937 0.812807
vt 0.924723 0.811847
vt 0.887724 0.248477
vt 0.887129 0.246459
vt 0.931862 0.902702
vt 0.933653 0.898609
vt 0.930021 0.902549
vt 0.927928 0.902690
vt 0.929193 0.899142
vt 0.895794 0.248575
vt 0.927351 0.814700
vt 0.928841 0.817954
vt 0.923763 0.811412
vt 0.925188 0.809513
vt 0.933957 0.895959
vt 0.921484 0.050836
vt 0.921400 0.053036
vt 0.915361 0.050955
vt 0.915505 0.048939
vt 0.909752 0.851121
vt 0.910313 0.847897
vt 0.916355 0.849477
vt 0.915969 0.852701
vt 0.909609 0.047613
vt 0.910018 0.045943
vt 0.922786 0.850428
vt 0.922488 0.853601
vt 0.926876 0.052027
vt 0.921764 0.045643
vt 0.926752 0.054327
vt 0.904489 0.849441
vt 0.905252 0.846237
vt 0.929021 0.850207
vt 0.928757 0.853319
vt 0.905000 0.042519
vt 0.905824 0.041429
vt 0.910550 0.041987
vt 0.907153 0.039738
vt 0.915839 0.044167
vt 0.860870 0.552759
vt 0.862114 0.550191
vt 0.869730 0.557306
vt 0.867883 0.559412
vt 0.864693 0.547346
vt 0.872275 0.554382
vt 0.877355 0.564346
vt 0.875007 0.565864
vt 0.879832 0.561401
vt 0.855176 0.547316
vt 0.855791 0.544287
vt 0.858417 0.541523
vt 0.886016 0.567187
vt 0.883612 0.570136
vt 0.880762 0.571029
vt 0.932169 0.002378
vt 0.931737 0.000000
vt 0.933603 0.000701
vt 0.933872 0.003086
vt 0.935451 0.939925
vt 0.935254 0.937254
vt 0.937365 0.936963
vt 0.937415 0.939554
vt 0.849524 0.542526
vt 0.849744 0.538773
vt 0.851732 0.540583
vt 0.851466 0.544091
vt 0.852595 0.536040
vt 0.854465 0.537845
vt 0.928857 0.002793
vt 0.928333 0.000509
vt 0.932116 0.939137
vt 0.931896 0.936458
vt 0.852222 0.547703
vt 0.895279 0.287718
vt 0.894162 0.286359
vt 0.902002 0.284218
vt 0.902667 0.285719
vt 0.893139 0.283175
vt 0.900874 0.281057
vt 0.909667 0.281112
vt 0.909860 0.282746
vt 0.908443 0.278018
vt 0.903408 0.034957
vt 0.906146 0.034629
vt 0.888930 0.288532
vt 0.887237 0.287255
vt 0.886296 0.284051
vt 0.914791 0.274394
vt 0.916101 0.277427
vt 0.915742 0.279341
vt 0.906784 0.019865
vt 0.903917 0.019543
vt 0.906824 0.013074
vt 0.908215 0.014757
vt 0.905851 0.027247
vt 0.902765 0.027250
vt 0.911504 0.008567
vt 0.910834 0.006920
vt 0.916916 0.003626
vt 0.917404 0.005609
vt 0.915502 0.931953
vt 0.915919 0.929612
vt 0.921344 0.932827
vt 0.921132 0.935311
vt 0.923112 0.001638
vt 0.923605 0.003805
vt 0.927008 0.935022
vt 0.927052 0.937630
vt 0.911962 0.012507
vt 0.905817 0.011994
vt 0.919128 0.270515
vt 0.920518 0.273542
vt 0.915806 0.266555
vt 0.917430 0.925402
vt 0.922295 0.928253
vt 0.927408 0.930186
vt 0.923770 0.008969
vt 0.917627 0.010354
vt 0.884125 0.574332
vt 0.887458 0.573794
vt 0.889247 0.575505
vt 0.885687 0.575952
vt 0.889820 0.570813
vt 0.891577 0.572504
vt 0.933240 0.052328
vt 0.933129 0.054643
vt 0.930633 0.055073
vt 0.930778 0.052721
vt 0.898773 0.846747
vt 0.899784 0.843555
vt 0.901686 0.844885
vt 0.900763 0.848083
vt 0.891558 0.565638
vt 0.893127 0.567207
vt 0.902352 0.838743
vt 0.904066 0.839993
vt 0.934569 0.050107
vt 0.889875 0.530622
vt 0.890918 0.529708
vt 0.893582 0.530892
vt 0.892579 0.531982
vt 0.935060 0.899239
vt 0.934413 0.898802
vt 0.934613 0.896093
vt 0.935203 0.896481
vt 0.894944 0.533485
vt 0.894135 0.534586
vt 0.893984 0.530456
vt 0.895259 0.533028
vt 0.886524 0.529511
vt 0.924581 0.809324
vt 0.923040 0.811194
vt 0.920446 0.814798
vt 0.922316 0.811351
vt 0.919607 0.814773
vt 0.895441 0.537898
vt 0.894756 0.538589
vt 0.911416 0.019085
vt 0.917290 0.017990
vt 0.916700 0.027250
vt 0.910715 0.027241
vt 0.923486 0.017256
vt 0.922916 0.027294
vt 0.916219 0.036515
vt 0.910566 0.035400
vt 0.922282 0.037338
vt 0.892961 0.558730
vt 0.894024 0.551201
vt 0.895039 0.552023
vt 0.894261 0.560035
vt 0.894661 0.544232
vt 0.895441 0.544317
vt 0.906324 0.832652
vt 0.911025 0.826069
vt 0.912202 0.826836
vt 0.907770 0.833718
vt 0.915678 0.819862
vt 0.916659 0.820238
vt 0.919936 0.919692
vt 0.922905 0.913405
vt 0.926131 0.915021
vt 0.924005 0.922018
vt 0.925730 0.907527
vt 0.928256 0.908248
vt 0.929502 0.916138
vt 0.928302 0.923590
vt 0.930767 0.908844
vt 0.910971 0.261632
vt 0.905478 0.256462
vt 0.900225 0.251898
s 1
f 5428/5054/5428 5431/5057/5431 5432/5056/5432 5429/5055/5429
f 5429/5055/5429 5432/5056/5432 5433/5059/5433 5430/5058/5430
f 5431/5057/5431 5434/5061/5434 5435/5060/5435 5432/5056/5432
f 5432/5056/5432 5435/5060/5435 5436/5062/5436 5433/5059/5433
f 5322/5063/5322 5389/5065/5389 5428/5054/5428 5335/5064/5335
f 5335/5064/5335 5428/5054/5428 5429/5055/5429 5336/5066/5336
f 5336/5066/5336 5429/5055/5429 5430/5058/5430 5337/5067/5337
f 5337/5067/5337 5430/5058/5430 5338/5069/5338 5315/5068/5315
f 5430/5058/5430 5433/5059/5433 5339/5070/5339 5338/5069/5338
f 5433/5059/5433 5436/5062/5436 5340/5071/5340 5339/5070/5339
f 5436/5062/5436 5371/5073/5371 5317/5072/5317 5340/5071/5340
f 5435/5060/5435 5372/5074/5372 5371/5073/5371 5436/5062/5436
f 5434/5061/5434 5373/5075/5373 5372/5074/5372 5435/5060/5435
f 5391/5076/5391 5323/5077/5323 5373/5075/5373 5434/5061/5434
f 5390/5078/5390 5391/5076/5391 5434/5061/5434 5431/5057/5431
f 5389/5065/5389 5390/5078/5390 5431/5057/5431 5428/5054/5428
f 5437/5079/5437 5440/5082/5440 5441/5081/5441 5438/5080/5438
f 5438/5080/5438 5441/5081/5441 5442/5084/5442 5439/5083/5439
f 5440/5085/5440 5443/5088/5443 5444/5087/5444 5441/5086/5441
f 5441/5081/5441 5444/5090/5444 5445/5089/5445 5442/5084/5442
f 5331/5091/5331 5386/5093/5386 5437/5079/5437 5427/5092/5427
f 5427/5092/5427 5437/5079/5437 5438/5080/5438 5426/5094/5426
f 5426/5094/5426 5438/5080/5438 5439/5083/5439 5425/5095/5425
f 5425/5095/5425 5439/5083/5439 5347/5097/5347 5327/5096/5327
f 5439/5083/5439 5442/5084/5442 5348/5098/5348 5347/5097/5347
f 5442/5084/5442 5445/5089/5445 5349/5099/5349 5348/5098/5348
f 5445/5100/5445 5374/5103/5374 5321/5102/5321 5349/5101/5349
f 5444/5087/5444 5375/5104/5375 5374/5103/5374 5445/5100/5445
f 5443/5088/5443 5376/5105/5376 5375/5104/5375 5444/5087/5444
f 5388/5106/5388 5324/5107/5324 5376/5105/5376 5443/5088/5443
f 5387/5108/5387 5388/5106/5388 5443/5088/5443 5440/5085/5440
f 5386/5093/5386 5387/5109/5387 5440/5082/5440 5437/5079/5437
f 5446/5110/5446 5449/5113/5449 5450/5112/5450 5447/5111/5447
f 5447/5111/5447 5450/5112/5450 5451/5115/5451 5448/5114/5448
f 5449/5113/5449 5452/5117/5452 5453/5116/5453 5450/5112/5450
f 5450/5112/5450 5453/5116/5453 5454/5118/5454 5451/5115/5451
f 5324/5107/5324 5383/5119/5383 5446/5110/5446 5376/5105/5376
f 5376/5105/5376 5446/5110/5446 5447/5111/5447 5375/5104/5375
f 5375/5104/5375 5447/5111/5447 5448/5114/5448 5374/5103/5374
f 5374/5103/5374 5448/5114/5448 5356/5120/5356 5321/5102/5321
f 5448/5114/5448 5451/5115/5451 5357/5121/5357 5356/5120/5356
f 5451/5115/5451 5454/5118/5454 5358/5122/5358 5357/5121/5357
f 5454/5118/5454 5377/5124/5377 5319/5123/5319 5358/5122/5358
f 5453/5116/5453 5378/5125/5378 5377/5124/5377 5454/5118/5454
f 5452/5117/5452 5379/5126/5379 5378/5125/5378 5453/5116/5453
f 5385/5127/5385 5325/5128/5325 5379/5126/5379 5452/5117/5452
f 5384/5129/5384 5385/5127/5385 5452/5117/5452 5449/5113/5449
f 5383/5119/5383 5384/5129/5384 5449/5113/5449 5446/5110/5446
f 5455/5130/5455 5458/5133/5458 5459/5132/5459 5456/5131/5456
f 5456/5131/5456 5459/5132/5459 5460/5135/5460 5457/5134/5457
f 5458/5133/5458 5461/5137/5461 5462/5136/5462 5459/5132/5459
f 5459/5132/5459 5462/5136/5462 5463/5138/5463 5460/5135/5460
f 5330/5139/5330 5380/5141/5380 5455/5130/5455 5424/5140/5424
f 5424/5140/5424 5455/5130/5455 5456/5131/5456 5423/5142/5423
f 5423/5142/5423 5456/5131/5456 5457/5134/5457 5422/5143/5422
f 5422/5143/5422 5457/5134/5457 5365/5145/5365 5329/5144/5329
f 5457/5134/5457 5460/5135/5460 5366/5146/5366 5365/5145/5365
f 5460/5135/5460 5463/5138/5463 5367/5147/5367 5366/5146/5366
f 5463/5138/5463 5337/5149/5337 5315/5148/5315 5367/5147/5367
f 5462/5136/5462 5336/5150/5336 5337/5149/5337 5463/5138/5463
f 5461/5137/5461 5335/5151/5335 5336/5150/5336 5462/5136/5462
f 5382/5152/5382 5322/5153/5322 5335/5151/5335 5461/5137/5461
f 5381/5154/5381 5382/5152/5382 5461/5137/5461 5458/5133/5458
f 5380/5141/5380 5381/5154/5381 5458/5133/5458 5455/5130/5455
f 5464/5155/5464 5467/5158/5467 5468/5157/5468 5465/5156/5465
f 5465/5156/5465 5468/5157/5468 5469/5160/5469 5466/5159/5466
f 5467/5158/5467 5470/5162/5470 5471/5161/5471 5468/5157/5468
f 5468/5157/5468 5471/5161/5471 5472/5163/5472 5469/5160/5469
f 5326/5164/5326 5419/5166/5419 5464/5155/5464 5394/5165/5394
f 5394/5165/5394 5464/5155/5464 5465/5156/5465 5393/5167/5393
f 5393/5167/5393 5465/5156/5465 5466/5159/5466 5392/5168/5392
f 5392/5169/5392 5466/5172/5466 5355/5171/5355 5320/5170/5320
f 5466/5172/5466 5469/5174/5469 5354/5173/5354 5355/5171/5355
f 5469/5174/5469 5472/5176/5472 5353/5175/5353 5354/5173/5354
f 5472/5176/5472 5364/5178/5364 5318/5177/5318 5353/5175/5353
f 5471/5161/5471 5363/5180/5363 5364/5179/5364 5472/5163/5472
f 5470/5162/5470 5362/5181/5362 5363/5180/5363 5471/5161/5471
f 5421/5182/5421 5328/5183/5328 5362/5181/5362 5470/5162/5470
f 5420/5184/5420 5421/5182/5421 5470/5162/5470 5467/5158/5467
f 5419/5166/5419 5420/5184/5420 5467/5158/5467 5464/5155/5464
f 5473/5185/5473 5476/5188/5476 5477/5187/5477 5474/5186/5474
f 5474/5189/5474 5477/5192/5477 5478/5191/5478 5475/5190/5475
f 5476/5193/5476 5479/5196/5479 5480/5195/5480 5477/5194/5477
f 5477/5192/5477 5480/5198/5480 5481/5197/5481 5478/5191/5478
f 5327/5096/5327 5416/5200/5416 5473/5185/5473 5397/5199/5397
f 5397/5199/5397 5473/5185/5473 5474/5186/5474 5396/5201/5396
f 5396/5201/5396 5474/5186/5474 5475/5203/5475 5395/5202/5395
f 5395/5204/5395 5475/5190/5475 5340/5071/5340 5317/5072/5317
f 5475/5190/5475 5478/5191/5478 5339/5070/5339 5340/5071/5340
f 5478/5191/5478 5481/5197/5481 5338/5069/5338 5339/5070/5339
f 5481/5205/5481 5367/5147/5367 5315/5148/5315 5338/5206/5338
f 5480/5195/5480 5366/5146/5366 5367/5147/5367 5481/5205/5481
f 5479/5196/5479 5365/5145/5365 5366/5146/5366 5480/5195/5480
f 5418/5207/5418 5329/5144/5329 5365/5145/5365 5479/5196/5479
f 5417/5208/5417 5418/5207/5418 5479/5196/5479 5476/5193/5476
f 5416/5200/5416 5417/5209/5417 5476/5188/5476 5473/5185/5473
f 5482/5210/5482 5485/5213/5485 5486/5212/5486 5483/5211/5483
f 5483/5214/5483 5486/5217/5486 5487/5216/5487 5484/5215/5484
f 5485/5213/5485 5488/5219/5488 5489/5218/5489 5486/5212/5486
f 5486/5217/5486 5489/5221/5489 5490/5220/5490 5487/5216/5487
f 5328/5183/5328 5400/5223/5400 5482/5210/5482 5415/5222/5415
f 5415/5222/5415 5482/5210/5482 5483/5211/5483 5414/5224/5414
f 5414/5225/5414 5483/5214/5483 5484/5215/5484 5413/5226/5413
f 5413/5226/5413 5484/5215/5484 5380/5141/5380 5330/5139/5330
f 5484/5215/5484 5487/5216/5487 5381/5154/5381 5380/5141/5380
f 5487/5216/5487 5490/5220/5490 5382/5152/5382 5381/5154/5381
f 5490/5220/5490 5370/5227/5370 5322/5153/5322 5382/5152/5382
f 5489/5221/5489 5369/5228/5369 5370/5227/5370 5490/5220/5490
f 5488/5219/5488 5368/5230/5368 5369/5229/5369 5489/5218/5489
f 5398/5231/5398 5314/5232/5314 5368/5230/5368 5488/5219/5488
f 5399/5233/5399 5398/5231/5398 5488/5219/5488 5485/5213/5485
f 5400/5223/5400 5399/5233/5399 5485/5213/5485 5482/5210/5482
f 5491/5234/5491 5494/5237/5494 5495/5236/5495 5492/5235/5492
f 5492/5235/5492 5495/5236/5495 5496/5239/5496 5493/5238/5493
f 5494/5237/5494 5497/5241/5497 5498/5240/5498 5495/5236/5495
f 5495/5236/5495 5498/5240/5498 5499/5242/5499 5496/5239/5496
f 5320/5170/5320 5355/5171/5355 5491/5234/5491 5352/5243/5352
f 5352/5243/5352 5491/5234/5491 5492/5235/5492 5351/5244/5351
f 5351/5244/5351 5492/5235/5492 5493/5238/5493 5350/5245/5350
f 5350/5245/5350 5493/5238/5493 5383/5119/5383 5324/5107/5324
f 5493/5238/5493 5496/5239/5496 5384/5129/5384 5383/5119/5383
f 5496/5239/5496 5499/5242/5499 5385/5127/5385 5384/5129/5384
f 5499/5242/5499 5359/5246/5359 5325/5128/5325 5385/5127/5385
f 5498/5240/5498 5360/5247/5360 5359/5246/5359 5499/5242/5499
f 5497/5241/5497 5361/5248/5361 5360/5247/5360 5498/5240/5498
f 5353/5175/5353 5318/5177/5318 5361/5248/5361 5497/5241/5497
f 5354/5173/5354 5353/5175/5353 5497/5241/5497 5494/5237/5494
f 5355/5171/5355 5354/5173/5354 5494/5237/5494 5491/5234/5491
f 5500/5249/5500 5503/5252/5503 5504/5251/5504 5501/5250/5501
f 5501/5253/5501 5504/5256/5504 5505/5255/5505 5502/5254/5502
f 5503/5257/5503 5506/5260/5506 5507/5259/5507 5504/5258/5504
f 5504/5258/5504 5507/5259/5507 5508/5262/5508 5505/5261/5505
f 5326/5164/5326 5394/5165/5394 5500/5249/5500 5412/5263/5412
f 5412/5263/5412 5500/5249/5500 5501/5250/5501 5411/5264/5411
f 5411/5265/5411 5501/5253/5501 5502/5254/5502 5410/5266/5410
f 5410/5266/5410 5502/5254/5502 5386/5093/5386 5331/5091/5331
f 5502/5254/5502 5505/5255/5505 5387/5109/5387 5386/5093/5386
f 5505/5261/5505 5508/5262/5508 5388/5106/5388 5387/5108/5387
f 5508/5262/5508 5350/5245/5350 5324/5107/5324 5388/5106/5388
f 5507/5259/5507 5351/5244/5351 5350/5245/5350 5508/5262/5508
f 5506/5260/5506 5352/5243/5352 5351/5244/5351 5507/5259/5507
f 5392/5169/5392 5320/5170/5320 5352/5243/5352 5506/5260/5506
f 5393/5267/5393 5392/5169/5392 5506/5260/5506 5503/5257/5503
f 5394/5165/5394 5393/5167/5393 5503/5252/5503 5500/5249/5500
f 5509/5268/5509 5512/5271/5512 5513/5270/5513 5510/5269/5510
f 5510/5269/5510 5513/5270/5513 5514/5273/5514 5511/5272/5511
f 5512/5271/5512 5515/5275/5515 5516/5274/5516 5513/5270/5513
f 5513/5270/5513 5516/5274/5516 5517/5276/5517 5514/5273/5514
f 5314/5232/5314 5334/5278/5334 5509/5277/5509 5368/5230/5368
f 5368/5279/5368 5509/5268/5509 5510/5269/5510 5369/5280/5369
f 5369/5280/5369 5510/5269/5510 5511/5272/5511 5370/5281/5370
f 5370/5281/5370 5511/5272/5511 5389/5065/5389 5322/5063/5322
f 5511/5272/5511 5514/5273/5514 5390/5078/5390 5389/5065/5389
f 5514/5273/5514 5517/5276/5517 5391/5076/5391 5390/5078/5390
f 5517/5276/5517 5341/5282/5341 5323/5077/5323 5391/5076/5391
f 5516/5274/5516 5342/5283/5342 5341/5282/5341 5517/5276/5517
f 5515/5275/5515 5343/5284/5343 5342/5283/5342 5516/5274/5516
f 5332/5285/5332 5316/5288/5316 5343/5287/5343 5515/5286/5515
f 5333/5289/5333 5332/5285/5332 5515/5286/5515 5512/5290/5512
f 5334/5278/5334 5333/5289/5333 5512/5290/5512 5509/5277/5509
f 5518/5291/5518 5521/5294/5521 5522/5293/5522 5519/5292/5519
f 5519/5295/5519 5522/5298/5522 5523/5297/5523 5520/5296/5520
f 5521/5294/5521 5524/5300/5524 5525/5299/5525 5522/5293/5522
f 5522/5298/5522 5525/5302/5525 5526/5301/5526 5523/5297/5523
f 5316/5288/5316 5346/5303/5346 5518/5291/5518 5343/5287/5343
f 5343/5287/5343 5518/5291/5518 5519/5292/5519 5342/5304/5342
f 5342/5283/5342 5519/5306/5519 5520/5305/5520 5341/5282/5341
f 5341/5282/5341 5520/5305/5520 5407/5307/5407 5323/5077/5323
f 5520/5296/5520 5523/5297/5523 5408/5309/5408 5407/5308/5407
f 5523/5297/5523 5526/5301/5526 5409/5310/5409 5408/5309/5408
f 5526/5301/5526 5410/5266/5410 5331/5091/5331 5409/5310/5409
f 5525/5302/5525 5411/5265/5411 5410/5266/5410 5526/5301/5526
f 5524/5300/5524 5412/5263/5412 5411/5264/5411 5525/5299/5525
f 5344/5311/5344 5326/5164/5326 5412/5263/5412 5524/5300/5524
f 5345/5312/5345 5344/5311/5344 5524/5300/5524 5521/5294/5521
f 5346/5303/5346 5345/5312/5345 5521/5294/5521 5518/5291/5518
f 5527/5313/5527 5530/5316/5530 5531/5315/5531 5528/5314/5528
f 5528/5314/5528 5531/5315/5531 5532/5318/5532 5529/5317/5529
f 5530/5319/5530 5533/5322/5533 5534/5321/5534 5531/5320/5531
f 5531/5323/5531 5534/5326/5534 5535/5325/5535 5532/5324/5532
f 5318/5177/5318 5364/5178/5364 5527/5313/5527 5361/5248/5361
f 5361/5248/5361 5527/5313/5527 5528/5314/5528 5360/5247/5360
f 5360/5247/5360 5528/5314/5528 5529/5317/5529 5359/5246/5359
f 5359/5246/5359 5529/5317/5529 5404/5327/5404 5325/5128/5325
f 5529/5317/5529 5532/5318/5532 5405/5328/5405 5404/5327/5404
f 5532/5324/5532 5535/5325/5535 5406/5330/5406 5405/5329/5405
f 5535/5325/5535 5413/5226/5413 5330/5139/5330 5406/5330/5406
f 5534/5326/5534 5414/5225/5414 5413/5226/5413 5535/5325/5535
f 5533/5322/5533 5415/5222/5415 5414/5224/5414 5534/5321/5534
f 5362/5181/5362 5328/5183/5328 5415/5222/5415 5533/5322/5533
f 5363/5180/5363 5362/5181/5362 5533/5322/5533 5530/5319/5530
f 5364/5179/5364 5363/5180/5363 5530/5319/5530 5527/5331/5527
f 5536/5332/5536 5539/5335/5539 5540/5334/5540 5537/5333/5537
f 5537/5336/5537 5540/5339/5540 5541/5338/5541 5538/5337/5538
f 5539/5335/5539 5542/5341/5542 5543/5340/5543 5540/5334/5540
f 5540/5334/5540 5543/5340/5543 5544/5343/5544 5541/5342/5541
f 5321/5102/5321 5356/5120/5356 5536/5332/5536 5349/5101/5349
f 5349/5101/5349 5536/5332/5536 5537/5333/5537 5348/5344/5348
f 5348/5098/5348 5537/5336/5537 5538/5337/5538 5347/5097/5347
f 5347/5097/5347 5538/5337/5538 5416/5200/5416 5327/5096/5327
f 5538/5337/5538 5541/5338/5541 5417/5209/5417 5416/5200/5416
f 5541/5345/5541 5544/5346/5544 5418/5207/5418 5417/5208/5417
f 5544/5346/5544 5403/5347/5403 5329/5144/5329 5418/5207/5418
f 5543/5348/5543 5402/5349/5402 5403/5347/5403 5544/5346/5544
f 5542/5341/5542 5401/5351/5401 5402/5350/5402 5543/5340/5543
f 5358/5122/5358 5319/5123/5319 5401/5351/5401 5542/5341/5542
f 5357/5121/5357 5358/5122/5358 5542/5341/5542 5539/5335/5539
f 5356/5120/5356 5357/5121/5357 5539/5335/5539 5536/5332/5536
f 5545/5352/5545 5548/5355/5548 5549/5354/5549 5546/5353/5546
f 5546/5353/5546 5549/5354/5549 5550/5357/5550 5547/5356/5547
f 5548/5355/5548 5551/5359/5551 5552/5358/5552 5549/5354/5549
f 5549/5354/5549 5552/5358/5552 5553/5360/5553 5550/5357/5550
f 5316/5288/5316 5332/5285/5332 5545/5352/5545 5346/5303/5346
f 5346/5303/5346 5545/5352/5545 5546/5353/5546 5345/5312/5345
f 5345/5312/5345 5546/5353/5546 5547/5356/5547 5344/5311/5344
f 5344/5311/5344 5547/5356/5547 5419/5166/5419 5326/5164/5326
f 5547/5356/5547 5550/5357/5550 5420/5184/5420 5419/5166/5419
f 5550/5357/5550 5553/5360/5553 5421/5182/5421 5420/5184/5420
f 5553/5360/5553 5400/5223/5400 5328/5183/5328 5421/5182/5421
f 5552/5358/5552 5399/5233/5399 5400/5223/5400 5553/5360/5553
f 5551/5359/5551 5398/5231/5398 5399/5233/5399 5552/5358/5552
f 5334/5278/5334 5314/5232/5314 5398/5231/5398 5551/5359/5551
f 5333/5289/5333 5334/5278/5334 5551/5359/5551 5548/5355/5548
f 5332/5285/5332 5333/5289/5333 5548/5355/5548 5545/5352/5545
f 5554/5361/5554 5557/5364/5557 5558/5363/5558 5555/5362/5555
f 5555/5362/5555 5558/5363/5558 5559/5366/5559 5556/5365/5556
f 5557/5367/5557 5560/5370/5560 5561/5369/5561 5558/5368/5558
f 5558/5368/5558 5561/5369/5561 5562/5372/5562 5559/5371/5559
f 5325/5128/5325 5404/5327/5404 5554/5361/5554 5379/5126/5379
f 5379/5126/5379 5554/5361/5554 5555/5362/5555 5378/5125/5378
f 5378/5125/5378 5555/5362/5555 5556/5365/5556 5377/5124/5377
f 5377/5124/5377 5556/5365/5556 5401/5351/5401 5319/5123/5319
f 5556/5365/5556 5559/5366/5559 5402/5350/5402 5401/5351/5401
f 5559/5371/5559 5562/5372/5562 5403/5347/5403 5402/5349/5402
f 5562/5372/5562 5422/5143/5422 5329/5144/5329 5403/5347/5403
f 5561/5369/5561 5423/5142/5423 5422/5143/5422 5562/5372/5562
f 5560/5370/5560 5424/5140/5424 5423/5142/5423 5561/5369/5561
f 5406/5330/5406 5330/5139/5330 5424/5140/5424 5560/5370/5560
f 5405/5329/5405 5406/5330/5406 5560/5370/5560 5557/5367/5557
f 5404/5327/5404 5405/5328/5405 5557/5364/5557 5554/5361/5554
f 5563/5373/5563 5566/5376/5566 5567/5375/5567 5564/5374/5564
f 5564/5374/5564 5567/5375/5567 5568/5378/5568 5565/5377/5565
f 5566/5376/5566 5569/5380/5569 5570/5379/5570 5567/5375/5567
f 5567/5375/5567 5570/5379/5570 5571/5381/5571 5568/5378/5568
f 5323/5077/5323 5407/5307/5407 5563/5382/5563 5373/5075/5373
f 5373/5075/5373 5563/5382/5563 5564/5383/5564 5372/5074/5372
f 5372/5074/5372 5564/5383/5564 5565/5384/5565 5371/5073/5371
f 5371/5073/5371 5565/5384/5565 5395/5204/5395 5317/5072/5317
f 5565/5377/5565 5568/5378/5568 5396/5201/5396 5395/5202/5395
f 5568/5378/5568 5571/5381/5571 5397/5199/5397 5396/5201/5396
f 5571/5381/5571 5425/5095/5425 5327/5096/5327 5397/5199/5397
f 5570/5379/5570 5426/5094/5426 5425/5095/5425 5571/5381/5571
f 5569/5380/5569 5427/5092/5427 5426/5094/5426 5570/5379/5570
f 5409/5310/5409 5331/5091/5331 5427/5092/5427 5569/5380/5569
f 5408/5309/5408 5409/5310/5409 5569/5380/5569 5566/5376/5566
f 5407/5308/5407 5408/5309/5408 5566/5376/5566 5563/5373/5563
o Sphere
v 0.292956 0.921141 0.594492
v 0.205754 0.833838 0.593817
v 0.158599 0.719810 0.593455
v 0.152557 0.658109 0.593411
v 0.158669 0.596415 0.593462
v 0.205953 0.482439 0.593837
v 0.408207 0.968427 0.583351
v 0.350123 0.950397 0.571325
v 0.296599 0.921141 0.560242
v 0.249693 0.881784 0.550529
v 0.211207 0.833839 0.542558
v 0.182620 0.779146 0.536636
v 0.165031 0.719810 0.532991
v 0.159115 0.658109 0.531763
v 0.165100 0.596415 0.532998
v 0.182757 0.537098 0.536650
v 0.211406 0.482439 0.542578
v 0.249946 0.434538 0.550554
v 0.296897 0.395235 0.560272
v 0.350453 0.366041 0.571358
v 0.408558 0.348078 0.583386
v 0.411808 0.968429 0.571805
v 0.357187 0.950400 0.548676
v 0.306854 0.921145 0.527361
v 0.262745 0.881790 0.508679
v 0.226555 0.833845 0.493348
v 0.199673 0.779153 0.481957
v 0.183134 0.719817 0.474944
v 0.177574 0.658116 0.472578
v 0.183204 0.596422 0.474951
v 0.199810 0.537105 0.481971
v 0.226753 0.482445 0.493368
v 0.262998 0.434543 0.508704
v 0.307152 0.395239 0.527391
v 0.357517 0.366044 0.548709
v 0.412159 0.348080 0.571840
v 0.417593 0.968431 0.561183
v 0.368533 0.950405 0.527840
v 0.323327 0.921153 0.497112
v 0.283711 0.881799 0.470180
v 0.251208 0.833856 0.448078
v 0.227066 0.779166 0.431655
v 0.212215 0.719830 0.421544
v 0.207224 0.658130 0.418132
v 0.212285 0.596435 0.421551
v 0.227203 0.537118 0.431669
v 0.251406 0.482457 0.448098
v 0.283964 0.434553 0.470205
v 0.323624 0.395247 0.497142
v 0.368864 0.366049 0.527874
v 0.417944 0.348082 0.561218
v 0.425338 0.968435 0.551894
v 0.383727 0.950413 0.509619
v 0.345384 0.921164 0.470659
v 0.311785 0.881813 0.436511
v 0.284219 0.833872 0.408487
v 0.263747 0.779184 0.387664
v 0.251154 0.719850 0.374844
v 0.246926 0.658149 0.370517
v 0.251224 0.596455 0.374851
v 0.263884 0.537136 0.387678
v 0.284418 0.482473 0.408507
v 0.312038 0.434567 0.436536
v 0.345682 0.395258 0.470688
v 0.384057 0.366057 0.509652
v 0.425689 0.348086 0.551929
v 0.434747 0.968440 0.544294
v 0.402183 0.950422 0.494711
v 0.372179 0.921178 0.449016
v 0.345887 0.881831 0.408965
v 0.324320 0.833893 0.376097
v 0.308304 0.779207 0.351675
v 0.298456 0.719874 0.336637
v 0.295155 0.658174 0.331562
v 0.298526 0.596479 0.336644
v 0.308441 0.537159 0.351688
v 0.324519 0.482494 0.376117
v 0.346141 0.434584 0.408991
v 0.372476 0.395272 0.449046
v 0.402514 0.366066 0.494744
v 0.435098 0.348091 0.544329
v 0.468620 0.974539 0.595859
v 0.445458 0.968446 0.538676
v 0.423193 0.950433 0.483691
v 0.402681 0.921194 0.433017
v 0.384709 0.881852 0.388602
v 0.369969 0.833918 0.352153
v 0.359027 0.779234 0.325069
v 0.352303 0.719903 0.308393
v 0.350057 0.658204 0.302764
v 0.352373 0.596508 0.308400
v 0.359164 0.537186 0.325083
v 0.370168 0.482518 0.352173
v 0.384962 0.434605 0.388628
v 0.402978 0.395288 0.433047
v 0.423524 0.366078 0.483724
v 0.445809 0.348097 0.538711
v 0.457059 0.968452 0.535255
v 0.445949 0.950446 0.476981
v 0.435718 0.921212 0.423276
v 0.426757 0.881875 0.376204
v 0.419412 0.833945 0.337574
v 0.413965 0.779264 0.308870
v 0.410626 0.719935 0.291196
v 0.409522 0.658237 0.285231
v 0.410696 0.596540 0.291203
v 0.414102 0.537216 0.308884
v 0.419611 0.482545 0.337594
v 0.427010 0.434628 0.376230
v 0.436015 0.395306 0.423306
v 0.446280 0.366090 0.477014
v 0.457410 0.348103 0.535290
v 0.469105 0.968459 0.534164
v 0.469577 0.950459 0.474840
v 0.470020 0.921232 0.420168
v 0.470416 0.881899 0.372248
v 0.470750 0.833974 0.332922
v 0.471009 0.779296 0.303701
v 0.471182 0.719969 0.285708
v 0.471265 0.658271 0.279635
v 0.471252 0.596574 0.285715
v 0.471145 0.537248 0.303715
v 0.470949 0.482574 0.332942
v 0.470669 0.434653 0.372273
v 0.470318 0.395325 0.420197
v 0.469908 0.366103 0.474873
v 0.469456 0.348110 0.534199
v 0.481132 0.968466 0.535443
v 0.493169 0.950473 0.477349
v 0.504270 0.921251 0.423811
v 0.514008 0.881924 0.376884
v 0.522008 0.834003 0.338374
v 0.527964 0.779329 0.309759
v 0.531646 0.720004 0.292140
v 0.532913 0.658306 0.286193
v 0.531716 0.596608 0.292147
v 0.528101 0.537281 0.309773
v 0.522207 0.482603 0.338394
v 0.514261 0.434678 0.376910
v 0.504568 0.395345 0.423841
v 0.493500 0.366117 0.477382
v 0.481482 0.348117 0.535478
v 0.492678 0.968472 0.539044
v 0.515818 0.950486 0.484413
v 0.537151 0.921270 0.434066
v 0.555858 0.881949 0.389937
v 0.571218 0.834032 0.353722
v 0.582643 0.779361 0.326813
v 0.589693 0.720037 0.310244
v 0.592097 0.658341 0.304651
v 0.589763 0.596642 0.310251
v 0.582780 0.537313 0.326826
v 0.571417 0.482632 0.353742
v 0.556111 0.434702 0.389962
v 0.537449 0.395364 0.434096
v 0.516149 0.366130 0.484446
v 0.493029 0.348124 0.539079
v 0.503300 0.968479 0.544828
v 0.536654 0.950498 0.495760
v 0.567400 0.921288 0.450539
v 0.594357 0.881972 0.410902
v 0.616489 0.834059 0.378375
v 0.632945 0.779391 0.354206
v 0.643093 0.720069 0.339324
v 0.646544 0.658373 0.334302
v 0.643163 0.596674 0.339331
v 0.633082 0.537343 0.354220
v 0.616688 0.482659 0.378395
v 0.594610 0.434725 0.410928
v 0.567697 0.395382 0.450568
v 0.536984 0.366143 0.495793
v 0.503651 0.348130 0.544864
v 0.512589 0.968484 0.552574
v 0.554875 0.950510 0.510953
v 0.593854 0.921305 0.472596
v 0.628026 0.881992 0.438976
v 0.656080 0.834083 0.411386
v 0.676936 0.779418 0.390886
v 0.689794 0.720098 0.378264
v 0.694159 0.658403 0.374004
v 0.689864 0.596703 0.378271
v 0.677073 0.537370 0.390900
v 0.656278 0.482683 0.411406
v 0.628279 0.434746 0.439002
v 0.594151 0.395398 0.472626
v 0.555206 0.366154 0.510986
v 0.512940 0.348136 0.552609
v 0.520189 0.968489 0.561983
v 0.569783 0.950519 0.529410
v 0.615496 0.921318 0.499390
v 0.655571 0.882010 0.473079
v 0.688469 0.834103 0.451487
v 0.712926 0.779441 0.435444
v 0.728000 0.720122 0.425566
v 0.733114 0.658427 0.422233
v 0.728070 0.596727 0.425573
v 0.713063 0.537393 0.435457
v 0.688668 0.482704 0.451507
v 0.655824 0.434763 0.473104
v 0.615793 0.395412 0.499420
v 0.570113 0.366163 0.529443
v 0.520540 0.348140 0.562018
v 0.525807 0.968493 0.572694
v 0.580803 0.950526 0.550420
v 0.631495 0.921329 0.529892
v 0.675934 0.882023 0.511901
v 0.712414 0.834120 0.497136
v 0.739531 0.779459 0.486166
v 0.756245 0.720141 0.479413
v 0.761912 0.658447 0.477135
v 0.756314 0.596746 0.479420
v 0.739668 0.537411 0.486180
v 0.712613 0.482720 0.497156
v 0.676187 0.434777 0.511926
v 0.631792 0.395423 0.529922
v 0.581134 0.366171 0.550453
v 0.526158 0.348144 0.572729
v 0.529227 0.968496 0.584295
v 0.587513 0.950531 0.573176
v 0.641236 0.921337 0.562929
v 0.688332 0.882033 0.553949
v 0.726992 0.834131 0.546580
v 0.755730 0.779471 0.541105
v 0.773441 0.720154 0.537735
v 0.779445 0.658460 0.536600
v 0.773511 0.596759 0.537742
v 0.755867 0.537423 0.541119
v 0.727191 0.482731 0.546600
v 0.688585 0.434786 0.553974
v 0.641533 0.395430 0.562959
v 0.587843 0.366176 0.573209
v 0.529578 0.348147 0.584330
v 0.530319 0.968497 0.596340
v 0.589654 0.950534 0.596804
v 0.644345 0.921340 0.597232
v 0.692289 0.882038 0.597608
v 0.731645 0.834136 0.597917
v 0.760900 0.779477 0.598148
v 0.778929 0.720161 0.598292
v 0.785040 0.658467 0.598343
v 0.778999 0.596766 0.598299
v 0.761036 0.537429 0.598162
v 0.731843 0.482737 0.597937
v 0.692542 0.434791 0.597633
v 0.644642 0.395434 0.597262
v 0.589985 0.366178 0.596837
v 0.530670 0.348148 0.596375
v 0.529040 0.968497 0.608367
v 0.587145 0.950534 0.620396
v 0.640701 0.921340 0.631482
v 0.687652 0.882037 0.641200
v 0.726192 0.834136 0.649176
v 0.754841 0.779477 0.655104
v 0.772497 0.720161 0.658755
v 0.778483 0.658466 0.659991
v 0.772567 0.596766 0.658762
v 0.754978 0.537429 0.655117
v 0.726391 0.482737 0.649196
v 0.687905 0.434791 0.641225
v 0.640999 0.395434 0.631512
v 0.587475 0.366178 0.620429
v 0.529391 0.348148 0.608402
v 0.525439 0.968496 0.619914
v 0.580081 0.950531 0.643045
v 0.630446 0.921336 0.664363
v 0.674600 0.882032 0.683049
v 0.710845 0.834130 0.698386
v 0.737788 0.779470 0.709783
v 0.754394 0.720154 0.716803
v 0.760024 0.658459 0.719175
v 0.754463 0.596759 0.716810
v 0.737925 0.537422 0.709796
v 0.711043 0.482731 0.698406
v 0.674853 0.434786 0.683075
v 0.630744 0.395430 0.664393
v 0.580411 0.366175 0.643078
v 0.525790 0.348147 0.619949
v 0.519654 0.968493 0.630535
v 0.568734 0.950526 0.663880
v 0.613974 0.921329 0.694611
v 0.653634 0.882023 0.721548
v 0.686191 0.834119 0.743656
v 0.710395 0.779458 0.760084
v 0.725313 0.720140 0.770203
v 0.730374 0.658446 0.773621
v 0.725383 0.596745 0.770209
v 0.710531 0.537410 0.760098
v 0.686390 0.482719 0.743676
v 0.653887 0.434776 0.721574
v 0.614271 0.395422 0.694641
v 0.569065 0.366170 0.663913
v 0.520005 0.348144 0.630571
v 0.511909 0.968489 0.639825
v 0.553541 0.950518 0.682102
v 0.591916 0.921318 0.721065
v 0.625560 0.882009 0.755218
v 0.653180 0.834102 0.783247
v 0.673714 0.779439 0.804075
v 0.686374 0.720121 0.816903
v 0.690672 0.658426 0.821237
v 0.686444 0.596726 0.816910
v 0.673851 0.537391 0.804089
v 0.653379 0.482703 0.783267
v 0.625813 0.434762 0.755243
v 0.592214 0.395411 0.721095
v 0.553871 0.366163 0.682135
v 0.512260 0.348140 0.639860
v 0.468978 0.342037 0.595895
v 0.502500 0.968484 0.647425
v 0.535084 0.950509 0.697009
v 0.565122 0.921304 0.742707
v 0.591457 0.881991 0.782763
v 0.613079 0.834081 0.815637
v 0.629157 0.779416 0.840065
v 0.639072 0.720096 0.855110
v 0.642443 0.658401 0.860192
v 0.639141 0.596701 0.855117
v 0.629294 0.537368 0.840079
v 0.613278 0.482682 0.815657
v 0.591710 0.434744 0.782788
v 0.565419 0.395397 0.742737
v 0.535415 0.366153 0.697042
v 0.502851 0.348135 0.647460
v 0.491789 0.968478 0.653043
v 0.514074 0.950498 0.708030
v 0.534620 0.921287 0.758706
v 0.552636 0.881970 0.803126
v 0.567430 0.834057 0.839581
v 0.578434 0.779389 0.866671
v 0.585225 0.720067 0.883354
v 0.587541 0.658371 0.888989
v 0.585295 0.596672 0.883361
v 0.578571 0.537341 0.866684
v 0.567629 0.482658 0.839601
v 0.552889 0.434724 0.803151
v 0.534917 0.395381 0.758736
v 0.514405 0.366142 0.708063
v 0.492140 0.348130 0.653078
v 0.480188 0.968472 0.656463
v 0.491318 0.950485 0.714739
v 0.501583 0.921269 0.768448
v 0.510588 0.881947 0.815524
v 0.517987 0.834030 0.854159
v 0.523496 0.779359 0.882869
v 0.526902 0.720035 0.900550
v 0.528076 0.658339 0.906523
v 0.526972 0.596640 0.900557
v 0.523633 0.537311 0.882883
v 0.518186 0.482630 0.854179
v 0.510841 0.434701 0.815549
v 0.501880 0.395363 0.768477
v 0.491649 0.366129 0.714772
v 0.480539 0.348123 0.656498
v 0.468142 0.968465 0.657555
v 0.467690 0.950472 0.716881
v 0.467280 0.921250 0.771556
v 0.466929 0.881923 0.819481
v 0.466649 0.834001 0.858812
v 0.466453 0.779327 0.888039
v 0.466346 0.720001 0.906038
v 0.466333 0.658304 0.912118
v 0.466415 0.596606 0.906045
v 0.466589 0.537279 0.888053
v 0.466848 0.482602 0.858832
v 0.467182 0.434676 0.819506
v 0.467578 0.395344 0.771586
v 0.468021 0.366116 0.716914
v 0.468493 0.348116 0.657590
v 0.456116 0.968458 0.656276
v 0.444098 0.950458 0.714371
v 0.433030 0.921230 0.767913
v 0.423337 0.881898 0.814844
v 0.415391 0.833972 0.853360
v 0.409497 0.779294 0.881981
v 0.405882 0.719967 0.899607
v 0.404685 0.658269 0.905560
v 0.405952 0.596572 0.899614
v 0.409634 0.537246 0.881994
v 0.415590 0.482572 0.853379
v 0.423590 0.434651 0.814869
v 0.433328 0.395324 0.767943
v 0.444429 0.366103 0.714404
v 0.456466 0.348110 0.656311
v 0.444569 0.968452 0.652674
v 0.421449 0.950445 0.707307
v 0.400149 0.921211 0.757658
v 0.381487 0.881873 0.801792
v 0.366181 0.833943 0.838012
v 0.354818 0.779263 0.864927
v 0.347835 0.719933 0.881503
v 0.345501 0.658234 0.887102
v 0.347905 0.596538 0.881510
v 0.354955 0.537214 0.864941
v 0.366380 0.482544 0.838032
v 0.381740 0.434627 0.801817
v 0.400447 0.395305 0.757688
v 0.421780 0.366089 0.707340
v 0.444920 0.348103 0.652710
v 0.433947 0.968445 0.646890
v 0.400614 0.950433 0.695961
v 0.369901 0.921193 0.741185
v 0.342988 0.881850 0.780826
v 0.320910 0.833916 0.813359
v 0.304516 0.779233 0.837534
v 0.294435 0.719901 0.852422
v 0.291055 0.658202 0.857452
v 0.294505 0.596506 0.852429
v 0.304653 0.537184 0.837548
v 0.321109 0.482517 0.813379
v 0.343241 0.434604 0.780851
v 0.370198 0.395287 0.741215
v 0.400944 0.366077 0.695994
v 0.434298 0.348097 0.646925
v 0.424658 0.968440 0.639144
v 0.382392 0.950422 0.680767
v 0.343447 0.921177 0.719128
v 0.309319 0.881830 0.752752
v 0.281320 0.833892 0.780347
v 0.260525 0.779206 0.800854
v 0.247734 0.719872 0.813483
v 0.243439 0.658173 0.817750
v 0.247804 0.596477 0.813490
v 0.260662 0.537157 0.800867
v 0.281518 0.482492 0.780367
v 0.309572 0.434583 0.752777
v 0.343745 0.395271 0.719158
v 0.382723 0.366066 0.680800
v 0.425009 0.348091 0.639180
v 0.417058 0.968435 0.629735
v 0.367485 0.950412 0.662311
v 0.321805 0.921163 0.692333
v 0.281774 0.881812 0.718649
v 0.248930 0.833871 0.740247
v 0.224535 0.779183 0.756296
v 0.209528 0.719848 0.766181
v 0.204484 0.658148 0.769521
v 0.209598 0.596453 0.766188
v 0.224672 0.537135 0.756310
v 0.249129 0.482472 0.740267
v 0.282027 0.434566 0.718674
v 0.322102 0.395257 0.692363
v 0.367815 0.366056 0.662344
v 0.417409 0.348086 0.629771
v 0.411440 0.968431 0.619025
v 0.356464 0.950405 0.641301
v 0.305806 0.921152 0.661831
v 0.261411 0.881798 0.679828
v 0.224986 0.833855 0.694597
v 0.197930 0.779165 0.705574
v 0.181284 0.719829 0.712334
v 0.175687 0.658129 0.714619
v 0.181353 0.596434 0.712341
v 0.198067 0.537117 0.705587
v 0.225184 0.482456 0.694617
v 0.261664 0.434552 0.679853
v 0.306103 0.395246 0.661861
v 0.356795 0.366049 0.641334
v 0.411791 0.348082 0.619060
v 0.408020 0.968428 0.607424
v 0.349755 0.950400 0.618545
v 0.296065 0.921145 0.628795
v 0.249013 0.881789 0.637780
v 0.210407 0.833844 0.645154
v 0.181731 0.779152 0.650635
v 0.164087 0.719816 0.654012
v 0.158153 0.658115 0.655154
v 0.164157 0.596421 0.654019
v 0.181868 0.537104 0.650649
v 0.210606 0.482445 0.645174
v 0.249266 0.434542 0.637805
v 0.296362 0.395239 0.628824
v 0.350085 0.366044 0.618578
v 0.408370 0.348080 0.607459
v 0.406928 0.968427 0.595378
v 0.347613 0.950397 0.594917
v 0.245056 0.881784 0.594121
v 0.176562 0.779146 0.593592
v 0.176699 0.537098 0.593606
v 0.245309 0.434538 0.594146
v 0.293254 0.395235 0.594522
v 0.347944 0.366041 0.594950
v 0.407279 0.348078 0.595413
vn -0.5602 0.8283 -0.0044
vn -0.8336 0.5523 -0.0065
vn -0.9811 0.1934 -0.0077
vn -1.0000 -0.0006 -0.0078
vn -0.9809 -0.1945 -0.0076
vn -0.8330 -0.5532 -0.0065
vn -0.1973 0.9795 -0.0408
vn -0.3804 0.9215 -0.0787
vn -0.5486 0.8283 -0.1135
vn -0.6958 0.7037 -0.1440
vn -0.8163 0.5523 -0.1690
vn -0.9058 0.3800 -0.1875
vn -0.9608 0.1934 -0.1989
vn -0.9792 -0.0006 -0.2027
vn -0.9605 -0.1945 -0.1989
vn -0.9053 -0.3811 -0.1875
vn -0.8157 -0.5532 -0.1689
vn -0.6950 -0.7045 -0.1439
vn -0.5477 -0.8290 -0.1134
vn -0.3793 -0.9219 -0.0786
vn -0.1962 -0.9797 -0.0407
vn -0.1856 0.9795 -0.0784
vn -0.3577 0.9215 -0.1513
vn -0.5159 0.8283 -0.2183
vn -0.6543 0.7037 -0.2769
vn -0.7677 0.5523 -0.3249
vn -0.8518 0.3800 -0.3606
vn -0.9035 0.1934 -0.3825
vn -0.9209 -0.0005 -0.3899
vn -0.9033 -0.1945 -0.3825
vn -0.8514 -0.3810 -0.3605
vn -0.7671 -0.5532 -0.3249
vn -0.6535 -0.7044 -0.2768
vn -0.5150 -0.8290 -0.2182
vn -0.3567 -0.9219 -0.1512
vn -0.1845 -0.9797 -0.0783
vn -0.1668 0.9795 -0.1130
vn -0.3213 0.9215 -0.2181
vn -0.4635 0.8284 -0.3147
vn -0.5878 0.7037 -0.3992
vn -0.6896 0.5523 -0.4684
vn -0.7651 0.3801 -0.5198
vn -0.8115 0.1934 -0.5514
vn -0.8271 -0.0005 -0.5620
vn -0.8113 -0.1944 -0.5514
vn -0.7647 -0.3810 -0.5197
vn -0.6890 -0.5532 -0.4683
vn -0.5870 -0.7044 -0.3991
vn -0.4625 -0.8289 -0.3146
vn -0.3203 -0.9219 -0.2180
vn -0.1657 -0.9797 -0.1129
vn -0.1415 0.9795 -0.1433
vn -0.2727 0.9215 -0.2765
vn -0.3932 0.8284 -0.3989
vn -0.4986 0.7038 -0.5061
vn -0.5850 0.5524 -0.5939
vn -0.6490 0.3801 -0.6590
vn -0.6884 0.1935 -0.6991
vn -0.7016 -0.0004 -0.7126
vn -0.6881 -0.1944 -0.6991
vn -0.6486 -0.3809 -0.6590
vn -0.5843 -0.5531 -0.5938
vn -0.4978 -0.7044 -0.5060
vn -0.3923 -0.8289 -0.3988
vn -0.2716 -0.9219 -0.2764
vn -0.1404 -0.9797 -0.1432
vn -0.1109 0.9795 -0.1680
vn -0.2135 0.9216 -0.3242
vn -0.3078 0.8284 -0.4679
vn -0.3903 0.7038 -0.5936
vn -0.4579 0.5525 -0.6965
vn -0.5080 0.3802 -0.7729
vn -0.5388 0.1936 -0.8199
vn -0.5491 -0.0004 -0.8358
vn -0.5385 -0.1943 -0.8199
vn -0.5075 -0.3809 -0.7729
vn -0.4572 -0.5531 -0.6965
vn -0.3895 -0.7043 -0.5935
vn -0.3069 -0.8288 -0.4678
vn -0.2125 -0.9218 -0.3241
vn -0.1098 -0.9797 -0.1679
vn -0.0006 1.0000 -0.0001
vn -0.0760 0.9795 -0.1863
vn -0.1462 0.9216 -0.3596
vn -0.2106 0.8285 -0.5189
vn -0.2670 0.7039 -0.6582
vn -0.3132 0.5525 -0.7724
vn -0.3474 0.3803 -0.8571
vn -0.3684 0.1937 -0.9093
vn -0.3755 -0.0003 -0.9268
vn -0.3682 -0.1942 -0.9092
vn -0.3470 -0.3808 -0.8571
vn -0.3126 -0.5530 -0.7723
vn -0.2662 -0.7042 -0.6581
vn -0.2097 -0.8288 -0.5188
vn -0.1451 -0.9218 -0.3595
vn -0.0749 -0.9797 -0.1862
vn -0.0382 0.9796 -0.1975
vn -0.0732 0.9216 -0.3811
vn -0.1054 0.8286 -0.5499
vn -0.1335 0.7039 -0.6976
vn -0.1565 0.5526 -0.8186
vn -0.1736 0.3804 -0.9084
vn -0.1840 0.1938 -0.9636
vn -0.1874 -0.0002 -0.9823
vn -0.1838 -0.1941 -0.9636
vn -0.1731 -0.3807 -0.9084
vn -0.1559 -0.5529 -0.8185
vn -0.1327 -0.7042 -0.6975
vn -0.1045 -0.8287 -0.5498
vn -0.0722 -0.9218 -0.3810
vn -0.0371 -0.9796 -0.1973
vn 0.0010 0.9796 -0.2010
vn 0.0025 0.9217 -0.3879
vn 0.0039 0.8286 -0.5598
vn 0.0051 0.7040 -0.7102
vn 0.0062 0.5527 -0.8333
vn 0.0070 0.3805 -0.9248
vn 0.0075 0.1939 -0.9810
vn 0.0078 -0.0001 -1.0000
vn 0.0078 -0.1940 -0.9810
vn 0.0074 -0.3806 -0.9247
vn 0.0068 -0.5528 -0.8333
vn 0.0059 -0.7041 -0.7101
vn 0.0048 -0.8287 -0.5597
vn 0.0035 -0.9217 -0.3878
vn 0.0021 -0.9796 -0.2009
vn 0.0402 0.9796 -0.1968
vn 0.0781 0.9217 -0.3799
vn 0.1130 0.8287 -0.5482
vn 0.1436 0.7041 -0.6954
vn 0.1686 0.5528 -0.8161
vn 0.1873 0.3806 -0.9056
vn 0.1988 0.1940 -0.9607
vn 0.2027 0.0001 -0.9792
vn 0.1990 -0.1939 -0.9606
vn 0.1877 -0.3805 -0.9055
vn 0.1693 -0.5527 -0.8160
vn 0.1444 -0.7040 -0.6954
vn 0.1140 -0.8286 -0.5481
vn 0.0792 -0.9217 -0.3798
vn 0.0413 -0.9796 -0.1967
vn 0.0778 0.9796 -0.1851
vn 0.1507 0.9218 -0.3572
vn 0.2178 0.8287 -0.5155
vn 0.2765 0.7042 -0.6540
vn 0.3246 0.5529 -0.7674
vn 0.3603 0.3807 -0.8516
vn 0.3824 0.1941 -0.9034
vn 0.3899 0.0002 -0.9209
vn 0.3826 -0.1938 -0.9034
vn 0.3608 -0.3804 -0.8516
vn 0.3252 -0.5526 -0.7674
vn 0.2773 -0.7039 -0.6539
vn 0.2187 -0.8286 -0.5154
vn 0.1517 -0.9216 -0.3571
vn 0.0789 -0.9796 -0.1850
vn 0.1124 0.9797 -0.1663
vn 0.2175 0.9218 -0.3209
vn 0.3141 0.8288 -0.4630
vn 0.3987 0.7043 -0.5874
vn 0.4681 0.5530 -0.6893
vn 0.5195 0.3808 -0.7649
vn 0.5513 0.1942 -0.8114
vn 0.5620 0.0003 -0.8271
vn 0.5515 -0.1937 -0.8114
vn 0.5200 -0.3803 -0.7649
vn 0.4687 -0.5525 -0.6892
vn 0.3995 -0.7039 -0.5873
vn 0.3151 -0.8285 -0.4629
vn 0.2185 -0.9216 -0.3208
vn 0.1135 -0.9795 -0.1662
vn 0.1427 0.9797 -0.1410
vn 0.2759 0.9218 -0.2722
vn 0.3984 0.8288 -0.3928
vn 0.5056 0.7043 -0.4983
vn 0.5935 0.5531 -0.5847
vn 0.6588 0.3809 -0.6488
vn 0.6990 0.1943 -0.6883
vn 0.7126 0.0004 -0.7016
vn 0.6992 -0.1936 -0.6882
vn 0.6592 -0.3802 -0.6488
vn 0.5941 -0.5525 -0.5846
vn 0.5064 -0.7038 -0.4982
vn 0.3994 -0.8284 -0.3927
vn 0.2769 -0.9216 -0.2721
vn 0.1438 -0.9795 -0.1409
vn 0.1674 0.9797 -0.1104
vn 0.3237 0.9219 -0.2130
vn 0.4674 0.8289 -0.3074
vn 0.5931 0.7044 -0.3900
vn 0.6962 0.5531 -0.4576
vn 0.7727 0.3809 -0.5078
vn 0.8198 0.1944 -0.5387
vn 0.8358 0.0004 -0.5491
vn 0.8200 -0.1935 -0.5386
vn 0.7731 -0.3801 -0.5077
vn 0.6968 -0.5524 -0.4575
vn 0.5939 -0.7037 -0.3899
vn 0.4683 -0.8284 -0.3073
vn 0.3247 -0.9215 -0.2129
vn 0.1685 -0.9795 -0.1103
vn 0.1857 0.9797 -0.0755
vn 0.3590 0.9219 -0.1457
vn 0.5183 0.8289 -0.2102
vn 0.6578 0.7044 -0.2667
vn 0.7721 0.5532 -0.3129
vn 0.8569 0.3810 -0.3472
vn 0.9091 0.1944 -0.3684
vn 0.9268 0.0005 -0.3755
vn 0.9093 -0.1934 -0.3683
vn 0.8573 -0.3801 -0.3472
vn 0.7727 -0.5523 -0.3129
vn 0.6586 -0.7037 -0.2666
vn 0.5193 -0.8284 -0.2101
vn 0.3600 -0.9215 -0.1456
vn 0.1868 -0.9795 -0.0754
vn 0.1969 0.9797 -0.0377
vn 0.3805 0.9219 -0.0728
vn 0.5494 0.8290 -0.1050
vn 0.6972 0.7044 -0.1331
vn 0.8183 0.5532 -0.1562
vn 0.9082 0.3810 -0.1734
vn 0.9635 0.1945 -0.1839
vn 0.9823 0.0005 -0.1874
vn 0.9637 -0.1934 -0.1839
vn 0.9086 -0.3800 -0.1733
vn 0.8189 -0.5523 -0.1562
vn 0.6980 -0.7037 -0.1331
vn 0.5503 -0.8283 -0.1049
vn 0.3815 -0.9215 -0.0727
vn 0.1980 -0.9795 -0.0376
vn 0.2004 0.9797 0.0015
vn 0.3874 0.9219 0.0030
vn 0.5593 0.8290 0.0043
vn 0.7097 0.7045 0.0055
vn 0.8330 0.5532 0.0065
vn 0.9245 0.3811 0.0072
vn 0.9809 0.1945 0.0076
vn 1.0000 0.0006 0.0078
vn 0.9811 -0.1934 0.0077
vn 0.9250 -0.3800 0.0072
vn 0.8336 -0.5523 0.0065
vn 0.7105 -0.7037 0.0056
vn 0.5602 -0.8283 0.0044
vn 0.3884 -0.9215 0.0031
vn 0.2015 -0.9795 0.0016
vn 0.1962 0.9797 0.0407
vn 0.3793 0.9219 0.0786
vn 0.5477 0.8290 0.1134
vn 0.6950 0.7045 0.1439
vn 0.8157 0.5532 0.1689
vn 0.9053 0.3811 0.1875
vn 0.9605 0.1945 0.1989
vn 0.9792 0.0006 0.2027
vn 0.9608 -0.1934 0.1989
vn 0.9058 -0.3800 0.1875
vn 0.8163 -0.5523 0.1690
vn 0.6958 -0.7037 0.1440
vn 0.5486 -0.8283 0.1135
vn 0.3804 -0.9215 0.0787
vn 0.1973 -0.9795 0.0408
vn 0.1845 0.9797 0.0783
vn 0.3567 0.9219 0.1512
vn 0.5150 0.8290 0.2182
vn 0.6535 0.7044 0.2768
vn 0.7671 0.5532 0.3249
vn 0.8514 0.3810 0.3605
vn 0.9033 0.1945 0.3825
vn 0.9209 0.0005 0.3899
vn 0.9035 -0.1934 0.3825
vn 0.8518 -0.3800 0.3606
vn 0.7677 -0.5523 0.3249
vn 0.6543 -0.7037 0.2769
vn 0.5159 -0.8283 0.2183
vn 0.3577 -0.9215 0.1513
vn 0.1856 -0.9795 0.0784
vn 0.1657 0.9797 0.1129
vn 0.3203 0.9219 0.2180
vn 0.4625 0.8289 0.3146
vn 0.5870 0.7044 0.3991
vn 0.6890 0.5532 0.4683
vn 0.7647 0.3810 0.5197
vn 0.8113 0.1944 0.5514
vn 0.8271 0.0005 0.5620
vn 0.8115 -0.1934 0.5514
vn 0.7651 -0.3801 0.5198
vn 0.6896 -0.5523 0.4684
vn 0.5878 -0.7037 0.3992
vn 0.4635 -0.8284 0.3147
vn 0.3213 -0.9215 0.2181
vn 0.1668 -0.9795 0.1130
vn 0.1404 0.9797 0.1432
vn 0.2716 0.9219 0.2764
vn 0.3923 0.8289 0.3988
vn 0.4978 0.7044 0.5060
vn 0.5843 0.5531 0.5938
vn 0.6486 0.3809 0.6590
vn 0.6881 0.1944 0.6991
vn 0.7016 0.0004 0.7126
vn 0.6884 -0.1935 0.6991
vn 0.6490 -0.3801 0.6590
vn 0.5850 -0.5524 0.5939
vn 0.4986 -0.7038 0.5061
vn 0.3932 -0.8284 0.3989
vn 0.2727 -0.9215 0.2765
vn 0.1415 -0.9795 0.1433
vn 0.0006 -1.0000 0.0001
vn 0.1098 0.9797 0.1679
vn 0.2125 0.9218 0.3241
vn 0.3069 0.8288 0.4678
vn 0.3895 0.7043 0.5935
vn 0.4572 0.5531 0.6965
vn 0.5075 0.3809 0.7729
vn 0.5385 0.1943 0.8199
vn 0.5491 0.0004 0.8358
vn 0.5388 -0.1936 0.8199
vn 0.5080 -0.3802 0.7729
vn 0.4579 -0.5525 0.6965
vn 0.3903 -0.7038 0.5936
vn 0.3078 -0.8284 0.4679
vn 0.2135 -0.9216 0.3242
vn 0.1109 -0.9795 0.1680
vn 0.0749 0.9797 0.1862
vn 0.1451 0.9218 0.3595
vn 0.2097 0.8288 0.5188
vn 0.2662 0.7042 0.6581
vn 0.3126 0.5530 0.7723
vn 0.3470 0.3808 0.8571
vn 0.3682 0.1942 0.9092
vn 0.3755 0.0003 0.9268
vn 0.3684 -0.1937 0.9093
vn 0.3474 -0.3803 0.8571
vn 0.3132 -0.5525 0.7724
vn 0.2670 -0.7039 0.6582
vn 0.2106 -0.8285 0.5189
vn 0.1462 -0.9216 0.3596
vn 0.0760 -0.9795 0.1863
vn 0.0371 0.9796 0.1973
vn 0.0722 0.9218 0.3810
vn 0.1045 0.8287 0.5498
vn 0.1327 0.7042 0.6975
vn 0.1559 0.5529 0.8185
vn 0.1731 0.3807 0.9084
vn 0.1838 0.1941 0.9636
vn 0.1874 0.0002 0.9823
vn 0.1840 -0.1938 0.9636
vn 0.1736 -0.3804 0.9084
vn 0.1565 -0.5526 0.8186
vn 0.1335 -0.7039 0.6976
vn 0.1054 -0.8286 0.5499
vn 0.0732 -0.9216 0.3811
vn 0.0382 -0.9796 0.1975
vn -0.0021 0.9796 0.2009
vn -0.0035 0.9217 0.3878
vn -0.0048 0.8287 0.5597
vn -0.0059 0.7041 0.7101
vn -0.0068 0.5528 0.8333
vn -0.0074 0.3806 0.9247
vn -0.0078 0.1940 0.9810
vn -0.0078 0.0001 1.0000
vn -0.0075 -0.1939 0.9810
vn -0.0070 -0.3805 0.9248
vn -0.0062 -0.5527 0.8333
vn -0.0051 -0.7040 0.7102
vn -0.0039 -0.8286 0.5598
vn -0.0025 -0.9217 0.3879
vn -0.0010 -0.9796 0.2010
vn -0.0413 0.9796 0.1967
vn -0.0792 0.9217 0.3798
vn -0.1140 0.8286 0.5481
vn -0.1444 0.7040 0.6954
vn -0.1693 0.5527 0.8160
vn -0.1877 0.3805 0.9055
vn -0.1990 0.1939 0.9606
vn -0.2027 -0.0001 0.9792
vn -0.1988 -0.1940 0.9607
vn -0.1873 -0.3806 0.9056
vn -0.1686 -0.5528 0.8161
vn -0.1436 -0.7041 0.6954
vn -0.1130 -0.8287 0.5482
vn -0.0781 -0.9217 0.3799
vn -0.0402 -0.9796 0.1968
vn -0.0789 0.9796 0.1850
vn -0.1517 0.9216 0.3571
vn -0.2187 0.8286 0.5154
vn -0.2773 0.7039 0.6539
vn -0.3252 0.5526 0.7674
vn -0.3608 0.3804 0.8516
vn -0.3826 0.1938 0.9034
vn -0.3899 -0.0002 0.9209
vn -0.3824 -0.1941 0.9034
vn -0.3603 -0.3807 0.8516
vn -0.3246 -0.5529 0.7674
vn -0.2765 -0.7042 0.6540
vn -0.2178 -0.8287 0.5155
vn -0.1507 -0.9218 0.3572
vn -0.0778 -0.9796 0.1851
vn -0.1135 0.9795 0.1662
vn -0.2185 0.9216 0.3208
vn -0.3151 0.8285 0.4629
vn -0.3995 0.7039 0.5873
vn -0.4687 0.5525 0.6892
vn -0.5200 0.3803 0.7649
vn -0.5515 0.1937 0.8114
vn -0.5620 -0.0003 0.8271
vn -0.5513 -0.1942 0.8114
vn -0.5195 -0.3808 0.7649
vn -0.4681 -0.5530 0.6893
vn -0.3987 -0.7043 0.5874
vn -0.3141 -0.8288 0.4630
vn -0.2175 -0.9218 0.3209
vn -0.1124 -0.9797 0.1663
vn -0.1438 0.9795 0.1409
vn -0.2769 0.9216 0.2721
vn -0.3994 0.8284 0.3927
vn -0.5064 0.7038 0.4982
vn -0.5941 0.5525 0.5846
vn -0.6592 0.3802 0.6488
vn -0.6992 0.1936 0.6882
vn -0.7126 -0.0004 0.7016
vn -0.6990 -0.1943 0.6883
vn -0.6588 -0.3809 0.6488
vn -0.5935 -0.5531 0.5847
vn -0.5056 -0.7043 0.4983
vn -0.3984 -0.8288 0.3928
vn -0.2759 -0.9218 0.2722
vn -0.1427 -0.9797 0.1410
vn -0.1685 0.9795 0.1103
vn -0.3247 0.9215 0.2129
vn -0.4683 0.8284 0.3073
vn -0.5939 0.7037 0.3899
vn -0.6968 0.5524 0.4575
vn -0.7731 0.3801 0.5077
vn -0.8200 0.1935 0.5386
vn -0.8358 -0.0004 0.5491
vn -0.8198 -0.1944 0.5387
vn -0.7727 -0.3809 0.5078
vn -0.6962 -0.5531 0.4576
vn -0.5931 -0.7044 0.3900
vn -0.4674 -0.8289 0.3074
vn -0.3237 -0.9219 0.2130
vn -0.1674 -0.9797 0.1104
vn -0.1868 0.9795 0.0754
vn -0.3600 0.9215 0.1456
vn -0.5193 0.8284 0.2101
vn -0.6586 0.7037 0.2666
vn -0.7727 0.5523 0.3129
vn -0.8573 0.3801 0.3472
vn -0.9093 0.1934 0.3683
vn -0.9268 -0.0005 0.3755
vn -0.9091 -0.1944 0.3684
vn -0.8569 -0.3810 0.3472
vn -0.7721 -0.5532 0.3129
vn -0.6578 -0.7044 0.2667
vn -0.5183 -0.8289 0.2102
vn -0.3590 -0.9219 0.1457
vn -0.1857 -0.9797 0.0755
vn -0.1980 0.9795 0.0376
vn -0.3815 0.9215 0.0727
vn -0.5503 0.8283 0.1049
vn -0.6980 0.7037 0.1331
vn -0.8189 0.5523 0.1562
vn -0.9086 0.3800 0.1733
vn -0.9637 0.1934 0.1839
vn -0.9823 -0.0005 0.1874
vn -0.9635 -0.1945 0.1839
vn -0.9082 -0.3810 0.1734
vn -0.8183 -0.5532 0.1562
vn -0.6972 -0.7044 0.1331
vn -0.5494 -0.8290 0.1050
vn -0.3805 -0.9219 0.0728
vn -0.1969 -0.9797 0.0377
vn -0.2015 0.9795 -0.0016
vn -0.3884 0.9215 -0.0031
vn -0.7105 0.7037 -0.0056
vn -0.9250 0.3800 -0.0072
vn -0.9245 -0.3811 -0.0072
vn -0.7097 -0.7045 -0.0055
vn -0.5593 -0.8290 -0.0043
vn -0.3874 -0.9219 -0.0030
vn -0.2004 -0.9797 -0.0015
vt 0.696573 0.906823
vt 0.696881 0.900417
vt 0.699549 0.900692
vt 0.700447 0.907223
vt 0.875124 0.455359
vt 0.874261 0.448604
vt 0.880875 0.448604
vt 0.881076 0.455359
vt 0.696749 0.912485
vt 0.701680 0.912993
vt 0.876345 0.461447
vt 0.881407 0.461447
vt 0.875954 0.414220
vt 0.877401 0.409085
vt 0.882463 0.409085
vt 0.881906 0.414220
vt 0.877878 0.466632
vt 0.881855 0.466632
vt 0.874833 0.420267
vt 0.881446 0.420267
vt 0.809665 0.559483
vt 0.803989 0.561441
vt 0.802438 0.557843
vt 0.808596 0.557005
vt 0.874082 0.426994
vt 0.881103 0.426994
vt 0.815823 0.556910
vt 0.815278 0.555646
vt 0.873730 0.434144
vt 0.880889 0.434144
vt 0.697662 0.893511
vt 0.698885 0.886371
vt 0.699022 0.893651
vt 0.822228 0.553820
vt 0.873791 0.441441
vt 0.880812 0.441441
vt 0.888184 0.434291
vt 0.887967 0.441585
vt 0.700385 0.893512
vt 0.702222 0.900419
vt 0.887615 0.448740
vt 0.704327 0.906827
vt 0.887142 0.455482
vt 0.706618 0.912490
vt 0.886566 0.461551
vt 0.887622 0.409189
vt 0.887972 0.414342
vt 0.885908 0.466713
vt 0.888187 0.420403
vt 0.801647 0.554023
vt 0.808051 0.554374
vt 0.888259 0.427139
vt 0.815001 0.554305
vt 0.796033 0.553268
vt 0.796033 0.548311
vt 0.801647 0.550129
vt 0.893919 0.414582
vt 0.894795 0.420669
vt 0.808051 0.551691
vt 0.895274 0.427422
vt 0.815001 0.552937
vt 0.895337 0.434580
vt 0.701697 0.893100
vt 0.894982 0.441868
vt 0.704797 0.899610
vt 0.894223 0.449007
vt 0.708065 0.905653
vt 0.893089 0.455722
vt 0.711376 0.910995
vt 0.891623 0.461755
vt 0.892680 0.409394
vt 0.901588 0.442280
vt 0.900445 0.449395
vt 0.707175 0.898296
vt 0.711517 0.903744
vt 0.898689 0.456071
vt 0.715770 0.908566
vt 0.896385 0.462051
vt 0.714602 0.915432
vt 0.719769 0.912576
vt 0.797040 0.543450
vt 0.802438 0.546309
vt 0.899519 0.414931
vt 0.901017 0.421057
vt 0.808596 0.549060
vt 0.901879 0.427833
vt 0.815278 0.551596
vt 0.902072 0.434999
vt 0.702909 0.892430
vt 0.803989 0.542711
vt 0.809665 0.546582
vt 0.906614 0.421550
vt 0.907821 0.428356
vt 0.815823 0.550333
vt 0.908130 0.435533
vt 0.703974 0.891527
vt 0.907529 0.442803
vt 0.709264 0.896526
vt 0.906042 0.449888
vt 0.714550 0.901175
vt 0.903726 0.456514
vt 0.719630 0.905296
vt 0.900669 0.462429
vt 0.724308 0.908730
vt 0.799014 0.538870
vt 0.904556 0.415374
vt 0.710984 0.894369
vt 0.717048 0.898044
vt 0.910799 0.450467
vt 0.908006 0.457036
vt 0.722809 0.901310
vt 0.794932 0.535206
vt 0.798302 0.530360
vt 0.801881 0.534749
vt 0.728046 0.904044
vt 0.806241 0.539473
vt 0.728404 0.911346
vt 0.732558 0.906139
vt 0.811216 0.544351
vt 0.911370 0.422130
vt 0.912870 0.428972
vt 0.816614 0.549196
vt 0.913278 0.436160
vt 0.704852 0.890428
vt 0.912579 0.443418
vt 0.781542 0.922713
vt 0.774475 0.921005
vt 0.775006 0.916243
vt 0.782106 0.917658
vt 0.813191 0.542455
vt 0.817621 0.548229
vt 0.788806 0.923339
vt 0.789381 0.918184
vt 0.705507 0.889173
vt 0.795990 0.922858
vt 0.796554 0.917802
vt 0.712270 0.891908
vt 0.802817 0.921288
vt 0.803348 0.916526
vt 0.718914 0.894470
vt 0.795643 0.526475
vt 0.800411 0.521896
vt 0.802593 0.526239
vt 0.725184 0.896763
vt 0.805530 0.531244
vt 0.730839 0.898696
vt 0.809108 0.536720
vt 0.735662 0.900197
vt 0.809502 0.914405
vt 0.803784 0.910925
vt 0.809895 0.909364
vt 0.720078 0.890593
vt 0.726665 0.891828
vt 0.807638 0.523001
vt 0.809820 0.528491
vt 0.732580 0.892893
vt 0.812479 0.534556
vt 0.768356 0.913994
vt 0.768748 0.908953
vt 0.775442 0.910641
vt 0.815513 0.540964
vt 0.782568 0.911711
vt 0.818805 0.547469
vt 0.789853 0.912121
vt 0.705915 0.887811
vt 0.797017 0.911856
vt 0.713071 0.889237
vt 0.818093 0.539938
vt 0.820120 0.546946
vt 0.782912 0.905102
vt 0.790204 0.905383
vt 0.706061 0.886395
vt 0.797361 0.905246
vt 0.713358 0.886459
vt 0.804108 0.904699
vt 0.720493 0.886560
vt 0.810186 0.903761
vt 0.727194 0.886695
vt 0.813243 0.520770
vt 0.814587 0.526594
vt 0.733202 0.886858
vt 0.816225 0.533066
vt 0.769040 0.903350
vt 0.775766 0.904416
vt 0.720145 0.882527
vt 0.726751 0.881562
vt 0.819194 0.519633
vt 0.819648 0.525627
vt 0.762993 0.901946
vt 0.763145 0.896886
vt 0.769220 0.897401
vt 0.820201 0.532306
vt 0.775966 0.897805
vt 0.820832 0.539414
vt 0.783124 0.898084
vt 0.821516 0.546679
vt 0.790420 0.898227
vt 0.705939 0.884979
vt 0.797573 0.898229
vt 0.713118 0.883681
vt 0.804308 0.898088
vt 0.810366 0.897812
vt 0.783195 0.890928
vt 0.790493 0.890930
vt 0.705553 0.883617
vt 0.822940 0.546679
vt 0.797644 0.891072
vt 0.712361 0.881009
vt 0.804375 0.891347
vt 0.719046 0.878648
vt 0.810426 0.891744
vt 0.725353 0.876625
vt 0.825262 0.519633
vt 0.824808 0.525627
vt 0.763197 0.891726
vt 0.769280 0.891333
vt 0.824255 0.532306
vt 0.776033 0.891064
vt 0.823624 0.539414
vt 0.831213 0.520770
vt 0.829869 0.526594
vt 0.763145 0.886665
vt 0.769220 0.885382
vt 0.828231 0.533066
vt 0.775966 0.884450
vt 0.826363 0.539938
vt 0.783124 0.883907
vt 0.824336 0.546946
vt 0.790420 0.883772
vt 0.704919 0.882362
vt 0.797573 0.884051
vt 0.711117 0.878547
vt 0.804308 0.884734
vt 0.717240 0.875073
vt 0.810366 0.885793
vt 0.723053 0.872075
vt 0.825651 0.547469
vt 0.790204 0.877028
vt 0.797361 0.877437
vt 0.704060 0.881261
vt 0.709432 0.876388
vt 0.804108 0.878503
vt 0.714794 0.871940
vt 0.810186 0.880185
vt 0.719941 0.868086
vt 0.836818 0.523001
vt 0.834636 0.528491
vt 0.762993 0.881896
vt 0.769040 0.879774
vt 0.831977 0.534556
vt 0.775766 0.878219
vt 0.828943 0.540964
vt 0.782912 0.877292
vt 0.838926 0.531244
vt 0.835348 0.536720
vt 0.768748 0.874726
vt 0.775442 0.872610
vt 0.831265 0.542455
vt 0.782568 0.871338
vt 0.826835 0.548229
vt 0.789853 0.870957
vt 0.703010 0.880358
vt 0.797017 0.871482
vt 0.707373 0.874616
vt 0.803784 0.872894
vt 0.711804 0.869367
vt 0.809895 0.875137
vt 0.716135 0.864812
vt 0.841863 0.526239
vt 0.724673 0.864977
vt 0.720198 0.861127
vt 0.701809 0.879687
vt 0.705017 0.873299
vt 0.878493 0.698533
vt 0.877149 0.691752
vt 0.883100 0.692156
vt 0.884098 0.698913
vt 0.708384 0.867455
vt 0.880675 0.704666
vt 0.885720 0.705008
vt 0.711782 0.862379
vt 0.846153 0.530360
vt 0.842575 0.534749
vt 0.880675 0.663518
vt 0.883612 0.657543
vt 0.887902 0.657834
vt 0.885720 0.663860
vt 0.838214 0.539473
vt 0.878493 0.670190
vt 0.884098 0.670570
vt 0.833240 0.544351
vt 0.877149 0.677303
vt 0.883100 0.677706
vt 0.827842 0.549196
vt 0.876695 0.684584
vt 0.882762 0.684995
vt 0.891325 0.664095
vt 0.890327 0.670832
vt 0.840467 0.542711
vt 0.834791 0.546582
vt 0.889712 0.677984
vt 0.828633 0.550333
vt 0.889504 0.685278
vt 0.700503 0.879273
vt 0.889712 0.692434
vt 0.702456 0.872488
vt 0.890327 0.699175
vt 0.704666 0.866277
vt 0.891325 0.705244
vt 0.707050 0.860879
vt 0.849524 0.535206
vt 0.845442 0.538870
vt 0.892669 0.658034
vt 0.896731 0.692575
vt 0.896939 0.699309
vt 0.699787 0.872213
vt 0.700792 0.865878
vt 0.897276 0.705364
vt 0.702119 0.860371
vt 0.892669 0.710406
vt 0.897730 0.710508
vt 0.897730 0.658136
vt 0.897276 0.664215
vt 0.847416 0.543450
vt 0.842018 0.546309
vt 0.896939 0.670965
vt 0.835860 0.549060
vt 0.896731 0.678126
vt 0.829177 0.551596
vt 0.896661 0.685423
vt 0.699143 0.879133
vt 0.842809 0.550129
vt 0.836405 0.551691
vt 0.903681 0.670965
vt 0.903888 0.678126
vt 0.829455 0.552937
vt 0.903959 0.685423
vt 0.697780 0.879271
vt 0.903888 0.692575
vt 0.697114 0.872485
vt 0.903681 0.699309
vt 0.696911 0.866273
vt 0.903344 0.705364
vt 0.898283 0.652961
vt 0.902337 0.652961
vt 0.902890 0.658136
vt 0.902890 0.710508
vt 0.903344 0.664215
vt 0.848423 0.548311
vt 0.694539 0.873294
vt 0.693173 0.867447
vt 0.910293 0.699175
vt 0.909295 0.705244
vt 0.906313 0.652881
vt 0.907951 0.658034
vt 0.907951 0.710406
vt 0.909295 0.664095
vt 0.848423 0.553268
vt 0.842809 0.554023
vt 0.910293 0.670832
vt 0.836405 0.554374
vt 0.910908 0.677984
vt 0.829455 0.554305
vt 0.911116 0.685278
vt 0.696468 0.879684
vt 0.910908 0.692434
vt 0.916522 0.670570
vt 0.917520 0.677706
vt 0.835860 0.557005
vt 0.829177 0.555646
vt 0.917857 0.684995
vt 0.695256 0.880354
vt 0.917520 0.692156
vt 0.692162 0.874609
vt 0.916522 0.698913
vt 0.689722 0.869356
vt 0.914900 0.705008
vt 0.910059 0.652724
vt 0.912718 0.657834
vt 0.912718 0.710206
vt 0.914900 0.663860
vt 0.847416 0.558129
vt 0.842018 0.557843
vt 0.922127 0.698533
vt 0.919945 0.704666
vt 0.688029 0.864798
vt 0.686688 0.871925
vt 0.684169 0.868068
vt 0.917008 0.709915
vt 0.917008 0.657543
vt 0.919945 0.663518
vt 0.845442 0.562709
vt 0.840467 0.561441
vt 0.922127 0.670190
vt 0.834791 0.559483
vt 0.923471 0.677303
vt 0.828633 0.556910
vt 0.923925 0.684584
vt 0.694191 0.881256
vt 0.923471 0.691752
vt 0.690072 0.876378
vt 0.833240 0.561713
vt 0.827842 0.558047
vt 0.762993 0.844772
vt 0.763473 0.837496
vt 0.768539 0.837959
vt 0.768158 0.845244
vt 0.693314 0.882356
vt 0.763617 0.851945
vt 0.768683 0.852408
vt 0.688352 0.878535
vt 0.928532 0.691239
vt 0.926894 0.698050
vt 0.684191 0.875057
vt 0.924235 0.704231
vt 0.680990 0.872054
vt 0.849524 0.563237
vt 0.846153 0.568083
vt 0.842575 0.566830
vt 0.920657 0.657173
vt 0.924235 0.663082
vt 0.838214 0.564679
vt 0.926894 0.669706
vt 0.928532 0.676790
vt 0.775327 0.870505
vt 0.772338 0.865285
vt 0.777386 0.865577
vt 0.779620 0.870752
vt 0.771927 0.824139
vt 0.774804 0.818135
vt 0.779097 0.818383
vt 0.776975 0.824431
vt 0.838926 0.570335
vt 0.835348 0.567433
vt 0.769811 0.830833
vt 0.775420 0.831157
vt 0.831265 0.563610
vt 0.774493 0.838303
vt 0.826835 0.559014
vt 0.774229 0.845595
vt 0.692658 0.883611
vt 0.774638 0.852752
vt 0.687066 0.880997
vt 0.770094 0.859175
vt 0.775703 0.859499
vt 0.682324 0.878630
vt 0.778332 0.813052
vt 0.781705 0.813247
vt 0.692250 0.884972
vt 0.825651 0.559773
vt 0.780973 0.845811
vt 0.781252 0.852963
vt 0.686265 0.883667
vt 0.781934 0.859698
vt 0.681161 0.882507
vt 0.782994 0.865757
vt 0.785452 0.813367
vt 0.783866 0.818536
vt 0.784389 0.870905
vt 0.782582 0.824610
vt 0.834636 0.573088
vt 0.831977 0.569596
vt 0.781651 0.831356
vt 0.828943 0.565100
vt 0.781108 0.838515
vt 0.788927 0.818587
vt 0.788534 0.824671
vt 0.829869 0.574985
vt 0.828231 0.571087
vt 0.788265 0.831424
vt 0.826363 0.566127
vt 0.788128 0.838586
vt 0.824336 0.560297
vt 0.788131 0.845883
vt 0.692104 0.886388
vt 0.788273 0.853035
vt 0.685979 0.886445
vt 0.788548 0.859766
vt 0.680745 0.886540
vt 0.788945 0.865817
vt 0.789428 0.813407
vt 0.789450 0.870957
vt 0.795428 0.845811
vt 0.795430 0.852963
vt 0.692226 0.887805
vt 0.686219 0.889223
vt 0.795289 0.859698
vt 0.681094 0.890573
vt 0.795013 0.865757
vt 0.793482 0.813367
vt 0.794087 0.818536
vt 0.794610 0.870905
vt 0.794601 0.824610
vt 0.824808 0.575952
vt 0.824255 0.571846
vt 0.795006 0.831356
vt 0.823624 0.566650
vt 0.795285 0.838515
vt 0.822940 0.560564
vt 0.819648 0.575952
vt 0.820201 0.571846
vt 0.800551 0.824431
vt 0.801617 0.831157
vt 0.820832 0.566650
vt 0.802303 0.838303
vt 0.821516 0.560564
vt 0.802583 0.845595
vt 0.692612 0.889166
vt 0.802447 0.852752
vt 0.686975 0.891895
vt 0.801900 0.859499
vt 0.682192 0.894452
vt 0.800962 0.865577
vt 0.797458 0.813247
vt 0.799146 0.818383
vt 0.799670 0.870752
vt 0.693246 0.890422
vt 0.688220 0.894357
vt 0.809056 0.852408
vt 0.808125 0.859175
vt 0.683999 0.898027
vt 0.806565 0.865285
vt 0.801201 0.813052
vt 0.803911 0.818135
vt 0.804435 0.870505
vt 0.806154 0.824139
vt 0.814587 0.574985
vt 0.816225 0.571087
vt 0.807842 0.830833
vt 0.818093 0.566127
vt 0.808912 0.837959
vt 0.820120 0.560297
vt 0.809322 0.845244
vt 0.811195 0.823747
vt 0.813444 0.830397
vt 0.812479 0.569596
vt 0.815513 0.565100
vt 0.814859 0.837496
vt 0.818805 0.559773
vt 0.815385 0.844772
vt 0.694105 0.891522
vt 0.815003 0.851945
vt 0.689904 0.896516
vt 0.813727 0.858739
vt 0.686444 0.901161
vt 0.811606 0.864893
vt 0.680745 0.901289
vt 0.683858 0.905278
vt 0.808722 0.870171
vt 0.808199 0.817802
vt 0.809820 0.573088
vt 0.857640 0.449395
vt 0.856146 0.442280
vt 0.861216 0.441868
vt 0.862416 0.449007
vt 0.691964 0.898288
vt 0.689434 0.903733
vt 0.860165 0.456071
vt 0.864464 0.455722
vt 0.687664 0.908552
vt 0.863624 0.462051
vt 0.867279 0.461755
vt 0.811843 0.817395
vt 0.815481 0.823269
vt 0.805530 0.570335
vt 0.809108 0.567433
vt 0.818206 0.829866
vt 0.813191 0.563610
vt 0.819914 0.836932
vt 0.817621 0.559014
vt 0.820540 0.844197
vt 0.695155 0.892426
vt 0.855740 0.434999
vt 0.860909 0.434580
vt 0.806241 0.564679
vt 0.811216 0.561713
vt 0.861508 0.427422
vt 0.862988 0.420670
vt 0.868600 0.420403
vt 0.867466 0.427139
vt 0.816614 0.558047
vt 0.866984 0.434291
vt 0.696356 0.893097
vt 0.867174 0.441585
vt 0.694320 0.899605
vt 0.868028 0.448740
vt 0.692854 0.905645
vt 0.869514 0.455482
vt 0.692016 0.910985
vt 0.871575 0.461551
vt 0.865294 0.414582
vt 0.868336 0.409394
vt 0.872631 0.409189
vt 0.870344 0.414342
vt 0.801881 0.566830
vt 0.874130 0.466713
s 1
f 5572/5385/5572 6046/5386/6046 5579/5387/5579 5580/5388/5580
f 5577/5389/5577 6049/5390/6049 5587/5391/5587 5588/5392/5588
f 6047/5393/6047 5572/5385/5572 5580/5388/5580 5581/5394/5581
f 6050/5395/6050 5577/5389/5577 5588/5392/5588 5589/5396/5589
f 5573/5397/5573 6047/5398/6047 5581/5399/5581 5582/5400/5582
f 6051/5401/6051 6050/5395/6050 5589/5396/5589 5590/5402/5590
f 6048/5403/6048 5573/5397/5573 5582/5400/5582 5583/5404/5583
f 6052/5405/6052 6051/5406/6051 5590/5407/5590 5591/5408/5591
f 5574/5409/5574 6048/5403/6048 5583/5404/5583 5584/5410/5584
f 6053/5411/6053 6052/5405/6052 5591/5408/5591 5592/5412/5592
f 5575/5413/5575 5574/5409/5574 5584/5410/5584 5585/5414/5585
f 6045/5415/6045 5653/5416/5653 5578/5417/5578
f 5879/5418/5879 6053/5411/6053 5592/5412/5592
f 5576/5419/5576 5575/5413/5575 5585/5414/5585 5586/5420/5586
f 6046/5386/6046 6045/5415/6045 5578/5417/5578 5579/5387/5579
f 6049/5390/6049 5576/5419/5576 5586/5420/5586 5587/5391/5587
f 5586/5420/5586 5585/5414/5585 5600/5421/5600 5601/5422/5601
f 5579/5387/5579 5578/5417/5578 5593/5423/5593 5594/5424/5594
f 5587/5391/5587 5586/5420/5586 5601/5422/5601 5602/5425/5602
f 5580/5388/5580 5579/5387/5579 5594/5424/5594 5595/5426/5595
f 5588/5392/5588 5587/5391/5587 5602/5425/5602 5603/5427/5603
f 5581/5394/5581 5580/5388/5580 5595/5426/5595 5596/5428/5596
f 5589/5396/5589 5588/5392/5588 5603/5427/5603 5604/5429/5604
f 5582/5400/5582 5581/5399/5581 5596/5430/5596 5597/5431/5597
f 5590/5402/5590 5589/5396/5589 5604/5429/5604 5605/5432/5605
f 5583/5404/5583 5582/5400/5582 5597/5431/5597 5598/5433/5598
f 5591/5408/5591 5590/5407/5590 5605/5434/5605 5606/5435/5606
f 5584/5410/5584 5583/5404/5583 5598/5433/5598 5599/5436/5599
f 5592/5412/5592 5591/5408/5591 5606/5435/5606 5607/5437/5607
f 5585/5414/5585 5584/5410/5584 5599/5436/5599 5600/5421/5600
f 5578/5417/5578 5653/5416/5653 5593/5423/5593
f 5879/5418/5879 5592/5412/5592 5607/5437/5607
f 5605/5434/5605 5604/5438/5604 5619/5439/5619 5620/5440/5620
f 5598/5433/5598 5597/5431/5597 5612/5441/5612 5613/5442/5613
f 5606/5435/5606 5605/5434/5605 5620/5440/5620 5621/5443/5621
f 5599/5436/5599 5598/5433/5598 5613/5442/5613 5614/5444/5614
f 5607/5437/5607 5606/5435/5606 5621/5443/5621 5622/5445/5622
f 5600/5421/5600 5599/5436/5599 5614/5444/5614 5615/5446/5615
f 5593/5423/5593 5653/5416/5653 5608/5447/5608
f 5879/5418/5879 5607/5437/5607 5622/5445/5622
f 5601/5422/5601 5600/5421/5600 5615/5446/5615 5616/5448/5616
f 5594/5424/5594 5593/5423/5593 5608/5447/5608 5609/5449/5609
f 5602/5425/5602 5601/5422/5601 5616/5448/5616 5617/5450/5617
f 5595/5426/5595 5594/5424/5594 5609/5449/5609 5610/5451/5610
f 5603/5427/5603 5602/5425/5602 5617/5450/5617 5618/5452/5618
f 5596/5428/5596 5595/5426/5595 5610/5451/5610 5611/5453/5611
f 5604/5429/5604 5603/5427/5603 5618/5452/5618 5619/5454/5619
f 5597/5431/5597 5596/5430/5596 5611/5455/5611 5612/5441/5612
f 5617/5450/5617 5616/5448/5616 5631/5456/5631 5632/5457/5632
f 5610/5451/5610 5609/5449/5609 5624/5458/5624 5625/5459/5625
f 5618/5452/5618 5617/5450/5617 5632/5457/5632 5633/5460/5633
f 5611/5453/5611 5610/5451/5610 5625/5459/5625 5626/5461/5626
f 5619/5454/5619 5618/5452/5618 5633/5460/5633 5634/5462/5634
f 5612/5463/5612 5611/5453/5611 5626/5461/5626 5627/5464/5627
f 5620/5440/5620 5619/5439/5619 5634/5465/5634 5635/5466/5635
f 5613/5442/5613 5612/5441/5612 5627/5467/5627 5628/5468/5628
f 5621/5443/5621 5620/5440/5620 5635/5466/5635 5636/5469/5636
f 5614/5444/5614 5613/5442/5613 5628/5468/5628 5629/5470/5629
f 5622/5445/5622 5621/5443/5621 5636/5469/5636 5637/5471/5637
f 5615/5446/5615 5614/5444/5614 5629/5470/5629 5630/5472/5630
f 5608/5447/5608 5653/5416/5653 5623/5473/5623
f 5879/5418/5879 5622/5445/5622 5637/5471/5637
f 5616/5448/5616 5615/5446/5615 5630/5472/5630 5631/5456/5631
f 5609/5449/5609 5608/5447/5608 5623/5473/5623 5624/5458/5624
f 5636/5469/5636 5635/5466/5635 5650/5474/5650 5651/5475/5651
f 5629/5470/5629 5628/5468/5628 5643/5476/5643 5644/5477/5644
f 5637/5471/5637 5636/5469/5636 5651/5475/5651 5652/5478/5652
f 5630/5472/5630 5629/5470/5629 5644/5477/5644 5645/5479/5645
f 5623/5473/5623 5653/5416/5653 5638/5480/5638
f 5879/5418/5879 5637/5471/5637 5652/5478/5652
f 5631/5456/5631 5630/5472/5630 5645/5479/5645 5646/5481/5646
f 5624/5458/5624 5623/5473/5623 5638/5480/5638 5639/5482/5639
f 5632/5457/5632 5631/5456/5631 5646/5481/5646 5647/5483/5647
f 5625/5459/5625 5624/5458/5624 5639/5482/5639 5640/5484/5640
f 5633/5460/5633 5632/5457/5632 5647/5483/5647 5648/5485/5648
f 5626/5461/5626 5625/5459/5625 5640/5484/5640 5641/5486/5641
f 5634/5462/5634 5633/5460/5633 5648/5485/5648 5649/5487/5649
f 5627/5464/5627 5626/5461/5626 5641/5486/5641 5642/5488/5642
f 5635/5466/5635 5634/5465/5634 5649/5489/5649 5650/5474/5650
f 5628/5468/5628 5627/5467/5627 5642/5490/5642 5643/5476/5643
f 5640/5484/5640 5639/5482/5639 5655/5491/5655 5656/5492/5656
f 5648/5485/5648 5647/5483/5647 5663/5493/5663 5664/5494/5664
f 5641/5486/5641 5640/5484/5640 5656/5492/5656 5657/5495/5657
f 5649/5489/5649 5648/5496/5648 5664/5497/5664 5665/5498/5665
f 5642/5488/5642 5641/5486/5641 5657/5495/5657 5658/5499/5658
f 5650/5474/5650 5649/5489/5649 5665/5498/5665 5666/5500/5666
f 5643/5501/5643 5642/5488/5642 5658/5499/5658 5659/5502/5659
f 5651/5475/5651 5650/5474/5650 5666/5500/5666 5667/5503/5667
f 5644/5477/5644 5643/5476/5643 5659/5504/5659 5660/5505/5660
f 5652/5478/5652 5651/5475/5651 5667/5503/5667 5668/5506/5668
f 5645/5479/5645 5644/5477/5644 5660/5505/5660 5661/5507/5661
f 5638/5480/5638 5653/5416/5653 5654/5508/5654
f 5879/5418/5879 5652/5478/5652 5668/5506/5668
f 5646/5481/5646 5645/5479/5645 5661/5507/5661 5662/5509/5662
f 5639/5482/5639 5638/5480/5638 5654/5508/5654 5655/5491/5655
f 5647/5483/5647 5646/5481/5646 5662/5509/5662 5663/5493/5663
f 5660/5510/5660 5659/5511/5659 5674/5512/5674 5675/5513/5675
f 5668/5506/5668 5667/5503/5667 5682/5514/5682 5683/5515/5683
f 5661/5516/5661 5660/5510/5660 5675/5513/5675 5676/5517/5676
f 5654/5508/5654 5653/5416/5653 5669/5518/5669
f 5879/5418/5879 5668/5506/5668 5683/5515/5683
f 5662/5519/5662 5661/5516/5661 5676/5517/5676 5677/5520/5677
f 5655/5491/5655 5654/5508/5654 5669/5518/5669 5670/5521/5670
f 5663/5522/5663 5662/5519/5662 5677/5520/5677 5678/5523/5678
f 5656/5492/5656 5655/5491/5655 5670/5521/5670 5671/5524/5671
f 5664/5497/5664 5663/5525/5663 5678/5526/5678 5679/5527/5679
f 5657/5495/5657 5656/5492/5656 5671/5524/5671 5672/5528/5672
f 5665/5498/5665 5664/5497/5664 5679/5527/5679 5680/5529/5680
f 5658/5499/5658 5657/5495/5657 5672/5528/5672 5673/5530/5673
f 5666/5500/5666 5665/5498/5665 5680/5529/5680 5681/5531/5681
f 5659/5502/5659 5658/5499/5658 5673/5530/5673 5674/5532/5674
f 5667/5503/5667 5666/5500/5666 5681/5531/5681 5682/5514/5682
f 5679/5533/5679 5678/5523/5678 5693/5534/5693 5694/5535/5694
f 5672/5528/5672 5671/5524/5671 5686/5536/5686 5687/5537/5687
f 5680/5529/5680 5679/5527/5679 5694/5538/5694 5695/5539/5695
f 5673/5530/5673 5672/5528/5672 5687/5537/5687 5688/5540/5688
f 5681/5531/5681 5680/5529/5680 5695/5539/5695 5696/5541/5696
f 5674/5512/5674 5673/5542/5673 5688/5543/5688 5689/5544/5689
f 5682/5514/5682 5681/5531/5681 5696/5541/5696 5697/5545/5697
f 5675/5513/5675 5674/5512/5674 5689/5544/5689 5690/5546/5690
f 5683/5515/5683 5682/5514/5682 5697/5545/5697 5698/5547/5698
f 5676/5517/5676 5675/5513/5675 5690/5546/5690 5691/5548/5691
f 5669/5518/5669 5653/5416/5653 5684/5549/5684
f 5879/5418/5879 5683/5515/5683 5698/5547/5698
f 5677/5520/5677 5676/5517/5676 5691/5548/5691 5692/5550/5692
f 5670/5521/5670 5669/5518/5669 5684/5549/5684 5685/5551/5685
f 5678/5523/5678 5677/5520/5677 5692/5550/5692 5693/5534/5693
f 5671/5524/5671 5670/5521/5670 5685/5551/5685 5686/5536/5686
f 5698/5547/5698 5697/5545/5697 5712/5552/5712 5713/5553/5713
f 5691/5548/5691 5690/5546/5690 5705/5554/5705 5706/5555/5706
f 5684/5549/5684 5653/5416/5653 5699/5556/5699
f 5879/5418/5879 5698/5547/5698 5713/5553/5713
f 5692/5550/5692 5691/5548/5691 5706/5555/5706 5707/5557/5707
f 5685/5551/5685 5684/5549/5684 5699/5556/5699 5700/5558/5700
f 5693/5534/5693 5692/5550/5692 5707/5557/5707 5708/5559/5708
f 5686/5536/5686 5685/5551/5685 5700/5558/5700 5701/5560/5701
f 5694/5535/5694 5693/5534/5693 5708/5559/5708 5709/5561/5709
f 5687/5537/5687 5686/5536/5686 5701/5560/5701 5702/5562/5702
f 5695/5539/5695 5694/5538/5694 5709/5563/5709 5710/5564/5710
f 5688/5540/5688 5687/5537/5687 5702/5562/5702 5703/5565/5703
f 5696/5541/5696 5695/5539/5695 5710/5564/5710 5711/5566/5711
f 5689/5544/5689 5688/5543/5688 5703/5567/5703 5704/5568/5704
f 5697/5545/5697 5696/5541/5696 5711/5566/5711 5712/5552/5712
f 5690/5546/5690 5689/5544/5689 5704/5568/5704 5705/5554/5705
f 5702/5562/5702 5701/5560/5701 5716/5569/5716 5717/5570/5717
f 5710/5564/5710 5709/5563/5709 5724/5571/5724 5725/5572/5725
f 5703/5567/5703 5702/5573/5702 5717/5574/5717 5718/5575/5718
f 5711/5566/5711 5710/5564/5710 5725/5572/5725 5726/5576/5726
f 5704/5568/5704 5703/5567/5703 5718/5575/5718 5719/5577/5719
f 5712/5552/5712 5711/5566/5711 5726/5576/5726 5727/5578/5727
f 5705/5554/5705 5704/5568/5704 5719/5577/5719 5720/5579/5720
f 5713/5553/5713 5712/5552/5712 5727/5578/5727 5728/5580/5728
f 5706/5555/5706 5705/5554/5705 5720/5579/5720 5721/5581/5721
f 5699/5556/5699 5653/5416/5653 5714/5582/5714
f 5879/5418/5879 5713/5553/5713 5728/5580/5728
f 5707/5557/5707 5706/5555/5706 5721/5581/5721 5722/5583/5722
f 5700/5558/5700 5699/5556/5699 5714/5582/5714 5715/5584/5715
f 5708/5559/5708 5707/5557/5707 5722/5583/5722 5723/5585/5723
f 5701/5560/5701 5700/5558/5700 5715/5584/5715 5716/5569/5716
f 5709/5561/5709 5708/5559/5708 5723/5585/5723 5724/5586/5724
f 5721/5581/5721 5720/5579/5720 5735/5587/5735 5736/5588/5736
f 5714/5582/5714 5653/5416/5653 5729/5589/5729
f 5879/5418/5879 5728/5580/5728 5743/5590/5743
f 5722/5583/5722 5721/5581/5721 5736/5588/5736 5737/5591/5737
f 5715/5584/5715 5714/5582/5714 5729/5589/5729 5730/5592/5730
f 5723/5585/5723 5722/5583/5722 5737/5591/5737 5738/5593/5738
f 5716/5569/5716 5715/5584/5715 5730/5592/5730 5731/5594/5731
f 5724/5586/5724 5723/5585/5723 5738/5593/5738 5739/5595/5739
f 5717/5570/5717 5716/5569/5716 5731/5594/5731 5732/5596/5732
f 5725/5572/5725 5724/5571/5724 5739/5597/5739 5740/5598/5740
f 5718/5575/5718 5717/5574/5717 5732/5599/5732 5733/5600/5733
f 5726/5576/5726 5725/5572/5725 5740/5598/5740 5741/5601/5741
f 5719/5577/5719 5718/5575/5718 5733/5600/5733 5734/5602/5734
f 5727/5578/5727 5726/5576/5726 5741/5601/5741 5742/5603/5742
f 5720/5579/5720 5719/5577/5719 5734/5602/5734 5735/5587/5735
f 5728/5580/5728 5727/5578/5727 5742/5603/5742 5743/5590/5743
f 5740/5598/5740 5739/5597/5739 5754/5604/5754 5755/5605/5755
f 5733/5600/5733 5732/5599/5732 5747/5606/5747 5748/5607/5748
f 5741/5601/5741 5740/5598/5740 5755/5605/5755 5756/5608/5756
f 5734/5602/5734 5733/5600/5733 5748/5607/5748 5749/5609/5749
f 5742/5603/5742 5741/5601/5741 5756/5608/5756 5757/5610/5757
f 5735/5587/5735 5734/5602/5734 5749/5609/5749 5750/5611/5750
f 5743/5590/5743 5742/5603/5742 5757/5610/5757 5758/5612/5758
f 5736/5588/5736 5735/5587/5735 5750/5611/5750 5751/5613/5751
f 5729/5589/5729 5653/5416/5653 5744/5614/5744
f 5879/5418/5879 5743/5590/5743 5758/5612/5758
f 5737/5591/5737 5736/5588/5736 5751/5613/5751 5752/5615/5752
f 5730/5592/5730 5729/5589/5729 5744/5614/5744 5745/5616/5745
f 5738/5593/5738 5737/5591/5737 5752/5615/5752 5753/5617/5753
f 5731/5594/5731 5730/5592/5730 5745/5616/5745 5746/5618/5746
f 5739/5595/5739 5738/5593/5738 5753/5617/5753 5754/5619/5754
f 5732/5596/5732 5731/5594/5731 5746/5618/5746 5747/5620/5747
f 5879/5418/5879 5758/5612/5758 5773/5621/5773
f 5752/5615/5752 5751/5613/5751 5766/5622/5766 5767/5623/5767
f 5745/5616/5745 5744/5614/5744 5759/5624/5759 5760/5625/5760
f 5753/5617/5753 5752/5615/5752 5767/5623/5767 5768/5626/5768
f 5746/5618/5746 5745/5616/5745 5760/5625/5760 5761/5627/5761
f 5754/5619/5754 5753/5617/5753 5768/5626/5768 5769/5628/5769
f 5747/5620/5747 5746/5618/5746 5761/5627/5761 5762/5629/5762
f 5755/5605/5755 5754/5604/5754 5769/5630/5769 5770/5631/5770
f 5748/5607/5748 5747/5606/5747 5762/5632/5762 5763/5633/5763
f 5756/5608/5756 5755/5605/5755 5770/5631/5770 5771/5634/5771
f 5749/5609/5749 5748/5607/5748 5763/5633/5763 5764/5635/5764
f 5757/5610/5757 5756/5608/5756 5771/5634/5771 5772/5636/5772
f 5750/5611/5750 5749/5609/5749 5764/5635/5764 5765/5637/5765
f 5758/5612/5758 5757/5610/5757 5772/5636/5772 5773/5621/5773
f 5751/5613/5751 5750/5611/5750 5765/5637/5765 5766/5622/5766
f 5744/5614/5744 5653/5416/5653 5759/5624/5759
f 5771/5634/5771 5770/5631/5770 5785/5638/5785 5786/5639/5786
f 5764/5635/5764 5763/5633/5763 5778/5640/5778 5779/5641/5779
f 5772/5636/5772 5771/5634/5771 5786/5639/5786 5787/5642/5787
f 5765/5637/5765 5764/5635/5764 5779/5641/5779 5780/5643/5780
f 5773/5621/5773 5772/5636/5772 5787/5642/5787 5788/5644/5788
f 5766/5622/5766 5765/5637/5765 5780/5643/5780 5781/5645/5781
f 5759/5624/5759 5653/5416/5653 5774/5646/5774
f 5879/5418/5879 5773/5621/5773 5788/5644/5788
f 5767/5623/5767 5766/5622/5766 5781/5645/5781 5782/5647/5782
f 5760/5625/5760 5759/5624/5759 5774/5646/5774 5775/5648/5775
f 5768/5626/5768 5767/5623/5767 5782/5647/5782 5783/5649/5783
f 5761/5627/5761 5760/5625/5760 5775/5648/5775 5776/5650/5776
f 5769/5628/5769 5768/5626/5768 5783/5649/5783 5784/5651/5784
f 5762/5629/5762 5761/5627/5761 5776/5650/5776 5777/5652/5777
f 5770/5631/5770 5769/5630/5769 5784/5653/5784 5785/5638/5785
f 5763/5654/5763 5762/5629/5762 5777/5652/5777 5778/5655/5778
f 5775/5648/5775 5774/5646/5774 5789/5656/5789 5790/5657/5790
f 5783/5658/5783 5782/5659/5782 5797/5660/5797 5798/5661/5798
f 5776/5650/5776 5775/5648/5775 5790/5657/5790 5791/5662/5791
f 5784/5663/5784 5783/5658/5783 5798/5661/5798 5799/5664/5799
f 5777/5652/5777 5776/5650/5776 5791/5662/5791 5792/5665/5792
f 5785/5638/5785 5784/5653/5784 5799/5666/5799 5800/5667/5800
f 5778/5668/5778 5777/5669/5777 5792/5670/5792 5793/5671/5793
f 5786/5639/5786 5785/5638/5785 5800/5667/5800 5801/5672/5801
f 5779/5673/5779 5778/5668/5778 5793/5671/5793 5794/5674/5794
f 5787/5642/5787 5786/5639/5786 5801/5672/5801 5802/5675/5802
f 5780/5676/5780 5779/5673/5779 5794/5674/5794 5795/5677/5795
f 5788/5644/5788 5787/5642/5787 5802/5675/5802 5803/5678/5803
f 5781/5679/5781 5780/5676/5780 5795/5677/5795 5796/5680/5796
f 5774/5646/5774 5653/5416/5653 5789/5656/5789
f 5879/5418/5879 5788/5644/5788 5803/5678/5803
f 5782/5659/5782 5781/5679/5781 5796/5680/5796 5797/5660/5797
f 5794/5674/5794 5793/5671/5793 5808/5681/5808 5809/5682/5809
f 5802/5675/5802 5801/5672/5801 5816/5683/5816 5817/5684/5817
f 5795/5677/5795 5794/5674/5794 5809/5682/5809 5810/5685/5810
f 5803/5678/5803 5802/5675/5802 5817/5684/5817 5818/5686/5818
f 5796/5680/5796 5795/5677/5795 5810/5685/5810 5811/5687/5811
f 5789/5656/5789 5653/5416/5653 5804/5688/5804
f 5879/5418/5879 5803/5678/5803 5818/5686/5818
f 5797/5660/5797 5796/5680/5796 5811/5687/5811 5812/5689/5812
f 5790/5657/5790 5789/5656/5789 5804/5688/5804 5805/5690/5805
f 5798/5661/5798 5797/5660/5797 5812/5689/5812 5813/5691/5813
f 5791/5662/5791 5790/5657/5790 5805/5690/5805 5806/5692/5806
f 5799/5664/5799 5798/5661/5798 5813/5691/5813 5814/5693/5814
f 5792/5665/5792 5791/5662/5791 5806/5692/5806 5807/5694/5807
f 5800/5667/5800 5799/5666/5799 5814/5695/5814 5815/5696/5815
f 5793/5671/5793 5792/5670/5792 5807/5697/5807 5808/5681/5808
f 5801/5672/5801 5800/5667/5800 5815/5696/5815 5816/5683/5816
f 5813/5691/5813 5812/5689/5812 5827/5698/5827 5828/5699/5828
f 5806/5692/5806 5805/5690/5805 5820/5700/5820 5821/5701/5821
f 5814/5693/5814 5813/5691/5813 5828/5699/5828 5829/5702/5829
f 5807/5694/5807 5806/5692/5806 5821/5701/5821 5822/5703/5822
f 5815/5704/5815 5814/5693/5814 5829/5702/5829 5830/5705/5830
f 5808/5681/5808 5807/5697/5807 5822/5706/5822 5823/5707/5823
f 5816/5683/5816 5815/5696/5815 5830/5708/5830 5831/5709/5831
f 5809/5682/5809 5808/5681/5808 5823/5707/5823 5824/5710/5824
f 5817/5684/5817 5816/5683/5816 5831/5709/5831 5832/5711/5832
f 5810/5685/5810 5809/5682/5809 5824/5710/5824 5825/5712/5825
f 5818/5686/5818 5817/5684/5817 5832/5711/5832 5833/5713/5833
f 5811/5687/5811 5810/5685/5810 5825/5712/5825 5826/5714/5826
f 5804/5688/5804 5653/5416/5653 5819/5715/5819
f 5879/5418/5879 5818/5686/5818 5833/5713/5833
f 5812/5689/5812 5811/5687/5811 5826/5714/5826 5827/5698/5827
f 5805/5690/5805 5804/5688/5804 5819/5715/5819 5820/5700/5820
f 5832/5711/5832 5831/5709/5831 5846/5716/5846 5847/5717/5847
f 5825/5712/5825 5824/5710/5824 5839/5718/5839 5840/5719/5840
f 5833/5713/5833 5832/5711/5832 5847/5717/5847 5848/5720/5848
f 5826/5714/5826 5825/5712/5825 5840/5719/5840 5841/5721/5841
f 5819/5715/5819 5653/5416/5653 5834/5722/5834
f 5879/5418/5879 5833/5713/5833 5848/5720/5848
f 5827/5698/5827 5826/5714/5826 5841/5721/5841 5842/5723/5842
f 5820/5700/5820 5819/5715/5819 5834/5722/5834 5835/5724/5835
f 5828/5699/5828 5827/5698/5827 5842/5723/5842 5843/5725/5843
f 5821/5701/5821 5820/5700/5820 5835/5724/5835 5836/5726/5836
f 5829/5702/5829 5828/5699/5828 5843/5725/5843 5844/5727/5844
f 5822/5706/5822 5821/5728/5821 5836/5729/5836 5837/5730/5837
f 5830/5705/5830 5829/5702/5829 5844/5727/5844 5845/5731/5845
f 5823/5707/5823 5822/5706/5822 5837/5730/5837 5838/5732/5838
f 5831/5709/5831 5830/5708/5830 5845/5733/5845 5846/5716/5846
f 5824/5710/5824 5823/5707/5823 5838/5732/5838 5839/5718/5839
f 5836/5726/5836 5835/5724/5835 5850/5734/5850 5851/5735/5851
f 5844/5727/5844 5843/5725/5843 5858/5736/5858 5859/5737/5859
f 5837/5730/5837 5836/5729/5836 5851/5738/5851 5852/5739/5852
f 5845/5731/5845 5844/5727/5844 5859/5737/5859 5860/5740/5860
f 5838/5732/5838 5837/5730/5837 5852/5739/5852 5853/5741/5853
f 5846/5716/5846 5845/5733/5845 5860/5742/5860 5861/5743/5861
f 5839/5718/5839 5838/5732/5838 5853/5741/5853 5854/5744/5854
f 5847/5717/5847 5846/5716/5846 5861/5743/5861 5862/5745/5862
f 5840/5719/5840 5839/5718/5839 5854/5744/5854 5855/5746/5855
f 5848/5720/5848 5847/5717/5847 5862/5745/5862 5863/5747/5863
f 5841/5721/5841 5840/5719/5840 5855/5746/5855 5856/5748/5856
f 5834/5722/5834 5653/5416/5653 5849/5749/5849
f 5879/5418/5879 5848/5720/5848 5863/5747/5863
f 5842/5723/5842 5841/5721/5841 5856/5748/5856 5857/5750/5857
f 5835/5724/5835 5834/5722/5834 5849/5749/5849 5850/5734/5850
f 5843/5725/5843 5842/5723/5842 5857/5750/5857 5858/5736/5858
f 5855/5746/5855 5854/5744/5854 5869/5751/5869 5870/5752/5870
f 5863/5747/5863 5862/5745/5862 5877/5753/5877 5878/5754/5878
f 5856/5748/5856 5855/5746/5855 5870/5752/5870 5871/5755/5871
f 5849/5749/5849 5653/5416/5653 5864/5756/5864
f 5879/5418/5879 5863/5747/5863 5878/5754/5878
f 5857/5750/5857 5856/5748/5856 5871/5755/5871 5872/5757/5872
f 5850/5734/5850 5849/5749/5849 5864/5756/5864 5865/5758/5865
f 5858/5736/5858 5857/5750/5857 5872/5757/5872 5873/5759/5873
f 5851/5735/5851 5850/5734/5850 5865/5758/5865 5866/5760/5866
f 5859/5737/5859 5858/5736/5858 5873/5759/5873 5874/5761/5874
f 5852/5739/5852 5851/5738/5851 5866/5762/5866 5867/5763/5867
f 5860/5740/5860 5859/5737/5859 5874/5761/5874 5875/5764/5875
f 5853/5741/5853 5852/5739/5852 5867/5763/5867 5868/5765/5868
f 5861/5743/5861 5860/5742/5860 5875/5766/5875 5876/5767/5876
f 5854/5744/5854 5853/5741/5853 5868/5765/5868 5869/5751/5869
f 5862/5745/5862 5861/5743/5861 5876/5767/5876 5877/5753/5877
f 5874/5761/5874 5873/5759/5873 5889/5768/5889 5890/5769/5890
f 5867/5770/5867 5866/5760/5866 5882/5771/5882 5883/5772/5883
f 5875/5764/5875 5874/5761/5874 5890/5769/5890 5891/5773/5891
f 5868/5765/5868 5867/5763/5867 5883/5774/5883 5884/5775/5884
f 5876/5767/5876 5875/5766/5875 5891/5776/5891 5892/5777/5892
f 5869/5751/5869 5868/5765/5868 5884/5775/5884 5885/5778/5885
f 5877/5753/5877 5876/5767/5876 5892/5777/5892 5893/5779/5893
f 5870/5752/5870 5869/5751/5869 5885/5778/5885 5886/5780/5886
f 5878/5754/5878 5877/5753/5877 5893/5779/5893 5894/5781/5894
f 5871/5755/5871 5870/5752/5870 5886/5780/5886 5887/5782/5887
f 5864/5756/5864 5653/5416/5653 5880/5783/5880
f 5879/5418/5879 5878/5754/5878 5894/5781/5894
f 5872/5757/5872 5871/5755/5871 5887/5782/5887 5888/5784/5888
f 5865/5758/5865 5864/5756/5864 5880/5783/5880 5881/5785/5881
f 5873/5759/5873 5872/5757/5872 5888/5784/5888 5889/5768/5889
f 5866/5760/5866 5865/5758/5865 5881/5785/5881 5882/5771/5882
f 5894/5781/5894 5893/5779/5893 5908/5786/5908 5909/5787/5909
f 5887/5788/5887 5886/5789/5886 5901/5790/5901 5902/5791/5902
f 5880/5783/5880 5653/5416/5653 5895/5792/5895
f 5879/5418/5879 5894/5781/5894 5909/5787/5909
f 5888/5793/5888 5887/5788/5887 5902/5791/5902 5903/5794/5903
f 5881/5785/5881 5880/5783/5880 5895/5792/5895 5896/5795/5896
f 5889/5768/5889 5888/5784/5888 5903/5796/5903 5904/5797/5904
f 5882/5771/5882 5881/5785/5881 5896/5795/5896 5897/5798/5897
f 5890/5769/5890 5889/5768/5889 5904/5797/5904 5905/5799/5905
f 5883/5772/5883 5882/5771/5882 5897/5798/5897 5898/5800/5898
f 5891/5776/5891 5890/5801/5890 5905/5802/5905 5906/5803/5906
f 5884/5775/5884 5883/5774/5883 5898/5804/5898 5899/5805/5899
f 5892/5777/5892 5891/5776/5891 5906/5803/5906 5907/5806/5907
f 5885/5778/5885 5884/5775/5884 5899/5805/5899 5900/5807/5900
f 5893/5779/5893 5892/5777/5892 5907/5806/5907 5908/5786/5908
f 5886/5780/5886 5885/5778/5885 5900/5807/5900 5901/5808/5901
f 5906/5809/5906 5905/5810/5905 5920/5811/5920 5921/5812/5921
f 5899/5813/5899 5898/5814/5898 5913/5815/5913 5914/5816/5914
f 5907/5806/5907 5906/5803/5906 5921/5817/5921 5922/5818/5922
f 5900/5819/5900 5899/5813/5899 5914/5816/5914 5915/5820/5915
f 5908/5786/5908 5907/5806/5907 5922/5818/5922 5923/5821/5923
f 5901/5790/5901 5900/5819/5900 5915/5820/5915 5916/5822/5916
f 5909/5787/5909 5908/5786/5908 5923/5821/5923 5924/5823/5924
f 5902/5791/5902 5901/5790/5901 5916/5822/5916 5917/5824/5917
f 5895/5792/5895 5653/5416/5653 5910/5825/5910
f 5879/5418/5879 5909/5787/5909 5924/5823/5924
f 5903/5794/5903 5902/5791/5902 5917/5824/5917 5918/5826/5918
f 5896/5795/5896 5895/5792/5895 5910/5825/5910 5911/5827/5911
f 5904/5828/5904 5903/5794/5903 5918/5826/5918 5919/5829/5919
f 5897/5798/5897 5896/5795/5896 5911/5827/5911 5912/5830/5912
f 5905/5810/5905 5904/5828/5904 5919/5829/5919 5920/5811/5920
f 5898/5814/5898 5897/5831/5897 5912/5832/5912 5913/5815/5913
f 5910/5825/5910 5653/5416/5653 5925/5833/5925
f 5879/5418/5879 5924/5823/5924 5939/5834/5939
f 5918/5826/5918 5917/5824/5917 5932/5835/5932 5933/5836/5933
f 5911/5827/5911 5910/5825/5910 5925/5833/5925 5926/5837/5926
f 5919/5829/5919 5918/5826/5918 5933/5836/5933 5934/5838/5934
f 5912/5830/5912 5911/5827/5911 5926/5837/5926 5927/5839/5927
f 5920/5811/5920 5919/5829/5919 5934/5838/5934 5935/5840/5935
f 5913/5815/5913 5912/5832/5912 5927/5841/5927 5928/5842/5928
f 5921/5812/5921 5920/5811/5920 5935/5840/5935 5936/5843/5936
f 5914/5816/5914 5913/5815/5913 5928/5842/5928 5929/5844/5929
f 5922/5818/5922 5921/5817/5921 5936/5845/5936 5937/5846/5937
f 5915/5820/5915 5914/5816/5914 5929/5844/5929 5930/5847/5930
f 5923/5821/5923 5922/5818/5922 5937/5846/5937 5938/5848/5938
f 5916/5822/5916 5915/5820/5915 5930/5847/5930 5931/5849/5931
f 5924/5823/5924 5923/5821/5923 5938/5848/5938 5939/5834/5939
f 5917/5824/5917 5916/5822/5916 5931/5849/5931 5932/5835/5932
f 5929/5844/5929 5928/5842/5928 5943/5850/5943 5944/5851/5944
f 5937/5846/5937 5936/5845/5936 5951/5852/5951 5952/5853/5952
f 5930/5847/5930 5929/5844/5929 5944/5851/5944 5945/5854/5945
f 5938/5848/5938 5937/5846/5937 5952/5853/5952 5953/5855/5953
f 5931/5849/5931 5930/5847/5930 5945/5854/5945 5946/5856/5946
f 5939/5834/5939 5938/5848/5938 5953/5855/5953 5954/5857/5954
f 5932/5835/5932 5931/5849/5931 5946/5856/5946 5947/5858/5947
f 5925/5833/5925 5653/5416/5653 5940/5859/5940
f 5879/5418/5879 5939/5834/5939 5954/5857/5954
f 5933/5836/5933 5932/5835/5932 5947/5858/5947 5948/5860/5948
f 5926/5837/5926 5925/5833/5925 5940/5859/5940 5941/5861/5941
f 5934/5838/5934 5933/5836/5933 5948/5860/5948 5949/5862/5949
f 5927/5839/5927 5926/5837/5926 5941/5861/5941 5942/5863/5942
f 5935/5840/5935 5934/5838/5934 5949/5862/5949 5950/5864/5950
f 5928/5842/5928 5927/5841/5927 5942/5865/5942 5943/5850/5943
f 5936/5843/5936 5935/5840/5935 5950/5864/5950 5951/5866/5951
f 5948/5860/5948 5947/5858/5947 5962/5867/5962 5963/5868/5963
f 5941/5861/5941 5940/5859/5940 5955/5869/5955 5956/5870/5956
f 5949/5862/5949 5948/5860/5948 5963/5868/5963 5964/5871/5964
f 5942/5863/5942 5941/5861/5941 5956/5870/5956 5957/5872/5957
f 5950/5864/5950 5949/5862/5949 5964/5871/5964 5965/5873/5965
f 5943/5850/5943 5942/5865/5942 5957/5874/5957 5958/5875/5958
f 5951/5866/5951 5950/5864/5950 5965/5873/5965 5966/5876/5966
f 5944/5851/5944 5943/5850/5943 5958/5875/5958 5959/5877/5959
f 5952/5853/5952 5951/5852/5951 5966/5878/5966 5967/5879/5967
f 5945/5854/5945 5944/5851/5944 5959/5877/5959 5960/5880/5960
f 5953/5855/5953 5952/5853/5952 5967/5879/5967 5968/5881/5968
f 5946/5856/5946 5945/5854/5945 5960/5880/5960 5961/5882/5961
f 5954/5857/5954 5953/5855/5953 5968/5881/5968 5969/5883/5969
f 5947/5858/5947 5946/5856/5946 5961/5882/5961 5962/5867/5962
f 5940/5859/5940 5653/5416/5653 5955/5869/5955
f 5879/5418/5879 5954/5857/5954 5969/5883/5969
f 5967/5879/5967 5966/5878/5966 5981/5884/5981 5982/5885/5982
f 5960/5880/5960 5959/5877/5959 5974/5886/5974 5975/5887/5975
f 5968/5881/5968 5967/5879/5967 5982/5885/5982 5983/5888/5983
f 5961/5882/5961 5960/5880/5960 5975/5887/5975 5976/5889/5976
f 5969/5883/5969 5968/5881/5968 5983/5888/5983 5984/5890/5984
f 5962/5867/5962 5961/5882/5961 5976/5889/5976 5977/5891/5977
f 5955/5869/5955 5653/5416/5653 5970/5892/5970
f 5879/5418/5879 5969/5883/5969 5984/5890/5984
f 5963/5868/5963 5962/5867/5962 5977/5891/5977 5978/5893/5978
f 5956/5870/5956 5955/5869/5955 5970/5892/5970 5971/5894/5971
f 5964/5871/5964 5963/5868/5963 5978/5893/5978 5979/5895/5979
f 5957/5872/5957 5956/5870/5956 5971/5894/5971 5972/5896/5972
f 5965/5873/5965 5964/5871/5964 5979/5895/5979 5980/5897/5980
f 5958/5875/5958 5957/5874/5957 5972/5898/5972 5973/5899/5973
f 5966/5876/5966 5965/5873/5965 5980/5897/5980 5981/5900/5981
f 5959/5877/5959 5958/5875/5958 5973/5899/5973 5974/5886/5974
f 5971/5894/5971 5970/5892/5970 5985/5901/5985 5986/5902/5986
f 5979/5895/5979 5978/5893/5978 5993/5903/5993 5994/5904/5994
f 5972/5896/5972 5971/5894/5971 5986/5902/5986 5987/5905/5987
f 5980/5897/5980 5979/5895/5979 5994/5904/5994 5995/5906/5995
f 5973/5899/5973 5972/5898/5972 5987/5907/5987 5988/5908/5988
f 5981/5900/5981 5980/5897/5980 5995/5906/5995 5996/5909/5996
f 5974/5886/5974 5973/5899/5973 5988/5908/5988 5989/5910/5989
f 5982/5885/5982 5981/5884/5981 5996/5911/5996 5997/5912/5997
f 5975/5887/5975 5974/5886/5974 5989/5910/5989 5990/5913/5990
f 5983/5888/5983 5982/5885/5982 5997/5912/5997 5998/5914/5998
f 5976/5889/5976 5975/5887/5975 5990/5913/5990 5991/5915/5991
f 5984/5890/5984 5983/5888/5983 5998/5914/5998 5999/5916/5999
f 5977/5891/5977 5976/5889/5976 5991/5915/5991 5992/5917/5992
f 5970/5892/5970 5653/5416/5653 5985/5901/5985
f 5879/5418/5879 5984/5890/5984 5999/5916/5999
f 5978/5893/5978 5977/5891/5977 5992/5917/5992 5993/5903/5993
f 5990/5913/5990 5989/5910/5989 6004/5918/6004 6005/5919/6005
f 5998/5914/5998 5997/5912/5997 6012/5920/6012 6013/5921/6013
f 5991/5915/5991 5990/5913/5990 6005/5919/6005 6006/5922/6006
f 5999/5916/5999 5998/5914/5998 6013/5921/6013 6014/5923/6014
f 5992/5917/5992 5991/5915/5991 6006/5922/6006 6007/5924/6007
f 5985/5901/5985 5653/5416/5653 6000/5925/6000
f 5879/5418/5879 5999/5916/5999 6014/5923/6014
f 5993/5903/5993 5992/5917/5992 6007/5924/6007 6008/5926/6008
f 5986/5902/5986 5985/5901/5985 6000/5925/6000 6001/5927/6001
f 5994/5904/5994 5993/5903/5993 6008/5926/6008 6009/5928/6009
f 5987/5905/5987 5986/5902/5986 6001/5927/6001 6002/5929/6002
f 5995/5906/5995 5994/5904/5994 6009/5928/6009 6010/5930/6010
f 5988/5931/5988 5987/5905/5987 6002/5929/6002 6003/5932/6003
f 5996/5909/5996 5995/5906/5995 6010/5930/6010 6011/5933/6011
f 5989/5910/5989 5988/5908/5988 6003/5934/6003 6004/5918/6004
f 5997/5912/5997 5996/5911/5996 6011/5935/6011 6012/5920/6012
f 6009/5936/6009 6008/5937/6008 6023/5938/6023 6024/5939/6024
f 6002/5929/6002 6001/5927/6001 6016/5940/6016 6017/5941/6017
f 6010/5942/6010 6009/5936/6009 6024/5939/6024 6025/5943/6025
f 6003/5932/6003 6002/5929/6002 6017/5941/6017 6018/5944/6018
f 6011/5945/6011 6010/5942/6010 6025/5943/6025 6026/5946/6026
f 6004/5918/6004 6003/5934/6003 6018/5947/6018 6019/5948/6019
f 6012/5920/6012 6011/5935/6011 6026/5949/6026 6027/5950/6027
f 6005/5919/6005 6004/5918/6004 6019/5948/6019 6020/5951/6020
f 6013/5921/6013 6012/5920/6012 6027/5950/6027 6028/5952/6028
f 6006/5922/6006 6005/5919/6005 6020/5951/6020 6021/5953/6021
f 6014/5923/6014 6013/5921/6013 6028/5952/6028 6029/5954/6029
f 6007/5924/6007 6006/5922/6006 6021/5953/6021 6022/5955/6022
f 6000/5925/6000 5653/5416/5653 6015/5956/6015
f 5879/5418/5879 6014/5923/6014 6029/5954/6029
f 6008/5937/6008 6007/5957/6007 6022/5958/6022 6023/5938/6023
f 6001/5927/6001 6000/5925/6000 6015/5956/6015 6016/5940/6016
f 6028/5952/6028 6027/5950/6027 6042/5959/6042 6043/5960/6043
f 6021/5961/6021 6020/5962/6020 6035/5963/6035 6036/5964/6036
f 6029/5954/6029 6028/5952/6028 6043/5960/6043 6044/5965/6044
f 6022/5958/6022 6021/5961/6021 6036/5964/6036 6037/5966/6037
f 6015/5956/6015 5653/5416/5653 6030/5967/6030
f 5879/5418/5879 6029/5954/6029 6044/5965/6044
f 6023/5938/6023 6022/5958/6022 6037/5966/6037 6038/5968/6038
f 6016/5940/6016 6015/5956/6015 6030/5967/6030 6031/5969/6031
f 6024/5939/6024 6023/5938/6023 6038/5968/6038 6039/5970/6039
f 6017/5941/6017 6016/5940/6016 6031/5969/6031 6032/5971/6032
f 6025/5943/6025 6024/5939/6024 6039/5970/6039 6040/5972/6040
f 6018/5944/6018 6017/5941/6017 6032/5971/6032 6033/5973/6033
f 6026/5946/6026 6025/5943/6025 6040/5972/6040 6041/5974/6041
f 6019/5975/6019 6018/5976/6018 6033/5977/6033 6034/5978/6034
f 6027/5950/6027 6026/5949/6026 6041/5979/6041 6042/5959/6042
f 6020/5962/6020 6019/5975/6019 6034/5978/6034 6035/5963/6035
f 6040/5972/6040 6039/5970/6039 6049/5390/6049 5577/5389/5577
f 6033/5973/6033 6032/5971/6032 5572/5385/5572 6047/5393/6047
f 6041/5974/6041 6040/5972/6040 5577/5389/5577 6050/5395/6050
f 6034/5978/6034 6033/5977/6033 6047/5398/6047 5573/5397/5573
f 6042/5980/6042 6041/5974/6041 6050/5395/6050 6051/5401/6051
f 6035/5963/6035 6034/5978/6034 5573/5397/5573 6048/5403/6048
f 6043/5960/6043 6042/5959/6042 6051/5406/6051 6052/5405/6052
f 6036/5964/6036 6035/5963/6035 6048/5403/6048 5574/5409/5574
f 6044/5965/6044 6043/5960/6043 6052/5405/6052 6053/5411/6053
f 6037/5966/6037 6036/5964/6036 5574/5409/5574 5575/5413/5575
f 6030/5967/6030 5653/5416/5653 6045/5415/6045
f 5879/5418/5879 6044/5965/6044 6053/5411/6053
f 6038/5968/6038 6037/5966/6037 5575/5413/5575 5576/5419/5576
f 6031/5969/6031 6030/5967/6030 6045/5415/6045 6046/5386/6046
f 6039/5970/6039 6038/5968/6038 5576/5419/5576 6049/5390/6049
f 6032/5971/6032 6031/5969/6031 6046/5386/6046 5572/5385/5572
o Sphere.001
v -0.631632 0.923956 0.568789
v -0.721737 0.833747 0.568091
v -0.770463 0.715921 0.567718
v -0.776706 0.652165 0.567672
v -0.770391 0.588417 0.567725
v -0.721532 0.470647 0.568112
v -0.512544 0.972817 0.557277
v -0.572562 0.954186 0.544851
v -0.627868 0.923956 0.533399
v -0.676336 0.883289 0.523362
v -0.716104 0.833747 0.515126
v -0.745642 0.777233 0.509007
v -0.763817 0.715921 0.505241
v -0.769930 0.652166 0.503971
v -0.763745 0.588417 0.505248
v -0.745501 0.527126 0.509021
v -0.715898 0.470647 0.515147
v -0.676075 0.421151 0.523388
v -0.627561 0.380539 0.533430
v -0.572221 0.350373 0.544885
v -0.512181 0.331812 0.557314
v -0.508823 0.972818 0.545347
v -0.565263 0.954189 0.521448
v -0.617271 0.923961 0.499423
v -0.662849 0.883294 0.480119
v -0.700245 0.833753 0.464277
v -0.728021 0.777240 0.452507
v -0.745111 0.715928 0.445261
v -0.750857 0.652173 0.442816
v -0.745038 0.588425 0.445268
v -0.727880 0.527133 0.452521
v -0.700039 0.470653 0.464298
v -0.662588 0.421156 0.480145
v -0.616964 0.380543 0.499454
v -0.564921 0.350376 0.521482
v -0.508460 0.331814 0.545383
v -0.502846 0.972821 0.534371
v -0.553539 0.954194 0.499918
v -0.600250 0.923968 0.468167
v -0.641185 0.883304 0.440338
v -0.674771 0.833765 0.417500
v -0.699716 0.777253 0.400531
v -0.715062 0.715942 0.390083
v -0.720219 0.652187 0.386557
v -0.714990 0.588438 0.390090
v -0.699574 0.527146 0.400545
v -0.674565 0.470665 0.417520
v -0.640924 0.421166 0.440364
v -0.599943 0.380551 0.468198
v -0.553197 0.350381 0.499952
v -0.502483 0.331816 0.534407
v -0.494842 0.972825 0.524772
v -0.537839 0.954202 0.481090
v -0.577458 0.923980 0.440832
v -0.612177 0.883319 0.405547
v -0.640660 0.833782 0.376591
v -0.661814 0.777272 0.355075
v -0.674826 0.715962 0.341827
v -0.679195 0.652208 0.337356
v -0.674754 0.588458 0.341834
v -0.661673 0.527165 0.355089
v -0.640455 0.470682 0.376611
v -0.611915 0.421180 0.405574
v -0.577151 0.380562 0.440863
v -0.537498 0.350389 0.481124
v -0.494480 0.331820 0.524809
v -0.485120 0.972830 0.516920
v -0.518768 0.954212 0.465686
v -0.549772 0.923994 0.418470
v -0.576938 0.883337 0.377085
v -0.599224 0.833803 0.343122
v -0.615773 0.777296 0.317887
v -0.625949 0.715988 0.302348
v -0.629360 0.652233 0.297104
v -0.625877 0.588484 0.302356
v -0.615632 0.527189 0.317901
v -0.599019 0.470703 0.343143
v -0.576677 0.421198 0.377111
v -0.549464 0.380577 0.418500
v -0.518427 0.350399 0.465720
v -0.484757 0.331825 0.516956
v -0.450119 0.979132 0.570202
v -0.474052 0.972836 0.511114
v -0.497059 0.954224 0.454299
v -0.518254 0.924011 0.401938
v -0.536824 0.883358 0.356044
v -0.552055 0.833828 0.318381
v -0.563361 0.777324 0.290395
v -0.570309 0.716017 0.273164
v -0.572630 0.652264 0.267348
v -0.570237 0.588514 0.273171
v -0.563220 0.527217 0.290410
v -0.551850 0.470728 0.318401
v -0.536563 0.421220 0.356070
v -0.517947 0.380594 0.401969
v -0.496717 0.350411 0.454333
v -0.473690 0.331831 0.511151
v -0.462065 0.972842 0.507580
v -0.473545 0.954237 0.447366
v -0.484117 0.924030 0.391872
v -0.493376 0.883382 0.343233
v -0.500965 0.833856 0.303317
v -0.506594 0.777355 0.273657
v -0.510045 0.716050 0.255395
v -0.511185 0.652298 0.249231
v -0.509972 0.588547 0.255402
v -0.506452 0.527248 0.273671
v -0.500760 0.470757 0.303337
v -0.493115 0.421244 0.343259
v -0.483810 0.380612 0.391903
v -0.473203 0.350424 0.447400
v -0.461702 0.331838 0.507616
v -0.449619 0.972849 0.506452
v -0.449130 0.954250 0.445153
v -0.448673 0.924050 0.388660
v -0.448263 0.883408 0.339145
v -0.447919 0.833886 0.298509
v -0.447651 0.777388 0.268316
v -0.447471 0.716086 0.249724
v -0.447386 0.652333 0.243449
v -0.447399 0.588582 0.249731
v -0.447510 0.527281 0.268330
v -0.447713 0.470786 0.298530
v -0.448002 0.421269 0.339171
v -0.448365 0.380632 0.388691
v -0.448788 0.350437 0.445187
v -0.449256 0.331845 0.506488
v -0.437191 0.972856 0.507774
v -0.424753 0.954264 0.447746
v -0.413282 0.924070 0.392425
v -0.403220 0.883433 0.343936
v -0.394953 0.833916 0.304143
v -0.388799 0.777422 0.274576
v -0.384995 0.716121 0.256370
v -0.383685 0.652370 0.250225
v -0.384922 0.588618 0.256377
v -0.388658 0.527314 0.274590
v -0.394748 0.470817 0.304164
v -0.402959 0.421295 0.343962
v -0.412975 0.380652 0.392456
v -0.424411 0.350451 0.447780
v -0.436828 0.331852 0.507810
v -0.425260 0.972863 0.511495
v -0.401350 0.954278 0.455045
v -0.379306 0.924090 0.403021
v -0.359977 0.883459 0.357423
v -0.344105 0.833946 0.320002
v -0.332299 0.777455 0.292197
v -0.325015 0.716156 0.275076
v -0.322530 0.652405 0.269298
v -0.324942 0.588652 0.275084
v -0.332158 0.527347 0.292211
v -0.343899 0.470846 0.320023
v -0.359715 0.421320 0.357449
v -0.378999 0.380672 0.403052
v -0.401008 0.350465 0.455079
v -0.424898 0.331859 0.511531
v -0.414285 0.972870 0.517472
v -0.379820 0.954291 0.466769
v -0.348050 0.924108 0.420042
v -0.320196 0.883482 0.379087
v -0.297327 0.833974 0.345476
v -0.280323 0.777486 0.320502
v -0.269837 0.716189 0.305125
v -0.266271 0.652439 0.299935
v -0.269764 0.588685 0.305132
v -0.280181 0.527378 0.320516
v -0.297122 0.470874 0.345497
v -0.319934 0.421344 0.379113
v -0.347743 0.380691 0.420073
v -0.379479 0.350478 0.466804
v -0.413922 0.331865 0.517508
v -0.404686 0.972876 0.525475
v -0.360992 0.954302 0.482469
v -0.320716 0.924125 0.442834
v -0.285405 0.883504 0.408095
v -0.256418 0.833999 0.379587
v -0.234867 0.777514 0.358404
v -0.221581 0.716219 0.345361
v -0.217071 0.652469 0.340960
v -0.221509 0.588715 0.345368
v -0.234726 0.527406 0.358418
v -0.256212 0.470899 0.379607
v -0.285144 0.421365 0.408121
v -0.320408 0.380708 0.442865
v -0.360650 0.350489 0.482503
v -0.404324 0.331871 0.525512
v -0.396833 0.972881 0.535198
v -0.345588 0.954312 0.501540
v -0.298353 0.924139 0.470521
v -0.256943 0.883522 0.443334
v -0.222949 0.834020 0.421023
v -0.197679 0.777538 0.404445
v -0.182102 0.716244 0.394238
v -0.176818 0.652495 0.390794
v -0.182030 0.588740 0.394245
v -0.197537 0.527430 0.404459
v -0.222744 0.470921 0.421043
v -0.256682 0.421383 0.443360
v -0.298046 0.380722 0.470552
v -0.345247 0.350499 0.501574
v -0.396471 0.331876 0.535234
v -0.391028 0.972885 0.546265
v -0.334201 0.954320 0.523249
v -0.281821 0.924150 0.502038
v -0.235902 0.883536 0.483448
v -0.198208 0.834037 0.468192
v -0.170188 0.777556 0.456857
v -0.152918 0.716264 0.449878
v -0.147062 0.652515 0.447524
v -0.152846 0.588760 0.449885
v -0.170046 0.527448 0.456871
v -0.198003 0.470937 0.468212
v -0.235641 0.421397 0.483474
v -0.281514 0.380733 0.502069
v -0.333859 0.350507 0.523283
v -0.390666 0.331880 0.546301
v -0.387494 0.972887 0.558252
v -0.327268 0.954325 0.546763
v -0.271756 0.924158 0.536175
v -0.223091 0.883546 0.526896
v -0.183144 0.834049 0.519281
v -0.153449 0.777569 0.513624
v -0.135149 0.716277 0.510142
v -0.128945 0.652529 0.508969
v -0.135076 0.588773 0.510150
v -0.153308 0.527461 0.513639
v -0.182939 0.470949 0.519302
v -0.222830 0.421407 0.526922
v -0.271448 0.380741 0.536206
v -0.326926 0.350512 0.546797
v -0.387131 0.331883 0.558289
v -0.386366 0.972889 0.570699
v -0.325055 0.954328 0.571178
v -0.268544 0.924162 0.571620
v -0.219003 0.883551 0.572009
v -0.178337 0.834054 0.572328
v -0.148108 0.777575 0.572567
v -0.129478 0.716284 0.572715
v -0.123163 0.652535 0.572768
v -0.129406 0.588780 0.572723
v -0.147966 0.527468 0.572581
v -0.178131 0.470954 0.572349
v -0.218741 0.421412 0.572035
v -0.268236 0.380745 0.571651
v -0.324714 0.350515 0.571212
v -0.386003 0.331884 0.570735
v -0.387688 0.972889 0.583126
v -0.327648 0.954328 0.595555
v -0.272308 0.924162 0.607011
v -0.223794 0.883550 0.617052
v -0.183971 0.834054 0.625294
v -0.154368 0.777575 0.631419
v -0.136124 0.716284 0.635192
v -0.129939 0.652535 0.636469
v -0.136052 0.588780 0.635200
v -0.154226 0.527467 0.631433
v -0.183765 0.470954 0.625314
v -0.223533 0.421412 0.617078
v -0.272001 0.380744 0.607041
v -0.327307 0.350515 0.595590
v -0.387325 0.331884 0.583163
v -0.391409 0.972887 0.595057
v -0.334947 0.954325 0.618958
v -0.282905 0.924158 0.640987
v -0.237281 0.883545 0.660295
v -0.199829 0.834048 0.676142
v -0.171989 0.777568 0.687919
v -0.154830 0.716276 0.695172
v -0.149012 0.652528 0.697624
v -0.154758 0.588773 0.695180
v -0.171848 0.527461 0.687933
v -0.199624 0.470948 0.676163
v -0.237019 0.421407 0.660321
v -0.282597 0.380740 0.641017
v -0.334606 0.350512 0.618993
v -0.391046 0.331883 0.595094
v -0.397386 0.972885 0.606033
v -0.346672 0.954319 0.640488
v -0.299926 0.924150 0.672242
v -0.258945 0.883535 0.700076
v -0.225303 0.834036 0.722920
v -0.200294 0.777555 0.739895
v -0.184879 0.716262 0.750350
v -0.179650 0.652514 0.753883
v -0.184807 0.588759 0.750358
v -0.200153 0.527448 0.739910
v -0.225098 0.470936 0.722940
v -0.258683 0.421397 0.700102
v -0.299618 0.380732 0.672273
v -0.346330 0.350506 0.640522
v -0.397023 0.331880 0.606069
v -0.405389 0.972881 0.615631
v -0.362371 0.954312 0.659316
v -0.322718 0.924139 0.699577
v -0.287953 0.883521 0.734867
v -0.259414 0.834019 0.763829
v -0.238196 0.777536 0.785351
v -0.225115 0.716242 0.798606
v -0.220674 0.652493 0.803084
v -0.225043 0.588739 0.798613
v -0.238054 0.527429 0.785365
v -0.259208 0.470919 0.763850
v -0.287692 0.421382 0.734893
v -0.322410 0.380721 0.699608
v -0.362029 0.350499 0.659350
v -0.405026 0.331876 0.615668
v -0.449749 0.325569 0.570239
v -0.415111 0.972875 0.623484
v -0.381442 0.954302 0.674720
v -0.350404 0.924124 0.721940
v -0.323192 0.883502 0.763329
v -0.300850 0.833998 0.797297
v -0.284237 0.777512 0.822539
v -0.273992 0.716217 0.838085
v -0.270509 0.652467 0.843336
v -0.273920 0.588713 0.838092
v -0.284096 0.527405 0.822553
v -0.300644 0.470898 0.797318
v -0.322930 0.421364 0.763355
v -0.350097 0.380707 0.721971
v -0.381100 0.350489 0.674754
v -0.414749 0.331871 0.623520
v -0.426179 0.972870 0.629289
v -0.403151 0.954290 0.686107
v -0.381922 0.924107 0.738472
v -0.363306 0.883481 0.784370
v -0.348019 0.833972 0.822039
v -0.336649 0.777484 0.850031
v -0.329632 0.716187 0.867269
v -0.327238 0.652437 0.873092
v -0.329560 0.588683 0.867276
v -0.336507 0.527377 0.850045
v -0.347814 0.470872 0.822060
v -0.363044 0.421342 0.784396
v -0.381614 0.380690 0.738502
v -0.402810 0.350477 0.686141
v -0.425816 0.331865 0.629326
v -0.438166 0.972863 0.632824
v -0.426665 0.954277 0.693040
v -0.416059 0.924088 0.748537
v -0.406754 0.883457 0.797181
v -0.399109 0.833944 0.837103
v -0.393416 0.777453 0.866769
v -0.389896 0.716154 0.885038
v -0.388683 0.652403 0.891209
v -0.389824 0.588650 0.885046
v -0.393275 0.527345 0.866783
v -0.398903 0.470844 0.837123
v -0.406493 0.421319 0.797207
v -0.415751 0.380671 0.748568
v -0.426324 0.350464 0.693075
v -0.437804 0.331858 0.632860
v -0.450613 0.972856 0.633952
v -0.451080 0.954263 0.695253
v -0.451504 0.924069 0.751749
v -0.451867 0.883432 0.801269
v -0.452155 0.833915 0.841910
v -0.452359 0.777420 0.872110
v -0.452469 0.716119 0.890709
v -0.452482 0.652368 0.896991
v -0.452397 0.588615 0.890716
v -0.452217 0.527312 0.872124
v -0.451950 0.470815 0.841931
v -0.451605 0.421293 0.801295
v -0.451196 0.380651 0.751780
v -0.450739 0.350450 0.695287
v -0.450250 0.331852 0.633988
v -0.463040 0.972849 0.632630
v -0.475457 0.954250 0.692660
v -0.486894 0.924048 0.747985
v -0.496910 0.883406 0.796478
v -0.505121 0.833884 0.836276
v -0.511211 0.777386 0.865850
v -0.514946 0.716083 0.884063
v -0.516183 0.652331 0.890215
v -0.514874 0.588580 0.884070
v -0.511069 0.527279 0.865864
v -0.504915 0.470784 0.836297
v -0.496649 0.421268 0.796504
v -0.486586 0.380631 0.748015
v -0.475116 0.350437 0.692694
v -0.462677 0.331844 0.632666
v -0.474971 0.972842 0.628909
v -0.498860 0.954236 0.685361
v -0.520870 0.924029 0.737388
v -0.540153 0.883381 0.782991
v -0.555969 0.833855 0.820418
v -0.567711 0.777353 0.848229
v -0.574926 0.716048 0.865357
v -0.577338 0.652295 0.871142
v -0.574854 0.588545 0.865364
v -0.567569 0.527246 0.848243
v -0.555764 0.470755 0.820438
v -0.539892 0.421242 0.783017
v -0.520562 0.380611 0.737419
v -0.498519 0.350423 0.685395
v -0.474608 0.331837 0.628945
v -0.485946 0.972835 0.622932
v -0.520390 0.954223 0.673637
v -0.552126 0.924010 0.720367
v -0.579934 0.883357 0.761327
v -0.602747 0.833827 0.794943
v -0.619687 0.777322 0.819924
v -0.630104 0.716015 0.835308
v -0.633597 0.652262 0.840505
v -0.630032 0.588512 0.835315
v -0.619546 0.527215 0.819938
v -0.602542 0.470727 0.794964
v -0.579673 0.421219 0.761353
v -0.551818 0.380593 0.720398
v -0.520048 0.350410 0.673671
v -0.485584 0.331831 0.622968
v -0.495545 0.972830 0.614928
v -0.539218 0.954211 0.657937
v -0.579460 0.923993 0.697575
v -0.614725 0.883336 0.732319
v -0.643656 0.833802 0.760833
v -0.665143 0.777295 0.782022
v -0.678360 0.715986 0.795072
v -0.682798 0.652232 0.799480
v -0.678288 0.588482 0.795079
v -0.665002 0.527187 0.782036
v -0.643451 0.470702 0.760854
v -0.614463 0.421197 0.732345
v -0.579153 0.380576 0.697606
v -0.538877 0.350398 0.657971
v -0.495182 0.331825 0.614965
v -0.503398 0.972825 0.605206
v -0.554622 0.954202 0.638866
v -0.601823 0.923979 0.669888
v -0.643187 0.883318 0.697080
v -0.677125 0.833780 0.719397
v -0.702331 0.777271 0.735981
v -0.717838 0.715961 0.746195
v -0.723050 0.652206 0.749646
v -0.717766 0.588457 0.746202
v -0.702190 0.527163 0.735995
v -0.676919 0.470680 0.719418
v -0.642926 0.421179 0.697107
v -0.601516 0.380562 0.669919
v -0.554280 0.350389 0.638901
v -0.503035 0.331820 0.605243
v -0.509203 0.972821 0.594139
v -0.566009 0.954194 0.617157
v -0.618355 0.923968 0.638371
v -0.664228 0.883303 0.656966
v -0.701866 0.833764 0.672228
v -0.729823 0.777252 0.683569
v -0.747023 0.715941 0.690555
v -0.752806 0.652186 0.692916
v -0.746951 0.588437 0.690562
v -0.729681 0.527145 0.683584
v -0.701661 0.470664 0.672248
v -0.663967 0.421165 0.656992
v -0.618047 0.380550 0.638402
v -0.565668 0.350381 0.617191
v -0.508840 0.331816 0.594175
v -0.512738 0.972818 0.582151
v -0.572942 0.954189 0.593643
v -0.628420 0.923960 0.604234
v -0.677039 0.883294 0.613518
v -0.716930 0.833752 0.621138
v -0.746561 0.777240 0.626802
v -0.764792 0.715928 0.630291
v -0.770923 0.652172 0.631471
v -0.764720 0.588424 0.630298
v -0.746419 0.527132 0.626816
v -0.716725 0.470652 0.621159
v -0.676777 0.421155 0.613544
v -0.628113 0.380543 0.604265
v -0.572601 0.350376 0.593677
v -0.512375 0.331813 0.582188
v -0.513865 0.972817 0.569705
v -0.575155 0.954186 0.569228
v -0.681127 0.883289 0.568405
v -0.751902 0.777233 0.567859
v -0.751761 0.527126 0.567873
v -0.680866 0.421150 0.568432
v -0.631325 0.380539 0.568820
v -0.574813 0.350373 0.569262
v -0.513503 0.331812 0.569741
vn -0.5602 0.8283 -0.0044
vn -0.8336 0.5523 -0.0065
vn -0.9811 0.1934 -0.0077
vn -1.0000 -0.0006 -0.0078
vn -0.9809 -0.1945 -0.0076
vn -0.8330 -0.5532 -0.0065
vn -0.1973 0.9795 -0.0408
vn -0.3804 0.9215 -0.0787
vn -0.5486 0.8283 -0.1135
vn -0.6958 0.7037 -0.1440
vn -0.8163 0.5523 -0.1690
vn -0.9058 0.3800 -0.1875
vn -0.9608 0.1934 -0.1989
vn -0.9792 -0.0006 -0.2027
vn -0.9605 -0.1945 -0.1989
vn -0.9053 -0.3811 -0.1875
vn -0.8157 -0.5532 -0.1689
vn -0.6950 -0.7045 -0.1439
vn -0.5477 -0.8290 -0.1134
vn -0.3793 -0.9219 -0.0786
vn -0.1962 -0.9797 -0.0407
vn -0.1856 0.9795 -0.0784
vn -0.3577 0.9215 -0.1513
vn -0.5159 0.8283 -0.2183
vn -0.6543 0.7037 -0.2769
vn -0.7677 0.5523 -0.3249
vn -0.8518 0.3800 -0.3606
vn -0.9035 0.1934 -0.3825
vn -0.9209 -0.0005 -0.3899
vn -0.9033 -0.1945 -0.3825
vn -0.8514 -0.3810 -0.3605
vn -0.7671 -0.5532 -0.3249
vn -0.6535 -0.7044 -0.2768
vn -0.5150 -0.8290 -0.2182
vn -0.3567 -0.9219 -0.1512
vn -0.1845 -0.9797 -0.0783
vn -0.1668 0.9795 -0.1130
vn -0.3213 0.9215 -0.2181
vn -0.4635 0.8284 -0.3147
vn -0.5878 0.7037 -0.3992
vn -0.6896 0.5523 -0.4684
vn -0.7651 0.3801 -0.5198
vn -0.8115 0.1934 -0.5514
vn -0.8271 -0.0005 -0.5620
vn -0.8113 -0.1944 -0.5514
vn -0.7647 -0.3810 -0.5197
vn -0.6890 -0.5532 -0.4683
vn -0.5870 -0.7044 -0.3991
vn -0.4625 -0.8289 -0.3146
vn -0.3203 -0.9219 -0.2180
vn -0.1657 -0.9797 -0.1129
vn -0.1415 0.9795 -0.1433
vn -0.2727 0.9215 -0.2765
vn -0.3932 0.8284 -0.3989
vn -0.4986 0.7038 -0.5061
vn -0.5850 0.5524 -0.5939
vn -0.6490 0.3801 -0.6590
vn -0.6884 0.1935 -0.6991
vn -0.7016 -0.0004 -0.7126
vn -0.6881 -0.1944 -0.6991
vn -0.6486 -0.3809 -0.6590
vn -0.5843 -0.5531 -0.5938
vn -0.4978 -0.7044 -0.5060
vn -0.3923 -0.8289 -0.3988
vn -0.2716 -0.9219 -0.2764
vn -0.1404 -0.9797 -0.1432
vn -0.1109 0.9795 -0.1680
vn -0.2135 0.9216 -0.3242
vn -0.3078 0.8284 -0.4679
vn -0.3903 0.7038 -0.5936
vn -0.4579 0.5525 -0.6965
vn -0.5080 0.3802 -0.7729
vn -0.5388 0.1936 -0.8199
vn -0.5491 -0.0004 -0.8358
vn -0.5385 -0.1943 -0.8199
vn -0.5075 -0.3809 -0.7729
vn -0.4572 -0.5531 -0.6965
vn -0.3895 -0.7043 -0.5935
vn -0.3069 -0.8288 -0.4678
vn -0.2125 -0.9218 -0.3241
vn -0.1098 -0.9797 -0.1679
vn -0.0006 1.0000 -0.0001
vn -0.0760 0.9795 -0.1863
vn -0.1462 0.9216 -0.3596
vn -0.2106 0.8285 -0.5189
vn -0.2670 0.7039 -0.6582
vn -0.3132 0.5525 -0.7724
vn -0.3474 0.3803 -0.8571
vn -0.3684 0.1937 -0.9093
vn -0.3755 -0.0003 -0.9268
vn -0.3682 -0.1942 -0.9092
vn -0.3470 -0.3808 -0.8571
vn -0.3126 -0.5530 -0.7723
vn -0.2662 -0.7042 -0.6581
vn -0.2097 -0.8288 -0.5188
vn -0.1451 -0.9218 -0.3595
vn -0.0749 -0.9797 -0.1862
vn -0.0382 0.9796 -0.1975
vn -0.0732 0.9216 -0.3811
vn -0.1054 0.8286 -0.5499
vn -0.1335 0.7039 -0.6976
vn -0.1565 0.5526 -0.8186
vn -0.1736 0.3804 -0.9084
vn -0.1840 0.1938 -0.9636
vn -0.1874 -0.0002 -0.9823
vn -0.1838 -0.1941 -0.9636
vn -0.1731 -0.3807 -0.9084
vn -0.1559 -0.5529 -0.8185
vn -0.1327 -0.7042 -0.6975
vn -0.1045 -0.8287 -0.5498
vn -0.0722 -0.9218 -0.3810
vn -0.0371 -0.9796 -0.1973
vn 0.0010 0.9796 -0.2010
vn 0.0025 0.9217 -0.3879
vn 0.0039 0.8286 -0.5598
vn 0.0051 0.7040 -0.7102
vn 0.0062 0.5527 -0.8333
vn 0.0070 0.3805 -0.9248
vn 0.0075 0.1939 -0.9810
vn 0.0078 -0.0001 -1.0000
vn 0.0078 -0.1940 -0.9810
vn 0.0074 -0.3806 -0.9247
vn 0.0068 -0.5528 -0.8333
vn 0.0059 -0.7041 -0.7101
vn 0.0048 -0.8287 -0.5597
vn 0.0035 -0.9217 -0.3878
vn 0.0021 -0.9796 -0.2009
vn 0.0402 0.9796 -0.1968
vn 0.0781 0.9217 -0.3799
vn 0.1130 0.8287 -0.5482
vn 0.1436 0.7041 -0.6954
vn 0.1686 0.5528 -0.8161
vn 0.1873 0.3806 -0.9056
vn 0.1988 0.1940 -0.9607
vn 0.2027 0.0001 -0.9792
vn 0.1990 -0.1939 -0.9606
vn 0.1877 -0.3805 -0.9055
vn 0.1693 -0.5527 -0.8160
vn 0.1444 -0.7040 -0.6954
vn 0.1140 -0.8286 -0.5481
vn 0.0792 -0.9217 -0.3798
vn 0.0413 -0.9796 -0.1967
vn 0.0778 0.9796 -0.1851
vn 0.1507 0.9218 -0.3572
vn 0.2178 0.8287 -0.5155
vn 0.2765 0.7042 -0.6540
vn 0.3246 0.5529 -0.7674
vn 0.3603 0.3807 -0.8516
vn 0.3824 0.1941 -0.9034
vn 0.3899 0.0002 -0.9209
vn 0.3826 -0.1938 -0.9034
vn 0.3608 -0.3804 -0.8516
vn 0.3252 -0.5526 -0.7674
vn 0.2773 -0.7039 -0.6539
vn 0.2187 -0.8286 -0.5154
vn 0.1517 -0.9216 -0.3571
vn 0.0789 -0.9796 -0.1850
vn 0.1124 0.9797 -0.1663
vn 0.2175 0.9218 -0.3209
vn 0.3141 0.8288 -0.4630
vn 0.3987 0.7043 -0.5874
vn 0.4681 0.5530 -0.6893
vn 0.5195 0.3808 -0.7649
vn 0.5513 0.1942 -0.8114
vn 0.5620 0.0003 -0.8271
vn 0.5515 -0.1937 -0.8114
vn 0.5200 -0.3803 -0.7649
vn 0.4687 -0.5525 -0.6892
vn 0.3995 -0.7039 -0.5873
vn 0.3151 -0.8285 -0.4629
vn 0.2185 -0.9216 -0.3208
vn 0.1135 -0.9795 -0.1662
vn 0.1427 0.9797 -0.1410
vn 0.2759 0.9218 -0.2722
vn 0.3984 0.8288 -0.3928
vn 0.5056 0.7043 -0.4983
vn 0.5935 0.5531 -0.5847
vn 0.6588 0.3809 -0.6488
vn 0.6990 0.1943 -0.6883
vn 0.7126 0.0004 -0.7016
vn 0.6992 -0.1936 -0.6882
vn 0.6592 -0.3802 -0.6488
vn 0.5941 -0.5525 -0.5846
vn 0.5064 -0.7038 -0.4982
vn 0.3994 -0.8284 -0.3927
vn 0.2769 -0.9216 -0.2721
vn 0.1438 -0.9795 -0.1409
vn 0.1674 0.9797 -0.1104
vn 0.3237 0.9219 -0.2130
vn 0.4674 0.8289 -0.3074
vn 0.5931 0.7044 -0.3900
vn 0.6962 0.5531 -0.4576
vn 0.7727 0.3809 -0.5078
vn 0.8198 0.1944 -0.5387
vn 0.8358 0.0004 -0.5491
vn 0.8200 -0.1935 -0.5386
vn 0.7731 -0.3801 -0.5077
vn 0.6968 -0.5524 -0.4575
vn 0.5939 -0.7037 -0.3899
vn 0.4683 -0.8284 -0.3073
vn 0.3247 -0.9215 -0.2129
vn 0.1685 -0.9795 -0.1103
vn 0.1857 0.9797 -0.0755
vn 0.3590 0.9219 -0.1457
vn 0.5183 0.8289 -0.2102
vn 0.6578 0.7044 -0.2667
vn 0.7721 0.5532 -0.3129
vn 0.8569 0.3810 -0.3472
vn 0.9091 0.1944 -0.3684
vn 0.9268 0.0005 -0.3755
vn 0.9093 -0.1934 -0.3683
vn 0.8573 -0.3801 -0.3472
vn 0.7727 -0.5523 -0.3129
vn 0.6586 -0.7037 -0.2666
vn 0.5193 -0.8284 -0.2101
vn 0.3600 -0.9215 -0.1456
vn 0.1868 -0.9795 -0.0754
vn 0.1969 0.9797 -0.0377
vn 0.3805 0.9219 -0.0728
vn 0.5494 0.8290 -0.1050
vn 0.6972 0.7044 -0.1331
vn 0.8183 0.5532 -0.1562
vn 0.9082 0.3810 -0.1734
vn 0.9635 0.1945 -0.1839
vn 0.9823 0.0005 -0.1874
vn 0.9637 -0.1934 -0.1839
vn 0.9086 -0.3800 -0.1733
vn 0.8189 -0.5523 -0.1562
vn 0.6980 -0.7037 -0.1331
vn 0.5503 -0.8283 -0.1049
vn 0.3815 -0.9215 -0.0727
vn 0.1980 -0.9795 -0.0376
vn 0.2004 0.9797 0.0015
vn 0.3874 0.9219 0.0030
vn 0.5593 0.8290 0.0043
vn 0.7097 0.7045 0.0055
vn 0.8330 0.5532 0.0065
vn 0.9245 0.3811 0.0072
vn 0.9809 0.1945 0.0076
vn 1.0000 0.0006 0.0078
vn 0.9811 -0.1934 0.0077
vn 0.9250 -0.3800 0.0072
vn 0.8336 -0.5523 0.0065
vn 0.7105 -0.7037 0.0056
vn 0.5602 -0.8283 0.0044
vn 0.3884 -0.9215 0.0031
vn 0.2015 -0.9795 0.0016
vn 0.1962 0.9797 0.0407
vn 0.3793 0.9219 0.0786
vn 0.5477 0.8290 0.1134
vn 0.6950 0.7045 0.1439
vn 0.8157 0.5532 0.1689
vn 0.9053 0.3811 0.1875
vn 0.9605 0.1945 0.1989
vn 0.9792 0.0006 0.2027
vn 0.9608 -0.1934 0.1989
vn 0.9058 -0.3800 0.1875
vn 0.8163 -0.5523 0.1690
vn 0.6958 -0.7037 0.1440
vn 0.5486 -0.8283 0.1135
vn 0.3804 -0.9215 0.0787
vn 0.1973 -0.9795 0.0408
vn 0.1845 0.9797 0.0783
vn 0.3567 0.9219 0.1512
vn 0.5150 0.8290 0.2182
vn 0.6535 0.7044 0.2768
vn 0.7671 0.5532 0.3249
vn 0.8514 0.3810 0.3605
vn 0.9033 0.1945 0.3825
vn 0.9209 0.0005 0.3899
vn 0.9035 -0.1934 0.3825
vn 0.8518 -0.3800 0.3606
vn 0.7677 -0.5523 0.3249
vn 0.6543 -0.7037 0.2769
vn 0.5159 -0.8283 0.2183
vn 0.3577 -0.9215 0.1513
vn 0.1856 -0.9795 0.0784
vn 0.1657 0.9797 0.1129
vn 0.3203 0.9219 0.2180
vn 0.4625 0.8289 0.3146
vn 0.5870 0.7044 0.3991
vn 0.6890 0.5532 0.4683
vn 0.7647 0.3810 0.5197
vn 0.8113 0.1944 0.5514
vn 0.8271 0.0005 0.5620
vn 0.8115 -0.1934 0.5514
vn 0.7651 -0.3801 0.5198
vn 0.6896 -0.5523 0.4684
vn 0.5878 -0.7037 0.3992
vn 0.4635 -0.8284 0.3147
vn 0.3213 -0.9215 0.2181
vn 0.1668 -0.9795 0.1130
vn 0.1404 0.9797 0.1432
vn 0.2716 0.9219 0.2764
vn 0.3923 0.8289 0.3988
vn 0.4978 0.7044 0.5060
vn 0.5843 0.5531 0.5938
vn 0.6486 0.3809 0.6590
vn 0.6881 0.1944 0.6991
vn 0.7016 0.0004 0.7126
vn 0.6884 -0.1935 0.6991
vn 0.6490 -0.3801 0.6590
vn 0.5850 -0.5524 0.5939
vn 0.4986 -0.7038 0.5061
vn 0.3932 -0.8284 0.3989
vn 0.2727 -0.9215 0.2765
vn 0.1415 -0.9795 0.1433
vn 0.0006 -1.0000 0.0001
vn 0.1098 0.9797 0.1679
vn 0.2125 0.9218 0.3241
vn 0.3069 0.8288 0.4678
vn 0.3895 0.7043 0.5935
vn 0.4572 0.5531 0.6965
vn 0.5075 0.3809 0.7729
vn 0.5385 0.1943 0.8199
vn 0.5491 0.0004 0.8358
vn 0.5388 -0.1936 0.8199
vn 0.5080 -0.3802 0.7729
vn 0.4579 -0.5525 0.6965
vn 0.3903 -0.7038 0.5936
vn 0.3078 -0.8284 0.4679
vn 0.2135 -0.9216 0.3242
vn 0.1109 -0.9795 0.1680
vn 0.0749 0.9797 0.1862
vn 0.1451 0.9218 0.3595
vn 0.2097 0.8288 0.5188
vn 0.2662 0.7042 0.6581
vn 0.3126 0.5530 0.7723
vn 0.3470 0.3808 0.8571
vn 0.3682 0.1942 0.9092
vn 0.3755 0.0003 0.9268
vn 0.3684 -0.1937 0.9093
vn 0.3474 -0.3803 0.8571
vn 0.3132 -0.5525 0.7724
vn 0.2670 -0.7039 0.6582
vn 0.2106 -0.8285 0.5189
vn 0.1462 -0.9216 0.3596
vn 0.0760 -0.9795 0.1863
vn 0.0371 0.9796 0.1973
vn 0.0722 0.9218 0.3810
vn 0.1045 0.8287 0.5498
vn 0.1327 0.7042 0.6975
vn 0.1559 0.5529 0.8185
vn 0.1731 0.3807 0.9084
vn 0.1838 0.1941 0.9636
vn 0.1874 0.0002 0.9823
vn 0.1840 -0.1938 0.9636
vn 0.1736 -0.3804 0.9084
vn 0.1565 -0.5526 0.8186
vn 0.1335 -0.7039 0.6976
vn 0.1054 -0.8286 0.5499
vn 0.0732 -0.9216 0.3811
vn 0.0382 -0.9796 0.1975
vn -0.0021 0.9796 0.2009
vn -0.0035 0.9217 0.3878
vn -0.0048 0.8287 0.5597
vn -0.0059 0.7041 0.7101
vn -0.0068 0.5528 0.8333
vn -0.0074 0.3806 0.9247
vn -0.0078 0.1940 0.9810
vn -0.0078 0.0001 1.0000
vn -0.0075 -0.1939 0.9810
vn -0.0070 -0.3805 0.9248
vn -0.0062 -0.5527 0.8333
vn -0.0051 -0.7040 0.7102
vn -0.0039 -0.8286 0.5598
vn -0.0025 -0.9217 0.3879
vn -0.0010 -0.9796 0.2010
vn -0.0413 0.9796 0.1967
vn -0.0792 0.9217 0.3798
vn -0.1140 0.8286 0.5481
vn -0.1444 0.7040 0.6954
vn -0.1693 0.5527 0.8160
vn -0.1877 0.3805 0.9055
vn -0.1990 0.1939 0.9606
vn -0.2027 -0.0001 0.9792
vn -0.1988 -0.1940 0.9607
vn -0.1873 -0.3806 0.9056
vn -0.1686 -0.5528 0.8161
vn -0.1436 -0.7041 0.6954
vn -0.1130 -0.8287 0.5482
vn -0.0781 -0.9217 0.3799
vn -0.0402 -0.9796 0.1968
vn -0.0789 0.9796 0.1850
vn -0.1517 0.9216 0.3571
vn -0.2187 0.8286 0.5154
vn -0.2773 0.7039 0.6539
vn -0.3252 0.5526 0.7674
vn -0.3608 0.3804 0.8516
vn -0.3826 0.1938 0.9034
vn -0.3899 -0.0002 0.9209
vn -0.3824 -0.1941 0.9034
vn -0.3603 -0.3807 0.8516
vn -0.3246 -0.5529 0.7674
vn -0.2765 -0.7042 0.6540
vn -0.2178 -0.8287 0.5155
vn -0.1507 -0.9218 0.3572
vn -0.0778 -0.9796 0.1851
vn -0.1135 0.9795 0.1662
vn -0.2185 0.9216 0.3208
vn -0.3151 0.8285 0.4629
vn -0.3995 0.7039 0.5873
vn -0.4687 0.5525 0.6892
vn -0.5200 0.3803 0.7649
vn -0.5515 0.1937 0.8114
vn -0.5620 -0.0003 0.8271
vn -0.5513 -0.1942 0.8114
vn -0.5195 -0.3808 0.7649
vn -0.4681 -0.5530 0.6893
vn -0.3987 -0.7043 0.5874
vn -0.3141 -0.8288 0.4630
vn -0.2175 -0.9218 0.3209
vn -0.1124 -0.9797 0.1663
vn -0.1438 0.9795 0.1409
vn -0.2769 0.9216 0.2721
vn -0.3994 0.8284 0.3927
vn -0.5064 0.7038 0.4982
vn -0.5941 0.5525 0.5846
vn -0.6592 0.3802 0.6488
vn -0.6992 0.1936 0.6882
vn -0.7126 -0.0004 0.7016
vn -0.6990 -0.1943 0.6883
vn -0.6588 -0.3809 0.6488
vn -0.5935 -0.5531 0.5847
vn -0.5056 -0.7043 0.4983
vn -0.3984 -0.8288 0.3928
vn -0.2759 -0.9218 0.2722
vn -0.1427 -0.9797 0.1410
vn -0.1685 0.9795 0.1103
vn -0.3247 0.9215 0.2129
vn -0.4683 0.8284 0.3073
vn -0.5939 0.7037 0.3899
vn -0.6968 0.5524 0.4575
vn -0.7731 0.3801 0.5077
vn -0.8200 0.1935 0.5386
vn -0.8358 -0.0004 0.5491
vn -0.8198 -0.1944 0.5387
vn -0.7727 -0.3809 0.5078
vn -0.6962 -0.5531 0.4576
vn -0.5931 -0.7044 0.3900
vn -0.4674 -0.8289 0.3074
vn -0.3237 -0.9219 0.2130
vn -0.1674 -0.9797 0.1104
vn -0.1868 0.9795 0.0754
vn -0.3600 0.9215 0.1456
vn -0.5193 0.8284 0.2101
vn -0.6586 0.7037 0.2666
vn -0.7727 0.5523 0.3129
vn -0.8573 0.3801 0.3472
vn -0.9093 0.1934 0.3683
vn -0.9268 -0.0005 0.3755
vn -0.9091 -0.1944 0.3684
vn -0.8569 -0.3810 0.3472
vn -0.7721 -0.5532 0.3129
vn -0.6578 -0.7044 0.2667
vn -0.5183 -0.8289 0.2102
vn -0.3590 -0.9219 0.1457
vn -0.1857 -0.9797 0.0755
vn -0.1980 0.9795 0.0376
vn -0.3815 0.9215 0.0727
vn -0.5503 0.8283 0.1049
vn -0.6980 0.7037 0.1331
vn -0.8189 0.5523 0.1562
vn -0.9086 0.3800 0.1733
vn -0.9637 0.1934 0.1839
vn -0.9823 -0.0005 0.1874
vn -0.9635 -0.1945 0.1839
vn -0.9082 -0.3810 0.1734
vn -0.8183 -0.5532 0.1562
vn -0.6972 -0.7044 0.1331
vn -0.5494 -0.8290 0.1050
vn -0.3805 -0.9219 0.0728
vn -0.1969 -0.9797 0.0377
vn -0.2015 0.9795 -0.0016
vn -0.3884 0.9215 -0.0031
vn -0.7105 0.7037 -0.0056
vn -0.9250 0.3800 -0.0072
vn -0.9245 -0.3811 -0.0072
vn -0.7097 -0.7045 -0.0055
vn -0.5593 -0.8290 -0.0043
vn -0.3874 -0.9219 -0.0030
vn -0.2004 -0.9797 -0.0015
vt 0.881801 0.895520
vt 0.875642 0.898094
vt 0.874574 0.895615
vt 0.881256 0.894257
vt 0.873730 0.491772
vt 0.874082 0.484622
vt 0.881103 0.484622
vt 0.880889 0.491772
vt 0.879538 0.323292
vt 0.880761 0.316153
vt 0.880898 0.323433
vt 0.888206 0.892431
vt 0.873791 0.499069
vt 0.880812 0.499069
vt 0.878757 0.330198
vt 0.881425 0.330473
vt 0.874261 0.506232
vt 0.880875 0.506232
vt 0.878449 0.336605
vt 0.882323 0.337004
vt 0.875123 0.512988
vt 0.881076 0.512988
vt 0.878625 0.342267
vt 0.883556 0.342775
vt 0.876345 0.519075
vt 0.881407 0.519075
vt 0.875954 0.471848
vt 0.877401 0.466713
vt 0.882463 0.466713
vt 0.881906 0.471848
vt 0.877878 0.524260
vt 0.881855 0.524260
vt 0.874833 0.477895
vt 0.881446 0.477895
vt 0.869967 0.900052
vt 0.868415 0.896454
vt 0.867624 0.892634
vt 0.874029 0.892984
vt 0.888187 0.478031
vt 0.888259 0.484767
vt 0.880978 0.892916
vt 0.888184 0.491919
vt 0.882261 0.323294
vt 0.887967 0.499213
vt 0.884098 0.330201
vt 0.887615 0.506368
vt 0.886203 0.336609
vt 0.887142 0.513110
vt 0.888495 0.342272
vt 0.886566 0.519179
vt 0.887622 0.466818
vt 0.887972 0.471970
vt 0.885908 0.524341
vt 0.886673 0.329392
vt 0.889941 0.335434
vt 0.894223 0.506635
vt 0.893089 0.513350
vt 0.893252 0.340777
vt 0.891623 0.519383
vt 0.892680 0.467022
vt 0.893919 0.472210
vt 0.862011 0.891879
vt 0.862011 0.886922
vt 0.867624 0.888740
vt 0.894795 0.478298
vt 0.874029 0.890302
vt 0.895274 0.485050
vt 0.880978 0.891548
vt 0.895337 0.492208
vt 0.883573 0.322881
vt 0.894982 0.499496
vt 0.901017 0.478685
vt 0.901879 0.485461
vt 0.874574 0.887671
vt 0.881256 0.890207
vt 0.902072 0.492627
vt 0.884786 0.322211
vt 0.901588 0.499908
vt 0.889051 0.328077
vt 0.900445 0.507023
vt 0.893393 0.333526
vt 0.898689 0.513699
vt 0.897646 0.338348
vt 0.896385 0.519679
vt 0.896479 0.345214
vt 0.901645 0.342357
vt 0.863017 0.882061
vt 0.868415 0.884920
vt 0.899519 0.472559
vt 0.906042 0.507516
vt 0.903726 0.514142
vt 0.896426 0.330956
vt 0.901506 0.335077
vt 0.900669 0.520057
vt 0.906184 0.338512
vt 0.864992 0.877481
vt 0.869967 0.881322
vt 0.904556 0.473002
vt 0.906614 0.479178
vt 0.875642 0.885193
vt 0.907821 0.485985
vt 0.881801 0.888943
vt 0.908130 0.493161
vt 0.885851 0.321309
vt 0.907529 0.500431
vt 0.891140 0.326307
vt 0.877194 0.882962
vt 0.882592 0.887806
vt 0.912870 0.486600
vt 0.913278 0.493788
vt 0.886728 0.320209
vt 0.912579 0.501046
vt 0.892861 0.324151
vt 0.910799 0.508095
vt 0.898924 0.327825
vt 0.908006 0.514664
vt 0.904685 0.331092
vt 0.860909 0.873817
vt 0.864280 0.868971
vt 0.867859 0.873360
vt 0.909922 0.333825
vt 0.872219 0.878084
vt 0.910281 0.341128
vt 0.914434 0.335920
vt 0.911370 0.479758
vt 0.900791 0.324252
vt 0.907061 0.326544
vt 0.868570 0.864850
vt 0.871507 0.869855
vt 0.912716 0.328478
vt 0.875086 0.875331
vt 0.917538 0.329979
vt 0.879168 0.881065
vt 0.828975 0.922713
vt 0.821909 0.921005
vt 0.822440 0.916243
vt 0.829539 0.917658
vt 0.883598 0.886839
vt 0.836240 0.923339
vt 0.836815 0.918184
vt 0.887383 0.318955
vt 0.843424 0.922858
vt 0.843988 0.917802
vt 0.894146 0.321689
vt 0.850251 0.921288
vt 0.850782 0.916526
vt 0.861621 0.865086
vt 0.866388 0.860507
vt 0.830002 0.911711
vt 0.837287 0.912121
vt 0.887792 0.317593
vt 0.884782 0.886080
vt 0.844451 0.911856
vt 0.894948 0.319019
vt 0.851218 0.910925
vt 0.901954 0.320375
vt 0.856936 0.914405
vt 0.857329 0.909364
vt 0.908541 0.321609
vt 0.873615 0.861612
vt 0.875798 0.867101
vt 0.914457 0.322675
vt 0.878457 0.873167
vt 0.815790 0.913994
vt 0.816182 0.908953
vt 0.822876 0.910641
vt 0.881490 0.879575
vt 0.879221 0.859381
vt 0.880565 0.865205
vt 0.909070 0.316476
vt 0.915079 0.316639
vt 0.882202 0.871677
vt 0.816474 0.903350
vt 0.823200 0.904416
vt 0.884070 0.878549
vt 0.830346 0.905102
vt 0.886097 0.885556
vt 0.837638 0.905383
vt 0.887938 0.316177
vt 0.844795 0.905246
vt 0.895234 0.316241
vt 0.851542 0.904699
vt 0.902369 0.316342
vt 0.857620 0.903761
vt 0.887494 0.885290
vt 0.837854 0.898227
vt 0.845007 0.898229
vt 0.887815 0.314761
vt 0.894994 0.313463
vt 0.851741 0.898088
vt 0.902021 0.312309
vt 0.857800 0.897812
vt 0.908627 0.311343
vt 0.885172 0.858244
vt 0.885626 0.864238
vt 0.810426 0.901946
vt 0.810579 0.896886
vt 0.816653 0.897401
vt 0.886178 0.870917
vt 0.823399 0.897805
vt 0.886809 0.878025
vt 0.830558 0.898084
vt 0.890786 0.864238
vt 0.890233 0.870917
vt 0.816714 0.891333
vt 0.823467 0.891064
vt 0.889602 0.878025
vt 0.830629 0.890928
vt 0.888917 0.885290
vt 0.837927 0.890930
vt 0.887430 0.313399
vt 0.845078 0.891072
vt 0.894237 0.310791
vt 0.851809 0.891347
vt 0.900923 0.308430
vt 0.857860 0.891744
vt 0.907229 0.306407
vt 0.891239 0.858244
vt 0.810631 0.891726
vt 0.886795 0.312143
vt 0.892993 0.308329
vt 0.845007 0.884051
vt 0.851741 0.884734
vt 0.899116 0.304855
vt 0.857800 0.885793
vt 0.904929 0.301857
vt 0.897190 0.859381
vt 0.895846 0.865205
vt 0.810579 0.886665
vt 0.816653 0.885382
vt 0.894209 0.871677
vt 0.823399 0.884450
vt 0.892341 0.878549
vt 0.830558 0.883907
vt 0.890314 0.885556
vt 0.837854 0.883772
vt 0.816474 0.879774
vt 0.823200 0.878219
vt 0.897954 0.873167
vt 0.894921 0.879575
vt 0.830346 0.877292
vt 0.891629 0.886080
vt 0.837638 0.877028
vt 0.885936 0.311043
vt 0.844795 0.877437
vt 0.891308 0.306170
vt 0.851542 0.878503
vt 0.896671 0.301721
vt 0.857620 0.880185
vt 0.901817 0.297868
vt 0.902796 0.861612
vt 0.900613 0.867101
vt 0.810426 0.881896
vt 0.844451 0.871482
vt 0.851218 0.872894
vt 0.889249 0.304398
vt 0.893680 0.299149
vt 0.857329 0.875137
vt 0.898011 0.294594
vt 0.907841 0.864850
vt 0.904904 0.869855
vt 0.906550 0.294758
vt 0.902075 0.290908
vt 0.901325 0.875331
vt 0.816182 0.874726
vt 0.822876 0.872610
vt 0.897243 0.881065
vt 0.830002 0.871338
vt 0.892813 0.886839
vt 0.837287 0.870957
vt 0.884886 0.310140
vt 0.904192 0.878084
vt 0.899217 0.882962
vt 0.863075 0.369793
vt 0.864419 0.362680
vt 0.870025 0.363060
vt 0.869026 0.370196
vt 0.893819 0.887806
vt 0.862622 0.377074
vt 0.868689 0.377485
vt 0.883685 0.309468
vt 0.863075 0.384242
vt 0.869026 0.384646
vt 0.886893 0.303081
vt 0.864419 0.391023
vt 0.870025 0.391403
vt 0.890260 0.297237
vt 0.866602 0.397156
vt 0.871646 0.397498
vt 0.893658 0.292160
vt 0.912131 0.868971
vt 0.908552 0.873360
vt 0.866602 0.356008
vt 0.869538 0.350033
vt 0.873829 0.350324
vt 0.871646 0.356350
vt 0.884332 0.302269
vt 0.886542 0.296058
vt 0.876253 0.391665
vt 0.877252 0.397733
vt 0.888926 0.290661
vt 0.915502 0.873817
vt 0.911419 0.877481
vt 0.878596 0.350524
vt 0.877252 0.356585
vt 0.906444 0.881322
vt 0.876253 0.363322
vt 0.900769 0.885193
vt 0.875639 0.370474
vt 0.894610 0.888943
vt 0.875431 0.377768
vt 0.882380 0.309054
vt 0.875639 0.384924
vt 0.882866 0.363455
vt 0.882658 0.370616
vt 0.901837 0.887671
vt 0.895155 0.890207
vt 0.882588 0.377913
vt 0.881019 0.308914
vt 0.882658 0.385065
vt 0.881663 0.301994
vt 0.882866 0.391798
vt 0.882668 0.295659
vt 0.883203 0.397854
vt 0.883995 0.290153
vt 0.878596 0.402896
vt 0.883657 0.402998
vt 0.883657 0.350626
vt 0.883203 0.356705
vt 0.913394 0.882061
vt 0.907996 0.884920
vt 0.889608 0.391798
vt 0.889270 0.397854
vt 0.884210 0.345451
vt 0.888264 0.345451
vt 0.888817 0.350626
vt 0.888817 0.402998
vt 0.889270 0.356705
vt 0.914401 0.886922
vt 0.908787 0.888740
vt 0.889608 0.363455
vt 0.902382 0.890302
vt 0.889815 0.370616
vt 0.895433 0.891548
vt 0.889885 0.377913
vt 0.879657 0.309053
vt 0.889815 0.385065
vt 0.878990 0.302267
vt 0.878788 0.296055
vt 0.902382 0.892984
vt 0.895433 0.892916
vt 0.896835 0.370474
vt 0.897042 0.377768
vt 0.878344 0.309465
vt 0.896835 0.384924
vt 0.876416 0.303076
vt 0.896220 0.391665
vt 0.875050 0.297229
vt 0.895221 0.397733
vt 0.892240 0.345371
vt 0.893877 0.350524
vt 0.893877 0.402896
vt 0.895221 0.356585
vt 0.914401 0.891879
vt 0.908787 0.892634
vt 0.896220 0.363322
vt 0.900827 0.397498
vt 0.898645 0.402696
vt 0.898645 0.350324
vt 0.900827 0.356350
vt 0.913394 0.896740
vt 0.907996 0.896454
vt 0.902448 0.363060
vt 0.901837 0.895615
vt 0.903447 0.370196
vt 0.895155 0.894257
vt 0.903784 0.377485
vt 0.877132 0.310136
vt 0.903447 0.384646
vt 0.874038 0.304390
vt 0.902448 0.391403
vt 0.871598 0.299138
vt 0.895986 0.345214
vt 0.876067 0.311038
vt 0.894610 0.895520
vt 0.909852 0.377074
vt 0.909398 0.384242
vt 0.871949 0.306160
vt 0.908054 0.391023
vt 0.868565 0.301707
vt 0.905872 0.397156
vt 0.869905 0.294580
vt 0.866045 0.297850
vt 0.902935 0.402405
vt 0.902935 0.350033
vt 0.905872 0.356008
vt 0.911419 0.901319
vt 0.906444 0.900052
vt 0.908054 0.362680
vt 0.900769 0.898094
vt 0.909398 0.369793
vt 0.906584 0.349663
vt 0.910162 0.355572
vt 0.908552 0.905441
vt 0.904192 0.903290
vt 0.912821 0.362196
vt 0.899217 0.900324
vt 0.914459 0.369280
vt 0.893819 0.896657
vt 0.850395 0.218578
vt 0.850875 0.211302
vt 0.855941 0.211765
vt 0.855560 0.219050
vt 0.875190 0.312137
vt 0.851020 0.225751
vt 0.856085 0.226214
vt 0.870228 0.308317
vt 0.914459 0.383729
vt 0.912821 0.390540
vt 0.866067 0.304838
vt 0.910162 0.396721
vt 0.862866 0.301835
vt 0.915502 0.901848
vt 0.912131 0.906694
vt 0.861631 0.219401
vt 0.862040 0.226558
vt 0.874534 0.313392
vt 0.868943 0.310778
vt 0.857497 0.232981
vt 0.863106 0.233305
vt 0.864201 0.308411
vt 0.859740 0.239092
vt 0.864788 0.239383
vt 0.862206 0.191942
vt 0.865734 0.186858
vt 0.869107 0.187053
vt 0.866499 0.192189
vt 0.862729 0.244311
vt 0.867023 0.244559
vt 0.859329 0.197945
vt 0.864377 0.198237
vt 0.904904 0.908946
vt 0.901325 0.906044
vt 0.857214 0.204639
vt 0.862823 0.204963
vt 0.897243 0.902221
vt 0.861896 0.212109
vt 0.892813 0.897624
vt 0.900613 0.911699
vt 0.897954 0.908207
vt 0.869985 0.198416
vt 0.869054 0.205163
vt 0.894921 0.903711
vt 0.868510 0.212321
vt 0.891629 0.898384
vt 0.868376 0.219617
vt 0.874126 0.314754
vt 0.868655 0.226770
vt 0.868141 0.313449
vt 0.869337 0.233505
vt 0.863037 0.312289
vt 0.870396 0.239563
vt 0.872854 0.187173
vt 0.871268 0.192342
vt 0.871791 0.244711
vt 0.873980 0.316170
vt 0.867855 0.316227
vt 0.875675 0.226841
vt 0.875950 0.233572
vt 0.862622 0.316322
vt 0.876348 0.239623
vt 0.876831 0.187214
vt 0.876330 0.192394
vt 0.876853 0.244763
vt 0.875937 0.198477
vt 0.895846 0.913596
vt 0.894209 0.909698
vt 0.875667 0.205230
vt 0.892341 0.904738
vt 0.875531 0.212392
vt 0.890314 0.898908
vt 0.875534 0.219690
vt 0.882004 0.198416
vt 0.882409 0.205163
vt 0.890233 0.910457
vt 0.889602 0.905261
vt 0.882688 0.212321
vt 0.888917 0.899174
vt 0.882831 0.219617
vt 0.874102 0.317586
vt 0.882832 0.226770
vt 0.868095 0.319005
vt 0.882692 0.233505
vt 0.862970 0.320355
vt 0.882415 0.239563
vt 0.880885 0.187173
vt 0.881490 0.192342
vt 0.882013 0.244711
vt 0.890786 0.914563
vt 0.889850 0.226558
vt 0.889302 0.233305
vt 0.868852 0.321676
vt 0.864068 0.324233
vt 0.888364 0.239383
vt 0.884860 0.187053
vt 0.886549 0.192189
vt 0.887072 0.244559
vt 0.887953 0.198237
vt 0.885626 0.914563
vt 0.886178 0.910457
vt 0.889019 0.204963
vt 0.886809 0.905261
vt 0.889706 0.212109
vt 0.887494 0.899174
vt 0.889986 0.219401
vt 0.874488 0.318948
vt 0.882202 0.909698
vt 0.884070 0.904738
vt 0.895245 0.204639
vt 0.896315 0.211765
vt 0.886097 0.898908
vt 0.896725 0.219050
vt 0.875122 0.320203
vt 0.896459 0.226214
vt 0.870096 0.324139
vt 0.895528 0.232981
vt 0.865875 0.327808
vt 0.893967 0.239092
vt 0.888604 0.186858
vt 0.891314 0.191942
vt 0.891837 0.244311
vt 0.893556 0.197945
vt 0.880565 0.913596
vt 0.901130 0.232545
vt 0.899009 0.238699
vt 0.862622 0.331071
vt 0.868320 0.330942
vt 0.865734 0.335059
vt 0.896124 0.243977
vt 0.895601 0.191608
vt 0.898598 0.197553
vt 0.875798 0.911699
vt 0.878457 0.908207
vt 0.900846 0.204203
vt 0.881490 0.903711
vt 0.902261 0.211302
vt 0.884782 0.898384
vt 0.902788 0.218578
vt 0.875981 0.321304
vt 0.902406 0.225751
vt 0.871781 0.326298
vt 0.879168 0.902221
vt 0.883598 0.897624
vt 0.907317 0.210739
vt 0.907942 0.218003
vt 0.877031 0.322207
vt 0.856146 0.499908
vt 0.855740 0.492627
vt 0.860909 0.492208
vt 0.861216 0.499496
vt 0.873840 0.328070
vt 0.857640 0.507023
vt 0.862416 0.506635
vt 0.871311 0.333515
vt 0.860165 0.513699
vt 0.864463 0.513350
vt 0.869540 0.338333
vt 0.863624 0.519679
vt 0.867279 0.519383
vt 0.899246 0.191201
vt 0.902883 0.197075
vt 0.871507 0.908946
vt 0.875086 0.906044
vt 0.905609 0.203672
vt 0.874731 0.335427
vt 0.873893 0.340767
vt 0.869514 0.513110
vt 0.871574 0.519179
vt 0.865294 0.472210
vt 0.868336 0.467022
vt 0.872631 0.466818
vt 0.870344 0.471970
vt 0.867859 0.905441
vt 0.872219 0.903290
vt 0.862988 0.478298
vt 0.868600 0.478031
vt 0.877194 0.900324
vt 0.861508 0.485050
vt 0.867466 0.484767
vt 0.882592 0.896657
vt 0.866984 0.491919
vt 0.878232 0.322879
vt 0.867174 0.499213
vt 0.876196 0.329387
vt 0.868028 0.506368
vt 0.874130 0.524341
s 1
f 6535/5981/6535 6534/5982/6534 6073/5983/6073 6074/5984/6074
f 6057/5985/6057 6056/5986/6056 6066/5987/6066 6067/5988/6067
f 6527/5989/6527 6135/5990/6135 6060/5991/6060
f 6361/5992/6361 6535/5981/6535 6074/5984/6074
f 6058/5993/6058 6057/5985/6057 6067/5988/6067 6068/5994/6068
f 6528/5995/6528 6527/5989/6527 6060/5991/6060 6061/5996/6061
f 6531/5997/6531 6058/5993/6058 6068/5994/6068 6069/5998/6069
f 6054/5999/6054 6528/5995/6528 6061/5996/6061 6062/6000/6062
f 6059/6001/6059 6531/5997/6531 6069/5998/6069 6070/6002/6070
f 6529/6003/6529 6054/5999/6054 6062/6000/6062 6063/6004/6063
f 6532/6005/6532 6059/6001/6059 6070/6002/6070 6071/6006/6071
f 6055/6007/6055 6529/6008/6529 6063/6009/6063 6064/6010/6064
f 6533/6011/6533 6532/6005/6532 6071/6006/6071 6072/6012/6072
f 6530/6013/6530 6055/6007/6055 6064/6010/6064 6065/6014/6065
f 6534/5982/6534 6533/6015/6533 6072/6016/6072 6073/5983/6073
f 6056/5986/6056 6530/6013/6530 6065/6014/6065 6066/5987/6066
f 6073/5983/6073 6072/6016/6072 6087/6017/6087 6088/6018/6088
f 6066/5987/6066 6065/6014/6065 6080/6019/6080 6081/6020/6081
f 6074/5984/6074 6073/5983/6073 6088/6018/6088 6089/6021/6089
f 6067/5988/6067 6066/5987/6066 6081/6020/6081 6082/6022/6082
f 6060/5991/6060 6135/5990/6135 6075/6023/6075
f 6361/5992/6361 6074/5984/6074 6089/6021/6089
f 6068/5994/6068 6067/5988/6067 6082/6022/6082 6083/6024/6083
f 6061/5996/6061 6060/5991/6060 6075/6023/6075 6076/6025/6076
f 6069/5998/6069 6068/5994/6068 6083/6024/6083 6084/6026/6084
f 6062/6000/6062 6061/5996/6061 6076/6025/6076 6077/6027/6077
f 6070/6002/6070 6069/5998/6069 6084/6026/6084 6085/6028/6085
f 6063/6004/6063 6062/6000/6062 6077/6027/6077 6078/6029/6078
f 6071/6006/6071 6070/6002/6070 6085/6028/6085 6086/6030/6086
f 6064/6010/6064 6063/6009/6063 6078/6031/6078 6079/6032/6079
f 6072/6012/6072 6071/6006/6071 6086/6030/6086 6087/6033/6087
f 6065/6014/6065 6064/6010/6064 6079/6032/6079 6080/6019/6080
f 6077/6027/6077 6076/6025/6076 6091/6034/6091 6092/6035/6092
f 6085/6028/6085 6084/6026/6084 6099/6036/6099 6100/6037/6100
f 6078/6029/6078 6077/6027/6077 6092/6035/6092 6093/6038/6093
f 6086/6030/6086 6085/6028/6085 6100/6037/6100 6101/6039/6101
f 6079/6032/6079 6078/6031/6078 6093/6040/6093 6094/6041/6094
f 6087/6017/6087 6086/6042/6086 6101/6043/6101 6102/6044/6102
f 6080/6019/6080 6079/6032/6079 6094/6041/6094 6095/6045/6095
f 6088/6018/6088 6087/6017/6087 6102/6044/6102 6103/6046/6103
f 6081/6020/6081 6080/6019/6080 6095/6045/6095 6096/6047/6096
f 6089/6021/6089 6088/6018/6088 6103/6046/6103 6104/6048/6104
f 6082/6022/6082 6081/6020/6081 6096/6047/6096 6097/6049/6097
f 6075/6023/6075 6135/5990/6135 6090/6050/6090
f 6361/5992/6361 6089/6021/6089 6104/6048/6104
f 6083/6024/6083 6082/6022/6082 6097/6049/6097 6098/6051/6098
f 6076/6025/6076 6075/6023/6075 6090/6050/6090 6091/6034/6091
f 6084/6026/6084 6083/6024/6083 6098/6051/6098 6099/6036/6099
f 6096/6047/6096 6095/6045/6095 6110/6052/6110 6111/6053/6111
f 6104/6048/6104 6103/6046/6103 6118/6054/6118 6119/6055/6119
f 6097/6049/6097 6096/6047/6096 6111/6053/6111 6112/6056/6112
f 6090/6050/6090 6135/5990/6135 6105/6057/6105
f 6361/5992/6361 6104/6048/6104 6119/6055/6119
f 6098/6051/6098 6097/6049/6097 6112/6056/6112 6113/6058/6113
f 6091/6034/6091 6090/6050/6090 6105/6057/6105 6106/6059/6106
f 6099/6036/6099 6098/6051/6098 6113/6058/6113 6114/6060/6114
f 6092/6035/6092 6091/6034/6091 6106/6059/6106 6107/6061/6107
f 6100/6037/6100 6099/6036/6099 6114/6060/6114 6115/6062/6115
f 6093/6038/6093 6092/6035/6092 6107/6061/6107 6108/6063/6108
f 6101/6039/6101 6100/6037/6100 6115/6062/6115 6116/6064/6116
f 6094/6065/6094 6093/6038/6093 6108/6063/6108 6109/6066/6109
f 6102/6044/6102 6101/6043/6101 6116/6067/6116 6117/6068/6117
f 6095/6045/6095 6094/6041/6094 6109/6069/6109 6110/6052/6110
f 6103/6046/6103 6102/6044/6102 6117/6068/6117 6118/6054/6118
f 6115/6062/6115 6114/6060/6114 6129/6070/6129 6130/6071/6130
f 6108/6063/6108 6107/6061/6107 6122/6072/6122 6123/6073/6123
f 6116/6064/6116 6115/6062/6115 6130/6071/6130 6131/6074/6131
f 6109/6066/6109 6108/6063/6108 6123/6073/6123 6124/6075/6124
f 6117/6068/6117 6116/6067/6116 6131/6076/6131 6132/6077/6132
f 6110/6052/6110 6109/6069/6109 6124/6078/6124 6125/6079/6125
f 6118/6054/6118 6117/6068/6117 6132/6077/6132 6133/6080/6133
f 6111/6053/6111 6110/6052/6110 6125/6079/6125 6126/6081/6126
f 6119/6055/6119 6118/6054/6118 6133/6080/6133 6134/6082/6134
f 6112/6056/6112 6111/6053/6111 6126/6081/6126 6127/6083/6127
f 6105/6057/6105 6135/5990/6135 6120/6084/6120
f 6361/5992/6361 6119/6055/6119 6134/6082/6134
f 6113/6058/6113 6112/6056/6112 6127/6083/6127 6128/6085/6128
f 6106/6059/6106 6105/6057/6105 6120/6084/6120 6121/6086/6121
f 6114/6060/6114 6113/6058/6113 6128/6085/6128 6129/6070/6129
f 6107/6061/6107 6106/6059/6106 6121/6086/6121 6122/6072/6122
f 6134/6082/6134 6133/6080/6133 6149/6087/6149 6150/6088/6150
f 6127/6083/6127 6126/6081/6126 6142/6089/6142 6143/6090/6143
f 6120/6084/6120 6135/5990/6135 6136/6091/6136
f 6361/5992/6361 6134/6082/6134 6150/6088/6150
f 6128/6085/6128 6127/6083/6127 6143/6090/6143 6144/6092/6144
f 6121/6086/6121 6120/6084/6120 6136/6091/6136 6137/6093/6137
f 6129/6070/6129 6128/6085/6128 6144/6092/6144 6145/6094/6145
f 6122/6072/6122 6121/6086/6121 6137/6093/6137 6138/6095/6138
f 6130/6071/6130 6129/6070/6129 6145/6094/6145 6146/6096/6146
f 6123/6073/6123 6122/6072/6122 6138/6095/6138 6139/6097/6139
f 6131/6076/6131 6130/6098/6130 6146/6099/6146 6147/6100/6147
f 6124/6075/6124 6123/6073/6123 6139/6097/6139 6140/6101/6140
f 6132/6077/6132 6131/6076/6131 6147/6100/6147 6148/6102/6148
f 6125/6103/6125 6124/6075/6124 6140/6101/6140 6141/6104/6141
f 6133/6080/6133 6132/6077/6132 6148/6102/6148 6149/6087/6149
f 6126/6081/6126 6125/6079/6125 6141/6105/6141 6142/6089/6142
f 6139/6097/6139 6138/6095/6138 6153/6106/6153 6154/6107/6154
f 6147/6100/6147 6146/6099/6146 6161/6108/6161 6162/6109/6162
f 6140/6101/6140 6139/6097/6139 6154/6107/6154 6155/6110/6155
f 6148/6102/6148 6147/6100/6147 6162/6109/6162 6163/6111/6163
f 6141/6104/6141 6140/6101/6140 6155/6110/6155 6156/6112/6156
f 6149/6087/6149 6148/6102/6148 6163/6111/6163 6164/6113/6164
f 6142/6114/6142 6141/6115/6141 6156/6116/6156 6157/6117/6157
f 6150/6088/6150 6149/6087/6149 6164/6113/6164 6165/6118/6165
f 6143/6119/6143 6142/6114/6142 6157/6117/6157 6158/6120/6158
f 6136/6091/6136 6135/5990/6135 6151/6121/6151
f 6361/5992/6361 6150/6088/6150 6165/6118/6165
f 6144/6122/6144 6143/6119/6143 6158/6120/6158 6159/6123/6159
f 6137/6093/6137 6136/6091/6136 6151/6121/6151 6152/6124/6152
f 6145/6125/6145 6144/6122/6144 6159/6123/6159 6160/6126/6160
f 6138/6095/6138 6137/6093/6137 6152/6124/6152 6153/6106/6153
f 6146/6099/6146 6145/6127/6145 6160/6128/6160 6161/6108/6161
f 6158/6120/6158 6157/6117/6157 6172/6129/6172 6173/6130/6173
f 6151/6121/6151 6135/5990/6135 6166/6131/6166
f 6361/5992/6361 6165/6118/6165 6180/6132/6180
f 6159/6123/6159 6158/6120/6158 6173/6130/6173 6174/6133/6174
f 6152/6124/6152 6151/6121/6151 6166/6131/6166 6167/6134/6167
f 6160/6126/6160 6159/6123/6159 6174/6133/6174 6175/6135/6175
f 6153/6106/6153 6152/6124/6152 6167/6134/6167 6168/6136/6168
f 6161/6137/6161 6160/6126/6160 6175/6135/6175 6176/6138/6176
f 6154/6107/6154 6153/6106/6153 6168/6136/6168 6169/6139/6169
f 6162/6109/6162 6161/6108/6161 6176/6140/6176 6177/6141/6177
f 6155/6110/6155 6154/6107/6154 6169/6139/6169 6170/6142/6170
f 6163/6111/6163 6162/6109/6162 6177/6141/6177 6178/6143/6178
f 6156/6116/6156 6155/6144/6155 6170/6145/6170 6171/6146/6171
f 6164/6113/6164 6163/6111/6163 6178/6143/6178 6179/6147/6179
f 6157/6117/6157 6156/6116/6156 6171/6146/6171 6172/6129/6172
f 6165/6118/6165 6164/6113/6164 6179/6147/6179 6180/6132/6180
f 6177/6141/6177 6176/6140/6176 6191/6148/6191 6192/6149/6192
f 6170/6142/6170 6169/6139/6169 6184/6150/6184 6185/6151/6185
f 6178/6143/6178 6177/6141/6177 6192/6149/6192 6193/6152/6193
f 6171/6146/6171 6170/6145/6170 6185/6153/6185 6186/6154/6186
f 6179/6147/6179 6178/6143/6178 6193/6152/6193 6194/6155/6194
f 6172/6129/6172 6171/6146/6171 6186/6154/6186 6187/6156/6187
f 6180/6132/6180 6179/6147/6179 6194/6155/6194 6195/6157/6195
f 6173/6130/6173 6172/6129/6172 6187/6156/6187 6188/6158/6188
f 6166/6131/6166 6135/5990/6135 6181/6159/6181
f 6361/5992/6361 6180/6132/6180 6195/6157/6195
f 6174/6133/6174 6173/6130/6173 6188/6158/6188 6189/6160/6189
f 6167/6134/6167 6166/6131/6166 6181/6159/6181 6182/6161/6182
f 6175/6135/6175 6174/6133/6174 6189/6160/6189 6190/6162/6190
f 6168/6136/6168 6167/6134/6167 6182/6161/6182 6183/6163/6183
f 6176/6138/6176 6175/6135/6175 6190/6162/6190 6191/6164/6191
f 6169/6139/6169 6168/6136/6168 6183/6163/6183 6184/6150/6184
f 6361/5992/6361 6195/6157/6195 6210/6165/6210
f 6189/6160/6189 6188/6158/6188 6203/6166/6203 6204/6167/6204
f 6182/6161/6182 6181/6159/6181 6196/6168/6196 6197/6169/6197
f 6190/6162/6190 6189/6160/6189 6204/6167/6204 6205/6170/6205
f 6183/6163/6183 6182/6161/6182 6197/6169/6197 6198/6171/6198
f 6191/6164/6191 6190/6162/6190 6205/6170/6205 6206/6172/6206
f 6184/6150/6184 6183/6163/6183 6198/6171/6198 6199/6173/6199
f 6192/6149/6192 6191/6148/6191 6206/6174/6206 6207/6175/6207
f 6185/6153/6185 6184/6176/6184 6199/6177/6199 6200/6178/6200
f 6193/6152/6193 6192/6149/6192 6207/6175/6207 6208/6179/6208
f 6186/6154/6186 6185/6153/6185 6200/6178/6200 6201/6180/6201
f 6194/6155/6194 6193/6152/6193 6208/6179/6208 6209/6181/6209
f 6187/6156/6187 6186/6154/6186 6201/6180/6201 6202/6182/6202
f 6195/6157/6195 6194/6155/6194 6209/6181/6209 6210/6165/6210
f 6188/6158/6188 6187/6156/6187 6202/6182/6202 6203/6166/6203
f 6181/6159/6181 6135/5990/6135 6196/6168/6196
f 6208/6179/6208 6207/6175/6207 6222/6183/6222 6223/6184/6223
f 6201/6180/6201 6200/6178/6200 6215/6185/6215 6216/6186/6216
f 6209/6181/6209 6208/6179/6208 6223/6184/6223 6224/6187/6224
f 6202/6182/6202 6201/6180/6201 6216/6186/6216 6217/6188/6217
f 6210/6165/6210 6209/6181/6209 6224/6187/6224 6225/6189/6225
f 6203/6166/6203 6202/6182/6202 6217/6188/6217 6218/6190/6218
f 6196/6168/6196 6135/5990/6135 6211/6191/6211
f 6361/5992/6361 6210/6165/6210 6225/6189/6225
f 6204/6167/6204 6203/6166/6203 6218/6190/6218 6219/6192/6219
f 6197/6169/6197 6196/6168/6196 6211/6191/6211 6212/6193/6212
f 6205/6170/6205 6204/6167/6204 6219/6192/6219 6220/6194/6220
f 6198/6171/6198 6197/6169/6197 6212/6193/6212 6213/6195/6213
f 6206/6172/6206 6205/6170/6205 6220/6194/6220 6221/6196/6221
f 6199/6173/6199 6198/6171/6198 6213/6195/6213 6214/6197/6214
f 6207/6175/6207 6206/6174/6206 6221/6198/6221 6222/6183/6222
f 6200/6178/6200 6199/6177/6199 6214/6199/6214 6215/6185/6215
f 6212/6193/6212 6211/6191/6211 6226/6200/6226 6227/6201/6227
f 6220/6194/6220 6219/6192/6219 6234/6202/6234 6235/6203/6235
f 6213/6195/6213 6212/6193/6212 6227/6201/6227 6228/6204/6228
f 6221/6196/6221 6220/6194/6220 6235/6203/6235 6236/6205/6236
f 6214/6197/6214 6213/6195/6213 6228/6204/6228 6229/6206/6229
f 6222/6183/6222 6221/6198/6221 6236/6207/6236 6237/6208/6237
f 6215/6185/6215 6214/6199/6214 6229/6209/6229 6230/6210/6230
f 6223/6184/6223 6222/6183/6222 6237/6208/6237 6238/6211/6238
f 6216/6186/6216 6215/6185/6215 6230/6210/6230 6231/6212/6231
f 6224/6187/6224 6223/6184/6223 6238/6211/6238 6239/6213/6239
f 6217/6188/6217 6216/6186/6216 6231/6212/6231 6232/6214/6232
f 6225/6189/6225 6224/6187/6224 6239/6213/6239 6240/6215/6240
f 6218/6190/6218 6217/6188/6217 6232/6214/6232 6233/6216/6233
f 6211/6191/6211 6135/5990/6135 6226/6200/6226
f 6361/5992/6361 6225/6189/6225 6240/6215/6240
f 6219/6192/6219 6218/6190/6218 6233/6216/6233 6234/6202/6234
f 6231/6212/6231 6230/6210/6230 6245/6217/6245 6246/6218/6246
f 6239/6213/6239 6238/6211/6238 6253/6219/6253 6254/6220/6254
f 6232/6214/6232 6231/6212/6231 6246/6218/6246 6247/6221/6247
f 6240/6215/6240 6239/6213/6239 6254/6220/6254 6255/6222/6255
f 6233/6216/6233 6232/6214/6232 6247/6221/6247 6248/6223/6248
f 6226/6200/6226 6135/5990/6135 6241/6224/6241
f 6361/5992/6361 6240/6215/6240 6255/6222/6255
f 6234/6202/6234 6233/6216/6233 6248/6223/6248 6249/6225/6249
f 6227/6201/6227 6226/6200/6226 6241/6224/6241 6242/6226/6242
f 6235/6203/6235 6234/6202/6234 6249/6225/6249 6250/6227/6250
f 6228/6204/6228 6227/6201/6227 6242/6226/6242 6243/6228/6243
f 6236/6205/6236 6235/6203/6235 6250/6227/6250 6251/6229/6251
f 6229/6206/6229 6228/6204/6228 6243/6228/6243 6244/6230/6244
f 6237/6208/6237 6236/6207/6236 6251/6231/6251 6252/6232/6252
f 6230/6210/6230 6229/6209/6229 6244/6233/6244 6245/6217/6245
f 6238/6211/6238 6237/6208/6237 6252/6232/6252 6253/6219/6253
f 6250/6227/6250 6249/6225/6249 6264/6234/6264 6265/6235/6265
f 6243/6228/6243 6242/6226/6242 6257/6236/6257 6258/6237/6258
f 6251/6229/6251 6250/6227/6250 6265/6235/6265 6266/6238/6266
f 6244/6230/6244 6243/6228/6243 6258/6237/6258 6259/6239/6259
f 6252/6232/6252 6251/6231/6251 6266/6240/6266 6267/6241/6267
f 6245/6242/6245 6244/6230/6244 6259/6239/6259 6260/6243/6260
f 6253/6219/6253 6252/6232/6252 6267/6241/6267 6268/6244/6268
f 6246/6218/6246 6245/6217/6245 6260/6245/6260 6261/6246/6261
f 6254/6220/6254 6253/6219/6253 6268/6244/6268 6269/6247/6269
f 6247/6221/6247 6246/6218/6246 6261/6246/6261 6262/6248/6262
f 6255/6222/6255 6254/6220/6254 6269/6247/6269 6270/6249/6270
f 6248/6223/6248 6247/6221/6247 6262/6248/6262 6263/6250/6263
f 6241/6224/6241 6135/5990/6135 6256/6251/6256
f 6361/5992/6361 6255/6222/6255 6270/6249/6270
f 6249/6225/6249 6248/6223/6248 6263/6250/6263 6264/6234/6264
f 6242/6226/6242 6241/6224/6241 6256/6251/6256 6257/6236/6257
f 6269/6247/6269 6268/6244/6268 6283/6252/6283 6284/6253/6284
f 6262/6254/6262 6261/6255/6261 6276/6256/6276 6277/6257/6277
f 6270/6249/6270 6269/6247/6269 6284/6253/6284 6285/6258/6285
f 6263/6259/6263 6262/6254/6262 6277/6257/6277 6278/6260/6278
f 6256/6251/6256 6135/5990/6135 6271/6261/6271
f 6361/5992/6361 6270/6249/6270 6285/6258/6285
f 6264/6262/6264 6263/6259/6263 6278/6260/6278 6279/6263/6279
f 6257/6236/6257 6256/6251/6256 6271/6261/6271 6272/6264/6272
f 6265/6265/6265 6264/6262/6264 6279/6263/6279 6280/6266/6280
f 6258/6237/6258 6257/6236/6257 6272/6264/6272 6273/6267/6273
f 6266/6268/6266 6265/6265/6265 6280/6266/6280 6281/6269/6281
f 6259/6239/6259 6258/6237/6258 6273/6267/6273 6274/6270/6274
f 6267/6241/6267 6266/6240/6266 6281/6271/6281 6282/6272/6282
f 6260/6273/6260 6259/6274/6259 6274/6275/6274 6275/6276/6275
f 6268/6244/6268 6267/6241/6267 6282/6272/6282 6283/6252/6283
f 6261/6255/6261 6260/6273/6260 6275/6276/6275 6276/6256/6276
f 6273/6267/6273 6272/6264/6272 6287/6277/6287 6288/6278/6288
f 6281/6269/6281 6280/6266/6280 6295/6279/6295 6296/6280/6296
f 6274/6270/6274 6273/6267/6273 6288/6278/6288 6289/6281/6289
f 6282/6272/6282 6281/6271/6281 6296/6282/6296 6297/6283/6297
f 6275/6276/6275 6274/6275/6274 6289/6284/6289 6290/6285/6290
f 6283/6252/6283 6282/6272/6282 6297/6283/6297 6298/6286/6298
f 6276/6256/6276 6275/6276/6275 6290/6285/6290 6291/6287/6291
f 6284/6253/6284 6283/6252/6283 6298/6286/6298 6299/6288/6299
f 6277/6257/6277 6276/6256/6276 6291/6287/6291 6292/6289/6292
f 6285/6258/6285 6284/6253/6284 6299/6288/6299 6300/6290/6300
f 6278/6260/6278 6277/6257/6277 6292/6289/6292 6293/6291/6293
f 6271/6261/6271 6135/5990/6135 6286/6292/6286
f 6361/5992/6361 6285/6258/6285 6300/6290/6300
f 6279/6263/6279 6278/6260/6278 6293/6291/6293 6294/6293/6294
f 6272/6264/6272 6271/6261/6271 6286/6292/6286 6287/6277/6287
f 6280/6266/6280 6279/6263/6279 6294/6293/6294 6295/6279/6295
f 6292/6289/6292 6291/6287/6291 6306/6294/6306 6307/6295/6307
f 6300/6290/6300 6299/6288/6299 6314/6296/6314 6315/6297/6315
f 6293/6291/6293 6292/6289/6292 6307/6295/6307 6308/6298/6308
f 6286/6292/6286 6135/5990/6135 6301/6299/6301
f 6361/5992/6361 6300/6290/6300 6315/6297/6315
f 6294/6293/6294 6293/6291/6293 6308/6298/6308 6309/6300/6309
f 6287/6277/6287 6286/6292/6286 6301/6299/6301 6302/6301/6302
f 6295/6279/6295 6294/6293/6294 6309/6300/6309 6310/6302/6310
f 6288/6278/6288 6287/6277/6287 6302/6301/6302 6303/6303/6303
f 6296/6280/6296 6295/6279/6295 6310/6302/6310 6311/6304/6311
f 6289/6281/6289 6288/6278/6288 6303/6303/6303 6304/6305/6304
f 6297/6306/6297 6296/6280/6296 6311/6304/6311 6312/6307/6312
f 6290/6285/6290 6289/6284/6289 6304/6308/6304 6305/6309/6305
f 6298/6286/6298 6297/6283/6297 6312/6310/6312 6313/6311/6313
f 6291/6287/6291 6290/6285/6290 6305/6309/6305 6306/6294/6306
f 6299/6288/6299 6298/6286/6298 6313/6311/6313 6314/6296/6314
f 6311/6304/6311 6310/6302/6310 6325/6312/6325 6326/6313/6326
f 6304/6308/6304 6303/6314/6303 6318/6315/6318 6319/6316/6319
f 6312/6307/6312 6311/6304/6311 6326/6313/6326 6327/6317/6327
f 6305/6309/6305 6304/6308/6304 6319/6316/6319 6320/6318/6320
f 6313/6311/6313 6312/6310/6312 6327/6319/6327 6328/6320/6328
f 6306/6294/6306 6305/6309/6305 6320/6318/6320 6321/6321/6321
f 6314/6296/6314 6313/6311/6313 6328/6320/6328 6329/6322/6329
f 6307/6295/6307 6306/6294/6306 6321/6321/6321 6322/6323/6322
f 6315/6297/6315 6314/6296/6314 6329/6322/6329 6330/6324/6330
f 6308/6298/6308 6307/6295/6307 6322/6323/6322 6323/6325/6323
f 6301/6299/6301 6135/5990/6135 6316/6326/6316
f 6361/5992/6361 6315/6297/6315 6330/6324/6330
f 6309/6300/6309 6308/6298/6308 6323/6325/6323 6324/6327/6324
f 6302/6301/6302 6301/6299/6301 6316/6326/6316 6317/6328/6317
f 6310/6302/6310 6309/6300/6309 6324/6327/6324 6325/6312/6325
f 6303/6303/6303 6302/6301/6302 6317/6328/6317 6318/6329/6318
f 6330/6324/6330 6329/6322/6329 6344/6330/6344 6345/6331/6345
f 6323/6325/6323 6322/6323/6322 6337/6332/6337 6338/6333/6338
f 6316/6326/6316 6135/5990/6135 6331/6334/6331
f 6361/5992/6361 6330/6324/6330 6345/6331/6345
f 6324/6327/6324 6323/6325/6323 6338/6333/6338 6339/6335/6339
f 6317/6328/6317 6316/6326/6316 6331/6334/6331 6332/6336/6332
f 6325/6312/6325 6324/6327/6324 6339/6335/6339 6340/6337/6340
f 6318/6329/6318 6317/6328/6317 6332/6336/6332 6333/6338/6333
f 6326/6313/6326 6325/6312/6325 6340/6337/6340 6341/6339/6341
f 6319/6316/6319 6318/6315/6318 6333/6340/6333 6334/6341/6334
f 6327/6317/6327 6326/6313/6326 6341/6339/6341 6342/6342/6342
f 6320/6318/6320 6319/6316/6319 6334/6341/6334 6335/6343/6335
f 6328/6320/6328 6327/6319/6327 6342/6344/6342 6343/6345/6343
f 6321/6321/6321 6320/6318/6320 6335/6343/6335 6336/6346/6336
f 6329/6322/6329 6328/6320/6328 6343/6345/6343 6344/6330/6344
f 6322/6323/6322 6321/6321/6321 6336/6346/6336 6337/6332/6337
f 6342/6342/6342 6341/6339/6341 6356/6347/6356 6357/6348/6357
f 6335/6343/6335 6334/6341/6334 6349/6349/6349 6350/6350/6350
f 6343/6345/6343 6342/6344/6342 6357/6351/6357 6358/6352/6358
f 6336/6346/6336 6335/6343/6335 6350/6350/6350 6351/6353/6351
f 6344/6330/6344 6343/6345/6343 6358/6352/6358 6359/6354/6359
f 6337/6332/6337 6336/6346/6336 6351/6353/6351 6352/6355/6352
f 6345/6331/6345 6344/6330/6344 6359/6354/6359 6360/6356/6360
f 6338/6333/6338 6337/6332/6337 6352/6355/6352 6353/6357/6353
f 6331/6334/6331 6135/5990/6135 6346/6358/6346
f 6361/5992/6361 6345/6331/6345 6360/6356/6360
f 6339/6335/6339 6338/6333/6338 6353/6357/6353 6354/6359/6354
f 6332/6336/6332 6331/6334/6331 6346/6358/6346 6347/6360/6347
f 6340/6337/6340 6339/6335/6339 6354/6359/6354 6355/6361/6355
f 6333/6338/6333 6332/6336/6332 6347/6360/6347 6348/6362/6348
f 6341/6339/6341 6340/6337/6340 6355/6361/6355 6356/6347/6356
f 6334/6341/6334 6333/6340/6333 6348/6363/6348 6349/6349/6349
f 6346/6358/6346 6135/5990/6135 6362/6364/6362
f 6361/5992/6361 6360/6356/6360 6376/6365/6376
f 6354/6359/6354 6353/6357/6353 6369/6366/6369 6370/6367/6370
f 6347/6360/6347 6346/6358/6346 6362/6364/6362 6363/6368/6363
f 6355/6361/6355 6354/6359/6354 6370/6367/6370 6371/6369/6371
f 6348/6362/6348 6347/6360/6347 6363/6368/6363 6364/6370/6364
f 6356/6347/6356 6355/6361/6355 6371/6369/6371 6372/6371/6372
f 6349/6372/6349 6348/6362/6348 6364/6370/6364 6365/6373/6365
f 6357/6348/6357 6356/6347/6356 6372/6371/6372 6373/6374/6373
f 6350/6350/6350 6349/6349/6349 6365/6375/6365 6366/6376/6366
f 6358/6352/6358 6357/6351/6357 6373/6377/6373 6374/6378/6374
f 6351/6353/6351 6350/6350/6350 6366/6376/6366 6367/6379/6367
f 6359/6354/6359 6358/6352/6358 6374/6378/6374 6375/6380/6375
f 6352/6355/6352 6351/6353/6351 6367/6379/6367 6368/6381/6368
f 6360/6356/6360 6359/6354/6359 6375/6380/6375 6376/6365/6376
f 6353/6357/6353 6352/6355/6352 6368/6381/6368 6369/6366/6369
f 6366/6376/6366 6365/6375/6365 6380/6382/6380 6381/6383/6381
f 6374/6378/6374 6373/6377/6373 6388/6384/6388 6389/6385/6389
f 6367/6379/6367 6366/6376/6366 6381/6383/6381 6382/6386/6382
f 6375/6380/6375 6374/6378/6374 6389/6385/6389 6390/6387/6390
f 6368/6381/6368 6367/6379/6367 6382/6386/6382 6383/6388/6383
f 6376/6365/6376 6375/6380/6375 6390/6387/6390 6391/6389/6391
f 6369/6390/6369 6368/6391/6368 6383/6392/6383 6384/6393/6384
f 6362/6364/6362 6135/5990/6135 6377/6394/6377
f 6361/5992/6361 6376/6365/6376 6391/6389/6391
f 6370/6395/6370 6369/6390/6369 6384/6393/6384 6385/6396/6385
f 6363/6368/6363 6362/6364/6362 6377/6394/6377 6378/6397/6378
f 6371/6369/6371 6370/6367/6370 6385/6398/6385 6386/6399/6386
f 6364/6370/6364 6363/6368/6363 6378/6397/6378 6379/6400/6379
f 6372/6371/6372 6371/6369/6371 6386/6399/6386 6387/6401/6387
f 6365/6373/6365 6364/6370/6364 6379/6400/6379 6380/6402/6380
f 6373/6377/6373 6372/6403/6372 6387/6404/6387 6388/6384/6388
f 6385/6396/6385 6384/6393/6384 6399/6405/6399 6400/6406/6400
f 6378/6397/6378 6377/6394/6377 6392/6407/6392 6393/6408/6393
f 6386/6409/6386 6385/6396/6385 6400/6406/6400 6401/6410/6401
f 6379/6400/6379 6378/6397/6378 6393/6408/6393 6394/6411/6394
f 6387/6412/6387 6386/6409/6386 6401/6410/6401 6402/6413/6402
f 6380/6414/6380 6379/6415/6379 6394/6416/6394 6395/6417/6395
f 6388/6418/6388 6387/6412/6387 6402/6413/6402 6403/6419/6403
f 6381/6420/6381 6380/6414/6380 6395/6417/6395 6396/6421/6396
f 6389/6385/6389 6388/6384/6388 6403/6422/6403 6404/6423/6404
f 6382/6424/6382 6381/6420/6381 6396/6421/6396 6397/6425/6397
f 6390/6387/6390 6389/6385/6389 6404/6423/6404 6405/6426/6405
f 6383/6392/6383 6382/6424/6382 6397/6425/6397 6398/6427/6398
f 6391/6389/6391 6390/6387/6390 6405/6426/6405 6406/6428/6406
f 6384/6393/6384 6383/6392/6383 6398/6427/6398 6399/6405/6399
f 6377/6394/6377 6135/5990/6135 6392/6407/6392
f 6361/5992/6361 6391/6389/6391 6406/6428/6406
f 6404/6423/6404 6403/6422/6403 6418/6429/6418 6419/6430/6419
f 6397/6425/6397 6396/6421/6396 6411/6431/6411 6412/6432/6412
f 6405/6426/6405 6404/6423/6404 6419/6430/6419 6420/6433/6420
f 6398/6427/6398 6397/6425/6397 6412/6432/6412 6413/6434/6413
f 6406/6428/6406 6405/6426/6405 6420/6433/6420 6421/6435/6421
f 6399/6405/6399 6398/6427/6398 6413/6434/6413 6414/6436/6414
f 6392/6407/6392 6135/5990/6135 6407/6437/6407
f 6361/5992/6361 6406/6428/6406 6421/6435/6421
f 6400/6406/6400 6399/6405/6399 6414/6436/6414 6415/6438/6415
f 6393/6408/6393 6392/6407/6392 6407/6437/6407 6408/6439/6408
f 6401/6410/6401 6400/6406/6400 6415/6438/6415 6416/6440/6416
f 6394/6411/6394 6393/6408/6393 6408/6439/6408 6409/6441/6409
f 6402/6413/6402 6401/6410/6401 6416/6440/6416 6417/6442/6417
f 6395/6417/6395 6394/6416/6394 6409/6443/6409 6410/6444/6410
f 6403/6419/6403 6402/6413/6402 6417/6442/6417 6418/6445/6418
f 6396/6421/6396 6395/6417/6395 6410/6444/6410 6411/6431/6411
f 6408/6439/6408 6407/6437/6407 6422/6446/6422 6423/6447/6423
f 6416/6440/6416 6415/6438/6415 6430/6448/6430 6431/6449/6431
f 6409/6441/6409 6408/6439/6408 6423/6447/6423 6424/6450/6424
f 6417/6442/6417 6416/6440/6416 6431/6449/6431 6432/6451/6432
f 6410/6444/6410 6409/6443/6409 6424/6452/6424 6425/6453/6425
f 6418/6445/6418 6417/6442/6417 6432/6451/6432 6433/6454/6433
f 6411/6431/6411 6410/6444/6410 6425/6453/6425 6426/6455/6426
f 6419/6430/6419 6418/6429/6418 6433/6456/6433 6434/6457/6434
f 6412/6432/6412 6411/6431/6411 6426/6455/6426 6427/6458/6427
f 6420/6433/6420 6419/6430/6419 6434/6457/6434 6435/6459/6435
f 6413/6434/6413 6412/6432/6412 6427/6458/6427 6428/6460/6428
f 6421/6435/6421 6420/6433/6420 6435/6459/6435 6436/6461/6436
f 6414/6436/6414 6413/6434/6413 6428/6460/6428 6429/6462/6429
f 6407/6437/6407 6135/5990/6135 6422/6446/6422
f 6361/5992/6361 6421/6435/6421 6436/6461/6436
f 6415/6438/6415 6414/6436/6414 6429/6462/6429 6430/6448/6430
f 6427/6458/6427 6426/6455/6426 6441/6463/6441 6442/6464/6442
f 6435/6459/6435 6434/6457/6434 6449/6465/6449 6450/6466/6450
f 6428/6460/6428 6427/6458/6427 6442/6464/6442 6443/6467/6443
f 6436/6461/6436 6435/6459/6435 6450/6466/6450 6451/6468/6451
f 6429/6462/6429 6428/6460/6428 6443/6467/6443 6444/6469/6444
f 6422/6446/6422 6135/5990/6135 6437/6470/6437
f 6361/5992/6361 6436/6461/6436 6451/6468/6451
f 6430/6448/6430 6429/6462/6429 6444/6469/6444 6445/6471/6445
f 6423/6447/6423 6422/6446/6422 6437/6470/6437 6438/6472/6438
f 6431/6449/6431 6430/6448/6430 6445/6471/6445 6446/6473/6446
f 6424/6450/6424 6423/6447/6423 6438/6472/6438 6439/6474/6439
f 6432/6451/6432 6431/6449/6431 6446/6473/6446 6447/6475/6447
f 6425/6453/6425 6424/6452/6424 6439/6476/6439 6440/6477/6440
f 6433/6454/6433 6432/6451/6432 6447/6475/6447 6448/6478/6448
f 6426/6455/6426 6425/6453/6425 6440/6477/6440 6441/6463/6441
f 6434/6457/6434 6433/6456/6433 6448/6479/6448 6449/6465/6449
f 6446/6473/6446 6445/6471/6445 6460/6480/6460 6461/6481/6461
f 6439/6474/6439 6438/6472/6438 6453/6482/6453 6454/6483/6454
f 6447/6475/6447 6446/6473/6446 6461/6481/6461 6462/6484/6462
f 6440/6477/6440 6439/6476/6439 6454/6485/6454 6455/6486/6455
f 6448/6478/6448 6447/6475/6447 6462/6484/6462 6463/6487/6463
f 6441/6463/6441 6440/6477/6440 6455/6486/6455 6456/6488/6456
f 6449/6465/6449 6448/6479/6448 6463/6489/6463 6464/6490/6464
f 6442/6464/6442 6441/6463/6441 6456/6488/6456 6457/6491/6457
f 6450/6466/6450 6449/6465/6449 6464/6490/6464 6465/6492/6465
f 6443/6467/6443 6442/6464/6442 6457/6491/6457 6458/6493/6458
f 6451/6468/6451 6450/6466/6450 6465/6492/6465 6466/6494/6466
f 6444/6469/6444 6443/6467/6443 6458/6493/6458 6459/6495/6459
f 6437/6470/6437 6135/5990/6135 6452/6496/6452
f 6361/5992/6361 6451/6468/6451 6466/6494/6466
f 6445/6471/6445 6444/6469/6444 6459/6495/6459 6460/6480/6460
f 6438/6472/6438 6437/6470/6437 6452/6496/6452 6453/6482/6453
f 6465/6492/6465 6464/6490/6464 6479/6497/6479 6480/6498/6480
f 6458/6493/6458 6457/6491/6457 6472/6499/6472 6473/6500/6473
f 6466/6494/6466 6465/6492/6465 6480/6498/6480 6481/6501/6481
f 6459/6495/6459 6458/6493/6458 6473/6500/6473 6474/6502/6474
f 6452/6496/6452 6135/5990/6135 6467/6503/6467
f 6361/5992/6361 6466/6494/6466 6481/6501/6481
f 6460/6480/6460 6459/6495/6459 6474/6502/6474 6475/6504/6475
f 6453/6482/6453 6452/6496/6452 6467/6503/6467 6468/6505/6468
f 6461/6481/6461 6460/6480/6460 6475/6504/6475 6476/6506/6476
f 6454/6483/6454 6453/6482/6453 6468/6505/6468 6469/6507/6469
f 6462/6484/6462 6461/6481/6461 6476/6506/6476 6477/6508/6477
f 6455/6486/6455 6454/6485/6454 6469/6509/6469 6470/6510/6470
f 6463/6487/6463 6462/6484/6462 6477/6508/6477 6478/6511/6478
f 6456/6488/6456 6455/6486/6455 6470/6510/6470 6471/6512/6471
f 6464/6490/6464 6463/6489/6463 6478/6513/6478 6479/6497/6479
f 6457/6491/6457 6456/6488/6456 6471/6512/6471 6472/6499/6472
f 6477/6508/6477 6476/6506/6476 6491/6514/6491 6492/6515/6492
f 6470/6516/6470 6469/6507/6469 6484/6517/6484 6485/6518/6485
f 6478/6511/6478 6477/6508/6477 6492/6515/6492 6493/6519/6493
f 6471/6512/6471 6470/6510/6470 6485/6520/6485 6486/6521/6486
f 6479/6497/6479 6478/6513/6478 6493/6522/6493 6494/6523/6494
f 6472/6499/6472 6471/6512/6471 6486/6521/6486 6487/6524/6487
f 6480/6498/6480 6479/6497/6479 6494/6523/6494 6495/6525/6495
f 6473/6500/6473 6472/6499/6472 6487/6524/6487 6488/6526/6488
f 6481/6501/6481 6480/6498/6480 6495/6525/6495 6496/6527/6496
f 6474/6502/6474 6473/6500/6473 6488/6526/6488 6489/6528/6489
f 6467/6503/6467 6135/5990/6135 6482/6529/6482
f 6361/5992/6361 6481/6501/6481 6496/6527/6496
f 6475/6504/6475 6474/6502/6474 6489/6528/6489 6490/6530/6490
f 6468/6505/6468 6467/6503/6467 6482/6529/6482 6483/6531/6483
f 6476/6506/6476 6475/6504/6475 6490/6530/6490 6491/6514/6491
f 6469/6507/6469 6468/6505/6468 6483/6531/6483 6484/6517/6484
f 6496/6527/6496 6495/6525/6495 6510/6532/6510 6511/6533/6511
f 6489/6528/6489 6488/6526/6488 6503/6534/6503 6504/6535/6504
f 6482/6529/6482 6135/5990/6135 6497/6536/6497
f 6361/5992/6361 6496/6527/6496 6511/6533/6511
f 6490/6537/6490 6489/6538/6489 6504/6539/6504 6505/6540/6505
f 6483/6531/6483 6482/6529/6482 6497/6536/6497 6498/6541/6498
f 6491/6542/6491 6490/6537/6490 6505/6540/6505 6506/6543/6506
f 6484/6517/6484 6483/6531/6483 6498/6541/6498 6499/6544/6499
f 6492/6545/6492 6491/6542/6491 6506/6543/6506 6507/6546/6507
f 6485/6518/6485 6484/6517/6484 6499/6544/6499 6500/6547/6500
f 6493/6548/6493 6492/6545/6492 6507/6546/6507 6508/6549/6508
f 6486/6521/6486 6485/6520/6485 6500/6550/6500 6501/6551/6501
f 6494/6523/6494 6493/6522/6493 6508/6552/6508 6509/6553/6509
f 6487/6524/6487 6486/6521/6486 6501/6551/6501 6502/6554/6502
f 6495/6525/6495 6494/6523/6494 6509/6553/6509 6510/6532/6510
f 6488/6526/6488 6487/6524/6487 6502/6554/6502 6503/6534/6503
f 6500/6547/6500 6499/6544/6499 6514/6555/6514 6515/6556/6515
f 6508/6549/6508 6507/6546/6507 6522/6557/6522 6523/6558/6523
f 6501/6559/6501 6500/6560/6500 6515/6561/6515 6516/6562/6516
f 6509/6553/6509 6508/6552/6508 6523/6563/6523 6524/6564/6524
f 6502/6565/6502 6501/6559/6501 6516/6562/6516 6517/6566/6517
f 6510/6532/6510 6509/6553/6509 6524/6564/6524 6525/6567/6525
f 6503/6568/6503 6502/6565/6502 6517/6566/6517 6518/6569/6518
f 6511/6533/6511 6510/6532/6510 6525/6567/6525 6526/6570/6526
f 6504/6539/6504 6503/6568/6503 6518/6569/6518 6519/6571/6519
f 6497/6536/6497 6135/5990/6135 6512/6572/6512
f 6361/5992/6361 6511/6533/6511 6526/6570/6526
f 6505/6540/6505 6504/6539/6504 6519/6571/6519 6520/6573/6520
f 6498/6541/6498 6497/6536/6497 6512/6572/6512 6513/6574/6513
f 6506/6543/6506 6505/6540/6505 6520/6573/6520 6521/6575/6521
f 6499/6544/6499 6498/6541/6498 6513/6574/6513 6514/6555/6514
f 6507/6546/6507 6506/6543/6506 6521/6575/6521 6522/6557/6522
f 6519/6571/6519 6518/6569/6518 6056/5986/6056 6057/5985/6057
f 6512/6572/6512 6135/5990/6135 6527/5989/6527
f 6361/5992/6361 6526/6570/6526 6535/5981/6535
f 6520/6573/6520 6519/6571/6519 6057/5985/6057 6058/5993/6058
f 6513/6574/6513 6512/6572/6512 6527/5989/6527 6528/5995/6528
f 6521/6575/6521 6520/6573/6520 6058/5993/6058 6531/5997/6531
f 6514/6555/6514 6513/6574/6513 6528/5995/6528 6054/5999/6054
f 6522/6557/6522 6521/6575/6521 6531/5997/6531 6059/6001/6059
f 6515/6556/6515 6514/6555/6514 6054/5999/6054 6529/6003/6529
f 6523/6558/6523 6522/6557/6522 6059/6001/6059 6532/6005/6532
f 6516/6562/6516 6515/6561/6515 6529/6008/6529 6055/6007/6055
f 6524/6576/6524 6523/6558/6523 6532/6005/6532 6533/6011/6533
f 6517/6566/6517 6516/6562/6516 6055/6007/6055 6530/6013/6530
f 6525/6567/6525 6524/6564/6524 6533/6015/6533 6534/5982/6534
f 6518/6569/6518 6517/6566/6517 6530/6013/6530 6056/5986/6056
f 6526/6570/6526 6525/6567/6525 6534/5982/6534 6535/5981/6535
